BEGIN	range/0/8/1/valid
OBS	[0, 0, 0, 0, 0, 0, 0, 0, 0, 0, 0, 0, 0, 0, 0, 0, 0, 0, 0, 0, 0, 0, 0, 0, 0, 0, 0, 0, 0, 0, 0, 0]	[0, 0, 0, 0, 0, 0, 0, 0, 0, 0, 0, 0, 0, 0, 0, 0, 0, 0, 0, 0, 0, 0, 0, 0, 0, 0, 0, 0, 0, 0, 0, 0]	[38, 138, 198, 134, 119, 135, 26, 209, 241, 151, 148, 27, 79, 98, 144, 93, 234, 143, 53, 86, 73, 15, 128, 187, 115, 183, 175, 66, 171, 49, 88, 5]	[0, 0, 0, 0, 0, 0, 0, 0, 0, 0, 0, 0, 0, 0, 0, 0, 0, 0, 0, 0, 0, 0, 0, 0, 0, 0, 0, 0, 0, 0, 0, 0]
BEGIN	range/0/8/1/ip-only-response
OBS	[108, 78, 155, 40, 33, 199, 229, 254, 225, 172, 118, 1, 221, 49, 215, 35, 165, 211, 189, 19, 237, 197, 112, 94, 175, 119, 60, 214, 92, 185, 185, 96]	[0, 0, 0, 0, 0, 0, 0, 0, 0, 0, 0, 0, 0, 0, 0, 0, 0, 0, 0, 0, 0, 0, 0, 0, 0, 0, 0, 0, 0, 0, 0, 0]	[142, 35, 19, 163, 113, 17, 231, 95, 99, 234, 145, 220, 200, 109, 86, 244, 131, 232, 76, 219, 252, 51, 220, 32, 181, 174, 128, 251, 5, 185, 36, 12]	[108, 78, 155, 40, 33, 199, 229, 254, 225, 172, 118, 1, 221, 49, 215, 35, 165, 211, 189, 19, 237, 197, 112, 94, 175, 119, 60, 214, 92, 185, 185, 96]
BEGIN	range/0/8/1/wrong-domain
OBS	[48, 113, 150, 65, 41, 35, 57, 58, 223, 84, 196, 90, 235, 152, 164, 212, 125, 149, 187, 193, 22, 167, 31, 88, 204, 201, 113, 83, 8, 202, 181, 74]	[244, 160, 253, 83, 216, 124, 149, 211, 47, 53, 223, 131, 68, 3, 96, 197, 177, 210, 154, 1, 183, 84, 7, 95, 119, 243, 159, 13, 104, 159, 96, 116]	[63, 104, 55, 33, 227, 64, 127, 235, 129, 14, 85, 248, 29, 56, 15, 183, 22, 7, 246, 237, 89, 122, 22, 64, 236, 213, 213, 234, 31, 176, 133, 15]	[214, 45, 61, 11, 12, 226, 94, 3, 212, 253, 252, 41, 177, 173, 48, 66, 10, 131, 144, 164, 103, 130, 176, 29, 45, 176, 254, 240, 228, 146, 94, 81]
BEGIN	range/0/8/1/field-0-zero
BEGIN	range/0/8/1/field-0-invalid
BEGIN	range/0/8/1/field-0-point
OBS	[74, 36, 191, 168, 178, 252, 129, 138, 21, 67, 157, 70, 130, 26, 121, 150, 121, 154, 104, 156, 211, 232, 180, 29, 219, 115, 128, 139, 132, 108, 28, 63]	[240, 30, 12, 187, 37, 51, 234, 188, 64, 212, 5, 135, 250, 172, 160, 125, 246, 253, 132, 7, 40, 250, 202, 240, 153, 134, 64, 211, 219, 98, 181, 25]	[239, 39, 34, 51, 55, 28, 86, 242, 226, 12, 196, 169, 184, 14, 25, 202, 250, 43, 51, 66, 59, 210, 62, 32, 161, 231, 4, 82, 49, 102, 25, 5]	[38, 11, 41, 229, 128, 136, 104, 65, 45, 123, 52, 152, 122, 114, 36, 42, 14, 116, 76, 34, 171, 206, 157, 217, 129, 25, 62, 77, 74, 21, 118, 10]
BEGIN	range/0/8/1/field-1-zero
BEGIN	range/0/8/1/field-1-invalid
BEGIN	range/0/8/1/field-1-point
OBS	[122, 67, 11, 37, 151, 228, 189, 27, 207, 95, 218, 4, 229, 135, 166, 183, 171, 240, 75, 139, 186, 171, 205, 185, 103, 77, 114, 137, 159, 5, 54, 1]	[152, 183, 208, 189, 53, 47, 245, 97, 230, 208, 185, 68, 169, 21, 153, 254, 234, 64, 231, 247, 230, 245, 206, 145, 190, 224, 78, 84, 24, 139, 230, 4]	[38, 244, 67, 208, 208, 235, 55, 150, 64, 223, 199, 176, 184, 70, 153, 249, 115, 16, 80, 18, 247, 240, 250, 158, 173, 181, 59, 4, 60, 110, 159, 10]	[162, 118, 250, 207, 225, 161, 108, 43, 39, 233, 186, 189, 27, 60, 239, 136, 20, 243, 214, 246, 168, 244, 107, 213, 96, 49, 154, 42, 155, 32, 40, 37]
BEGIN	range/0/8/1/field-2-zero
BEGIN	range/0/8/1/field-2-invalid
BEGIN	range/0/8/1/field-2-point
OBS	[104, 104, 87, 111, 94, 42, 59, 144, 147, 93, 13, 91, 137, 203, 124, 27, 40, 105, 151, 45, 70, 243, 28, 247, 40, 11, 72, 89, 94, 45, 110, 35]	[200, 6, 232, 45, 87, 48, 129, 128, 53, 182, 158, 7, 82, 184, 182, 28, 36, 5, 225, 115, 97, 33, 100, 1, 127, 121, 7, 127, 173, 23, 71, 0]	[124, 126, 113, 222, 33, 240, 0, 155, 65, 147, 193, 41, 238, 223, 90, 129, 113, 50, 114, 192, 68, 198, 47, 65, 70, 184, 46, 127, 69, 61, 148, 2]	[202, 128, 153, 6, 99, 99, 214, 67, 88, 151, 38, 170, 225, 116, 22, 188, 87, 209, 80, 148, 252, 0, 216, 66, 236, 27, 246, 14, 4, 101, 62, 89]
BEGIN	range/0/8/1/field-3-zero
BEGIN	range/0/8/1/field-3-invalid
BEGIN	range/0/8/1/field-3-point
OBS	[204, 90, 180, 181, 109, 255, 250, 81, 156, 88, 190, 79, 199, 21, 131, 197, 160, 200, 181, 155, 12, 236, 67, 203, 194, 43, 19, 26, 58, 6, 56, 27]	[54, 80, 122, 139, 207, 66, 80, 159, 192, 73, 42, 81, 126, 83, 199, 136, 171, 99, 133, 237, 58, 97, 70, 197, 230, 121, 62, 63, 41, 220, 55, 89]	[192, 182, 150, 129, 67, 18, 10, 46, 143, 225, 73, 103, 129, 216, 245, 113, 228, 1, 50, 1, 37, 21, 95, 56, 17, 224, 68, 144, 200, 245, 58, 12]	[96, 160, 96, 226, 135, 98, 232, 152, 206, 157, 252, 163, 205, 136, 247, 217, 221, 105, 6, 62, 82, 231, 200, 20, 18, 203, 113, 120, 148, 128, 215, 11]
BEGIN	range/0/8/1/field-4-zero
OBS	[24, 15, 124, 32, 216, 166, 228, 75, 67, 23, 97, 72, 146, 91, 133, 23, 128, 251, 125, 222, 154, 113, 136, 145, 190, 82, 79, 228, 108, 193, 88, 91]	[26, 55, 192, 102, 85, 220, 18, 37, 106, 201, 159, 223, 221, 27, 152, 200, 119, 152, 65, 198, 79, 56, 97, 246, 41, 162, 180, 38, 86, 216, 205, 56]	[249, 247, 147, 216, 91, 19, 72, 206, 50, 59, 211, 109, 107, 133, 25, 75, 175, 12, 26, 95, 41, 68, 9, 61, 83, 172, 110, 110, 237, 147, 35, 12]	[202, 230, 26, 104, 151, 40, 98, 194, 4, 4, 230, 26, 161, 88, 168, 146, 55, 162, 6, 5, 74, 108, 150, 168, 148, 181, 54, 245, 80, 19, 249, 15]
BEGIN	range/0/8/1/field-4-invalid
BEGIN	range/0/8/1/field-4-point
BEGIN	range/0/8/1/field-5-zero
OBS	[100, 94, 125, 83, 151, 205, 107, 124, 225, 95, 92, 18, 190, 233, 107, 196, 78, 57, 240, 229, 39, 183, 174, 182, 132, 115, 234, 203, 176, 230, 133, 66]	[166, 116, 24, 16, 154, 52, 235, 27, 200, 63, 113, 190, 44, 201, 121, 241, 85, 85, 193, 36, 190, 21, 93, 6, 6, 213, 178, 118, 245, 71, 162, 125]	[119, 104, 176, 166, 36, 189, 179, 246, 88, 160, 65, 71, 209, 3, 182, 91, 15, 56, 227, 194, 237, 43, 133, 84, 176, 205, 25, 51, 230, 83, 12, 11]	[222, 15, 156, 67, 97, 179, 28, 245, 47, 19, 18, 237, 112, 240, 171, 244, 81, 251, 119, 125, 96, 109, 41, 59, 96, 197, 46, 30, 20, 50, 82, 87]
BEGIN	range/0/8/1/field-5-invalid
BEGIN	range/0/8/1/field-5-point
BEGIN	range/0/8/1/field-6-zero
OBS	[66, 155, 46, 155, 199, 67, 140, 226, 20, 187, 91, 48, 29, 19, 76, 87, 211, 128, 202, 120, 11, 75, 247, 225, 146, 242, 119, 151, 86, 112, 208, 7]	[0, 0, 0, 0, 0, 0, 0, 0, 0, 0, 0, 0, 0, 0, 0, 0, 0, 0, 0, 0, 0, 0, 0, 0, 0, 0, 0, 0, 0, 0, 0, 0]	[132, 59, 158, 240, 174, 66, 177, 201, 117, 151, 137, 190, 122, 138, 173, 192, 83, 50, 162, 183, 110, 245, 183, 113, 121, 214, 152, 40, 119, 167, 15, 3]	[66, 155, 46, 155, 199, 67, 140, 226, 20, 187, 91, 48, 29, 19, 76, 87, 211, 128, 202, 120, 11, 75, 247, 225, 146, 242, 119, 151, 86, 112, 208, 7]
BEGIN	range/0/8/1/field-6-invalid
BEGIN	range/0/8/1/field-6-point
BEGIN	range/0/8/1/field-7-zero
BEGIN	range/0/8/1/field-7-invalid
BEGIN	range/0/8/1/field-7-point
OBS	[238, 143, 93, 254, 249, 98, 244, 244, 96, 120, 77, 65, 216, 134, 205, 16, 42, 229, 12, 133, 134, 177, 214, 11, 8, 25, 210, 193, 155, 15, 194, 45]	[0, 0, 0, 0, 0, 0, 0, 0, 0, 0, 0, 0, 0, 0, 0, 0, 0, 0, 0, 0, 0, 0, 0, 0, 0, 0, 0, 0, 0, 0, 0, 0]	[74, 201, 212, 119, 225, 168, 199, 105, 111, 218, 36, 232, 93, 141, 196, 108, 63, 122, 33, 47, 10, 111, 40, 51, 69, 222, 169, 38, 149, 173, 51, 1]	[238, 143, 93, 254, 249, 98, 244, 244, 96, 120, 77, 65, 216, 134, 205, 16, 42, 229, 12, 133, 134, 177, 214, 11, 8, 25, 210, 193, 155, 15, 194, 45]
BEGIN	range/0/8/1/field-8-zero
BEGIN	range/0/8/1/field-8-invalid
BEGIN	range/0/8/1/field-8-point
OBS	[90, 214, 42, 241, 133, 184, 166, 66, 220, 125, 85, 109, 209, 189, 35, 163, 250, 70, 3, 243, 249, 245, 119, 114, 116, 111, 229, 165, 185, 59, 56, 90]	[0, 0, 0, 0, 0, 0, 0, 0, 0, 0, 0, 0, 0, 0, 0, 0, 0, 0, 0, 0, 0, 0, 0, 0, 0, 0, 0, 0, 0, 0, 0, 0]	[87, 216, 154, 232, 98, 225, 101, 139, 149, 249, 88, 43, 188, 133, 42, 131, 80, 181, 211, 32, 63, 211, 133, 124, 221, 117, 46, 73, 169, 236, 225, 9]	[90, 214, 42, 241, 133, 184, 166, 66, 220, 125, 85, 109, 209, 189, 35, 163, 250, 70, 3, 243, 249, 245, 119, 114, 116, 111, 229, 165, 185, 59, 56, 90]
BEGIN	range/0/8/1/field-9-zero
BEGIN	range/0/8/1/field-9-invalid
BEGIN	range/0/8/1/field-9-point
OBS	[190, 14, 203, 128, 100, 134, 178, 33, 17, 136, 161, 210, 136, 179, 103, 245, 222, 24, 30, 212, 136, 57, 183, 162, 144, 102, 59, 24, 30, 55, 203, 10]	[0, 0, 0, 0, 0, 0, 0, 0, 0, 0, 0, 0, 0, 0, 0, 0, 0, 0, 0, 0, 0, 0, 0, 0, 0, 0, 0, 0, 0, 0, 0, 0]	[198, 222, 179, 111, 112, 14, 60, 181, 158, 199, 61, 90, 115, 169, 234, 56, 47, 92, 139, 186, 216, 72, 45, 62, 84, 227, 210, 190, 71, 146, 9, 3]	[190, 14, 203, 128, 100, 134, 178, 33, 17, 136, 161, 210, 136, 179, 103, 245, 222, 24, 30, 212, 136, 57, 183, 162, 144, 102, 59, 24, 30, 55, 203, 10]
BEGIN	range/0/8/1/field-10-zero
BEGIN	range/0/8/1/field-10-invalid
BEGIN	range/0/8/1/field-10-point
OBS	[226, 38, 78, 23, 216, 98, 182, 30, 214, 203, 167, 176, 72, 252, 1, 224, 192, 225, 196, 251, 102, 238, 71, 9, 22, 46, 74, 189, 144, 160, 87, 27]	[0, 0, 0, 0, 0, 0, 0, 0, 0, 0, 0, 0, 0, 0, 0, 0, 0, 0, 0, 0, 0, 0, 0, 0, 0, 0, 0, 0, 0, 0, 0, 0]	[56, 250, 136, 29, 226, 76, 138, 29, 81, 43, 213, 119, 224, 61, 144, 168, 219, 235, 5, 119, 234, 27, 46, 196, 185, 10, 114, 233, 25, 8, 242, 12]	[226, 38, 78, 23, 216, 98, 182, 30, 214, 203, 167, 176, 72, 252, 1, 224, 192, 225, 196, 251, 102, 238, 71, 9, 22, 46, 74, 189, 144, 160, 87, 27]
BEGIN	range/0/8/1/field-11-zero
BEGIN	range/0/8/1/field-11-invalid
BEGIN	range/0/8/1/field-11-point
OBS	[234, 159, 64, 189, 190, 89, 101, 49, 5, 8, 79, 59, 102, 11, 238, 230, 4, 198, 92, 134, 251, 141, 52, 144, 28, 146, 64, 49, 129, 231, 179, 55]	[0, 0, 0, 0, 0, 0, 0, 0, 0, 0, 0, 0, 0, 0, 0, 0, 0, 0, 0, 0, 0, 0, 0, 0, 0, 0, 0, 0, 0, 0, 0, 0]	[177, 153, 52, 188, 135, 77, 60, 139, 228, 61, 61, 2, 186, 232, 239, 8, 204, 87, 222, 37, 106, 102, 245, 13, 76, 190, 211, 71, 177, 108, 150, 10]	[234, 159, 64, 189, 190, 89, 101, 49, 5, 8, 79, 59, 102, 11, 238, 230, 4, 198, 92, 134, 251, 141, 52, 144, 28, 146, 64, 49, 129, 231, 179, 55]
BEGIN	range/0/8/1/field-12-zero
BEGIN	range/0/8/1/field-12-invalid
BEGIN	range/0/8/1/field-12-point
OBS	[156, 240, 64, 122, 17, 83, 206, 99, 40, 69, 24, 33, 231, 74, 20, 55, 67, 207, 120, 23, 86, 205, 222, 44, 93, 188, 206, 175, 124, 25, 252, 54]	[0, 0, 0, 0, 0, 0, 0, 0, 0, 0, 0, 0, 0, 0, 0, 0, 0, 0, 0, 0, 0, 0, 0, 0, 0, 0, 0, 0, 0, 0, 0, 0]	[101, 25, 2, 46, 4, 96, 62, 205, 28, 122, 46, 254, 195, 71, 52, 87, 176, 131, 243, 207, 146, 168, 105, 16, 220, 99, 26, 86, 149, 89, 175, 5]	[156, 240, 64, 122, 17, 83, 206, 99, 40, 69, 24, 33, 231, 74, 20, 55, 67, 207, 120, 23, 86, 205, 222, 44, 93, 188, 206, 175, 124, 25, 252, 54]
BEGIN	range/0/8/1/field-13-zero
OBS	[220, 201, 72, 69, 22, 108, 99, 133, 89, 16, 146, 227, 173, 7, 62, 141, 7, 62, 187, 58, 1, 25, 162, 242, 251, 121, 67, 220, 251, 200, 168, 83]	[0, 0, 0, 0, 0, 0, 0, 0, 0, 0, 0, 0, 0, 0, 0, 0, 0, 0, 0, 0, 0, 0, 0, 0, 0, 0, 0, 0, 0, 0, 0, 0]	[74, 20, 108, 17, 174, 16, 20, 236, 234, 112, 166, 46, 247, 172, 226, 26, 32, 66, 38, 2, 136, 252, 173, 220, 215, 162, 96, 0, 182, 81, 13, 5]	[220, 201, 72, 69, 22, 108, 99, 133, 89, 16, 146, 227, 173, 7, 62, 141, 7, 62, 187, 58, 1, 25, 162, 242, 251, 121, 67, 220, 251, 200, 168, 83]
BEGIN	range/0/8/1/field-13-invalid
BEGIN	range/0/8/1/field-13-point
BEGIN	range/0/8/1/field-14-zero
OBS	[8, 240, 66, 240, 24, 212, 83, 241, 34, 236, 203, 68, 16, 61, 166, 191, 102, 156, 159, 86, 134, 153, 36, 56, 109, 71, 23, 169, 62, 33, 182, 46]	[0, 0, 0, 0, 0, 0, 0, 0, 0, 0, 0, 0, 0, 0, 0, 0, 0, 0, 0, 0, 0, 0, 0, 0, 0, 0, 0, 0, 0, 0, 0, 0]	[132, 134, 84, 13, 220, 244, 73, 75, 98, 75, 214, 249, 144, 29, 16, 95, 155, 59, 179, 128, 52, 141, 91, 55, 37, 38, 156, 128, 21, 39, 7, 0]	[8, 240, 66, 240, 24, 212, 83, 241, 34, 236, 203, 68, 16, 61, 166, 191, 102, 156, 159, 86, 134, 153, 36, 56, 109, 71, 23, 169, 62, 33, 182, 46]
BEGIN	range/0/8/1/field-14-invalid
BEGIN	range/0/8/1/field-14-point
BEGIN	range/0/8/1/commitment-0-invalid
BEGIN	range/0/8/1/commitment-0-point
OBS	[18, 141, 8, 240, 77, 237, 147, 166, 96, 204, 43, 111, 212, 200, 142, 158, 159, 167, 238, 82, 178, 57, 175, 158, 71, 109, 137, 35, 211, 68, 32, 102]	[138, 149, 216, 131, 124, 97, 248, 124, 39, 212, 207, 31, 156, 117, 7, 49, 131, 197, 153, 162, 77, 112, 196, 159, 53, 121, 204, 193, 58, 164, 156, 1]	[66, 207, 43, 254, 86, 157, 53, 113, 89, 240, 47, 92, 230, 124, 29, 59, 231, 36, 12, 251, 53, 47, 240, 4, 82, 108, 55, 125, 39, 142, 181, 3]	[10, 29, 145, 32, 16, 97, 226, 35, 114, 103, 211, 242, 3, 206, 145, 47, 159, 240, 220, 63, 14, 81, 211, 243, 18, 213, 234, 199, 192, 12, 250, 101]
BEGIN	range/0/8/1/truncated-0
BEGIN	range/0/8/1/truncated-1
BEGIN	range/0/8/1/truncated-479
BEGIN	range/0/8/1/truncated-448
BEGIN	range/0/8/1/trailing
BEGIN	range/0/8/1/invalid-bits
BEGIN	range/0/8/1/short-generators
BEGIN	range/0/8/1/short-parties
BEGIN	range/0/8/1/empty-values
BEGIN	range/0/8/1/nonpower-values
BEGIN	range/0/8/2/valid
OBS	[0, 0, 0, 0, 0, 0, 0, 0, 0, 0, 0, 0, 0, 0, 0, 0, 0, 0, 0, 0, 0, 0, 0, 0, 0, 0, 0, 0, 0, 0, 0, 0]	[0, 0, 0, 0, 0, 0, 0, 0, 0, 0, 0, 0, 0, 0, 0, 0, 0, 0, 0, 0, 0, 0, 0, 0, 0, 0, 0, 0, 0, 0, 0, 0]	[186, 48, 126, 88, 125, 172, 43, 214, 221, 111, 196, 201, 182, 151, 238, 183, 102, 123, 239, 7, 15, 58, 149, 221, 180, 51, 175, 227, 105, 251, 226, 3]	[0, 0, 0, 0, 0, 0, 0, 0, 0, 0, 0, 0, 0, 0, 0, 0, 0, 0, 0, 0, 0, 0, 0, 0, 0, 0, 0, 0, 0, 0, 0, 0]
BEGIN	range/0/8/2/ip-only-response
OBS	[80, 233, 12, 223, 183, 67, 66, 123, 97, 158, 199, 197, 251, 100, 157, 252, 164, 251, 88, 10, 227, 196, 33, 151, 65, 86, 214, 212, 6, 250, 77, 84]	[0, 0, 0, 0, 0, 0, 0, 0, 0, 0, 0, 0, 0, 0, 0, 0, 0, 0, 0, 0, 0, 0, 0, 0, 0, 0, 0, 0, 0, 0, 0, 0]	[184, 97, 110, 72, 233, 17, 230, 6, 206, 2, 17, 42, 91, 213, 129, 241, 223, 79, 100, 222, 130, 217, 207, 220, 55, 144, 184, 139, 110, 91, 214, 9]	[80, 233, 12, 223, 183, 67, 66, 123, 97, 158, 199, 197, 251, 100, 157, 252, 164, 251, 88, 10, 227, 196, 33, 151, 65, 86, 214, 212, 6, 250, 77, 84]
BEGIN	range/0/8/2/wrong-domain
OBS	[186, 232, 65, 192, 228, 85, 8, 135, 61, 24, 100, 4, 233, 152, 224, 238, 237, 44, 8, 9, 190, 76, 135, 142, 198, 239, 190, 54, 177, 125, 99, 68]	[216, 182, 237, 41, 96, 211, 234, 16, 178, 47, 82, 54, 132, 47, 26, 100, 174, 1, 105, 72, 123, 177, 247, 128, 83, 186, 89, 238, 0, 58, 241, 43]	[2, 238, 149, 91, 82, 195, 133, 161, 206, 218, 192, 246, 34, 125, 29, 135, 247, 60, 52, 123, 79, 10, 127, 49, 169, 15, 206, 173, 39, 69, 149, 14]	[230, 102, 111, 130, 9, 15, 203, 184, 123, 201, 33, 76, 178, 127, 54, 170, 212, 30, 132, 10, 36, 14, 50, 99, 30, 255, 3, 81, 4, 10, 112, 116]
BEGIN	range/0/8/4/valid
OBS	[0, 0, 0, 0, 0, 0, 0, 0, 0, 0, 0, 0, 0, 0, 0, 0, 0, 0, 0, 0, 0, 0, 0, 0, 0, 0, 0, 0, 0, 0, 0, 0]	[0, 0, 0, 0, 0, 0, 0, 0, 0, 0, 0, 0, 0, 0, 0, 0, 0, 0, 0, 0, 0, 0, 0, 0, 0, 0, 0, 0, 0, 0, 0, 0]	[190, 56, 195, 31, 207, 51, 72, 247, 166, 93, 114, 63, 2, 40, 50, 76, 138, 154, 122, 80, 8, 165, 177, 233, 191, 204, 17, 37, 36, 163, 253, 4]	[0, 0, 0, 0, 0, 0, 0, 0, 0, 0, 0, 0, 0, 0, 0, 0, 0, 0, 0, 0, 0, 0, 0, 0, 0, 0, 0, 0, 0, 0, 0, 0]
BEGIN	range/0/8/4/ip-only-response
OBS	[12, 80, 171, 154, 238, 14, 3, 181, 33, 223, 40, 156, 103, 123, 253, 164, 101, 152, 19, 242, 250, 216, 254, 103, 36, 5, 229, 88, 100, 44, 105, 108]	[0, 0, 0, 0, 0, 0, 0, 0, 0, 0, 0, 0, 0, 0, 0, 0, 0, 0, 0, 0, 0, 0, 0, 0, 0, 0, 0, 0, 0, 0, 0, 0]	[171, 86, 32, 88, 138, 205, 24, 196, 177, 54, 44, 51, 107, 191, 63, 54, 202, 24, 226, 70, 29, 233, 238, 111, 168, 79, 125, 160, 166, 220, 218, 10]	[12, 80, 171, 154, 238, 14, 3, 181, 33, 223, 40, 156, 103, 123, 253, 164, 101, 152, 19, 242, 250, 216, 254, 103, 36, 5, 229, 88, 100, 44, 105, 108]
BEGIN	range/0/8/4/wrong-domain
OBS	[82, 222, 158, 53, 38, 141, 55, 7, 207, 70, 39, 110, 254, 111, 189, 75, 63, 197, 20, 149, 79, 23, 221, 245, 143, 113, 35, 222, 165, 192, 143, 41]	[118, 149, 183, 146, 220, 42, 55, 250, 214, 5, 219, 137, 154, 180, 35, 126, 52, 192, 98, 220, 54, 254, 28, 77, 239, 68, 181, 105, 197, 98, 92, 62]	[246, 179, 35, 212, 75, 27, 15, 211, 96, 162, 244, 196, 22, 24, 185, 162, 89, 122, 191, 205, 191, 171, 133, 245, 119, 44, 127, 194, 167, 21, 59, 6]	[40, 85, 180, 63, 176, 160, 214, 193, 47, 239, 175, 131, 244, 15, 133, 83, 24, 61, 19, 221, 85, 249, 6, 162, 50, 136, 237, 121, 243, 27, 25, 82]
BEGIN	range/0/8/8/valid
OBS	[0, 0, 0, 0, 0, 0, 0, 0, 0, 0, 0, 0, 0, 0, 0, 0, 0, 0, 0, 0, 0, 0, 0, 0, 0, 0, 0, 0, 0, 0, 0, 0]	[0, 0, 0, 0, 0, 0, 0, 0, 0, 0, 0, 0, 0, 0, 0, 0, 0, 0, 0, 0, 0, 0, 0, 0, 0, 0, 0, 0, 0, 0, 0, 0]	[196, 118, 253, 73, 49, 233, 243, 104, 177, 248, 72, 198, 81, 138, 192, 218, 211, 6, 124, 211, 235, 28, 153, 191, 125, 7, 138, 203, 63, 179, 122, 14]	[0, 0, 0, 0, 0, 0, 0, 0, 0, 0, 0, 0, 0, 0, 0, 0, 0, 0, 0, 0, 0, 0, 0, 0, 0, 0, 0, 0, 0, 0, 0, 0]
BEGIN	range/0/8/8/ip-only-response
OBS	[50, 152, 122, 88, 144, 100, 213, 107, 140, 218, 235, 24, 119, 217, 174, 19, 93, 213, 148, 189, 82, 105, 111, 61, 131, 229, 147, 185, 176, 131, 74, 33]	[0, 0, 0, 0, 0, 0, 0, 0, 0, 0, 0, 0, 0, 0, 0, 0, 0, 0, 0, 0, 0, 0, 0, 0, 0, 0, 0, 0, 0, 0, 0, 0]	[125, 183, 5, 149, 87, 163, 117, 68, 128, 26, 39, 73, 108, 36, 60, 39, 62, 12, 46, 117, 142, 157, 255, 155, 139, 169, 163, 131, 70, 252, 58, 1]	[50, 152, 122, 88, 144, 100, 213, 107, 140, 218, 235, 24, 119, 217, 174, 19, 93, 213, 148, 189, 82, 105, 111, 61, 131, 229, 147, 185, 176, 131, 74, 33]
BEGIN	range/0/8/8/wrong-domain
OBS	[110, 198, 247, 107, 127, 152, 108, 255, 237, 177, 195, 65, 56, 246, 19, 179, 143, 101, 104, 152, 61, 230, 125, 57, 40, 219, 227, 200, 138, 224, 233, 63]	[76, 88, 247, 50, 81, 21, 249, 99, 11, 166, 184, 141, 161, 113, 23, 45, 26, 74, 158, 59, 5, 56, 36, 202, 232, 148, 143, 74, 50, 30, 205, 51]	[87, 74, 154, 4, 147, 102, 216, 223, 135, 44, 241, 178, 137, 255, 147, 125, 197, 219, 89, 252, 185, 158, 93, 159, 116, 161, 51, 104, 14, 102, 200, 1]	[4, 225, 142, 185, 27, 215, 14, 178, 208, 150, 79, 187, 67, 218, 239, 176, 8, 222, 5, 239, 59, 72, 66, 117, 39, 47, 203, 118, 37, 182, 132, 110]
BEGIN	range/0/8/16/valid
OBS	[0, 0, 0, 0, 0, 0, 0, 0, 0, 0, 0, 0, 0, 0, 0, 0, 0, 0, 0, 0, 0, 0, 0, 0, 0, 0, 0, 0, 0, 0, 0, 0]	[0, 0, 0, 0, 0, 0, 0, 0, 0, 0, 0, 0, 0, 0, 0, 0, 0, 0, 0, 0, 0, 0, 0, 0, 0, 0, 0, 0, 0, 0, 0, 0]	[97, 102, 251, 116, 154, 62, 3, 134, 165, 253, 7, 11, 193, 130, 124, 198, 20, 161, 102, 139, 73, 3, 15, 221, 131, 203, 122, 163, 192, 95, 173, 13]	[0, 0, 0, 0, 0, 0, 0, 0, 0, 0, 0, 0, 0, 0, 0, 0, 0, 0, 0, 0, 0, 0, 0, 0, 0, 0, 0, 0, 0, 0, 0, 0]
BEGIN	range/0/8/16/ip-only-response
OBS	[138, 104, 12, 185, 237, 67, 83, 10, 222, 186, 167, 63, 57, 214, 165, 223, 141, 192, 83, 4, 53, 26, 86, 221, 129, 67, 34, 170, 76, 140, 240, 103]	[0, 0, 0, 0, 0, 0, 0, 0, 0, 0, 0, 0, 0, 0, 0, 0, 0, 0, 0, 0, 0, 0, 0, 0, 0, 0, 0, 0, 0, 0, 0, 0]	[60, 170, 200, 174, 180, 148, 14, 160, 176, 39, 143, 241, 205, 155, 84, 235, 225, 197, 95, 199, 202, 184, 155, 97, 21, 75, 128, 13, 231, 35, 183, 10]	[138, 104, 12, 185, 237, 67, 83, 10, 222, 186, 167, 63, 57, 214, 165, 223, 141, 192, 83, 4, 53, 26, 86, 221, 129, 67, 34, 170, 76, 140, 240, 103]
BEGIN	range/0/8/16/wrong-domain
OBS	[224, 104, 240, 58, 166, 190, 226, 126, 156, 101, 124, 39, 91, 164, 48, 245, 38, 241, 17, 230, 227, 85, 206, 107, 210, 165, 192, 105, 102, 98, 241, 22]	[198, 155, 233, 199, 149, 37, 213, 253, 230, 8, 141, 169, 204, 16, 56, 2, 218, 240, 90, 186, 74, 69, 22, 243, 174, 221, 219, 32, 222, 33, 5, 48]	[229, 73, 133, 201, 177, 236, 110, 21, 163, 26, 251, 185, 242, 178, 164, 42, 112, 27, 26, 240, 225, 92, 47, 0, 114, 62, 117, 177, 255, 82, 203, 7]	[84, 21, 26, 72, 66, 183, 100, 101, 239, 223, 175, 133, 21, 179, 167, 69, 33, 176, 252, 22, 28, 90, 139, 217, 159, 165, 223, 253, 69, 246, 197, 55]
BEGIN	range/0/8/32/valid
OBS	[0, 0, 0, 0, 0, 0, 0, 0, 0, 0, 0, 0, 0, 0, 0, 0, 0, 0, 0, 0, 0, 0, 0, 0, 0, 0, 0, 0, 0, 0, 0, 0]	[0, 0, 0, 0, 0, 0, 0, 0, 0, 0, 0, 0, 0, 0, 0, 0, 0, 0, 0, 0, 0, 0, 0, 0, 0, 0, 0, 0, 0, 0, 0, 0]	[38, 211, 160, 181, 38, 37, 252, 124, 90, 216, 78, 241, 228, 207, 54, 132, 5, 189, 65, 5, 96, 35, 185, 207, 117, 123, 246, 96, 137, 180, 239, 14]	[0, 0, 0, 0, 0, 0, 0, 0, 0, 0, 0, 0, 0, 0, 0, 0, 0, 0, 0, 0, 0, 0, 0, 0, 0, 0, 0, 0, 0, 0, 0, 0]
BEGIN	range/0/8/32/ip-only-response
OBS	[124, 198, 35, 157, 184, 125, 181, 20, 192, 55, 203, 139, 53, 192, 16, 37, 204, 250, 232, 139, 146, 189, 241, 181, 250, 142, 1, 232, 25, 255, 170, 119]	[0, 0, 0, 0, 0, 0, 0, 0, 0, 0, 0, 0, 0, 0, 0, 0, 0, 0, 0, 0, 0, 0, 0, 0, 0, 0, 0, 0, 0, 0, 0, 0]	[238, 87, 5, 97, 137, 234, 137, 71, 31, 221, 181, 171, 187, 255, 78, 74, 88, 188, 166, 72, 251, 64, 216, 9, 95, 74, 255, 11, 4, 95, 135, 14]	[124, 198, 35, 157, 184, 125, 181, 20, 192, 55, 203, 139, 53, 192, 16, 37, 204, 250, 232, 139, 146, 189, 241, 181, 250, 142, 1, 232, 25, 255, 170, 119]
BEGIN	range/0/8/32/wrong-domain
OBS	[16, 106, 199, 106, 28, 71, 34, 16, 252, 126, 112, 5, 40, 3, 45, 59, 38, 216, 81, 124, 43, 168, 52, 118, 127, 102, 94, 118, 120, 202, 1, 45]	[228, 126, 10, 3, 221, 221, 113, 62, 124, 222, 19, 90, 194, 174, 37, 90, 250, 198, 159, 122, 5, 43, 109, 58, 254, 47, 1, 203, 1, 31, 125, 92]	[228, 37, 150, 250, 233, 13, 243, 174, 47, 208, 14, 223, 85, 40, 178, 88, 147, 94, 100, 197, 128, 210, 59, 26, 68, 196, 205, 50, 84, 166, 49, 14]	[84, 71, 7, 35, 123, 27, 89, 13, 138, 63, 149, 57, 176, 125, 100, 198, 11, 225, 204, 7, 228, 208, 139, 49, 185, 13, 220, 72, 239, 11, 84, 19]
BEGIN	range/0/16/1/valid
OBS	[0, 0, 0, 0, 0, 0, 0, 0, 0, 0, 0, 0, 0, 0, 0, 0, 0, 0, 0, 0, 0, 0, 0, 0, 0, 0, 0, 0, 0, 0, 0, 0]	[0, 0, 0, 0, 0, 0, 0, 0, 0, 0, 0, 0, 0, 0, 0, 0, 0, 0, 0, 0, 0, 0, 0, 0, 0, 0, 0, 0, 0, 0, 0, 0]	[76, 178, 38, 191, 234, 8, 42, 51, 154, 224, 101, 206, 115, 192, 116, 111, 163, 101, 244, 5, 205, 67, 126, 217, 83, 174, 212, 147, 27, 193, 9, 8]	[0, 0, 0, 0, 0, 0, 0, 0, 0, 0, 0, 0, 0, 0, 0, 0, 0, 0, 0, 0, 0, 0, 0, 0, 0, 0, 0, 0, 0, 0, 0, 0]
BEGIN	range/0/16/1/ip-only-response
OBS	[86, 219, 161, 245, 67, 62, 148, 55, 119, 60, 155, 98, 169, 133, 217, 186, 104, 205, 78, 190, 254, 210, 20, 154, 229, 48, 125, 134, 58, 224, 13, 80]	[0, 0, 0, 0, 0, 0, 0, 0, 0, 0, 0, 0, 0, 0, 0, 0, 0, 0, 0, 0, 0, 0, 0, 0, 0, 0, 0, 0, 0, 0, 0, 0]	[140, 155, 121, 186, 100, 176, 214, 19, 198, 29, 100, 135, 148, 23, 128, 101, 153, 121, 52, 170, 60, 163, 153, 0, 101, 240, 212, 248, 173, 202, 105, 14]	[86, 219, 161, 245, 67, 62, 148, 55, 119, 60, 155, 98, 169, 133, 217, 186, 104, 205, 78, 190, 254, 210, 20, 154, 229, 48, 125, 134, 58, 224, 13, 80]
BEGIN	range/0/16/1/wrong-domain
OBS	[4, 101, 252, 139, 12, 242, 204, 132, 206, 130, 0, 246, 133, 210, 79, 180, 17, 237, 96, 12, 224, 68, 237, 94, 43, 166, 36, 98, 73, 130, 83, 57]	[84, 10, 181, 113, 10, 225, 98, 151, 206, 138, 227, 128, 88, 143, 64, 40, 8, 224, 104, 120, 175, 220, 105, 234, 48, 88, 186, 175, 239, 191, 174, 61]	[95, 125, 235, 168, 136, 149, 171, 255, 151, 109, 86, 31, 85, 197, 62, 245, 140, 83, 4, 43, 101, 177, 199, 125, 112, 255, 18, 155, 50, 77, 123, 8]	[6, 109, 50, 244, 62, 180, 200, 188, 95, 9, 16, 26, 224, 245, 214, 218, 150, 1, 207, 132, 210, 69, 163, 203, 254, 242, 41, 158, 198, 254, 100, 81]
BEGIN	range/0/16/2/valid
OBS	[0, 0, 0, 0, 0, 0, 0, 0, 0, 0, 0, 0, 0, 0, 0, 0, 0, 0, 0, 0, 0, 0, 0, 0, 0, 0, 0, 0, 0, 0, 0, 0]	[0, 0, 0, 0, 0, 0, 0, 0, 0, 0, 0, 0, 0, 0, 0, 0, 0, 0, 0, 0, 0, 0, 0, 0, 0, 0, 0, 0, 0, 0, 0, 0]	[84, 110, 134, 246, 21, 203, 133, 77, 188, 207, 15, 34, 151, 207, 1, 137, 71, 34, 171, 61, 14, 25, 209, 79, 75, 234, 245, 96, 64, 104, 69, 15]	[0, 0, 0, 0, 0, 0, 0, 0, 0, 0, 0, 0, 0, 0, 0, 0, 0, 0, 0, 0, 0, 0, 0, 0, 0, 0, 0, 0, 0, 0, 0, 0]
BEGIN	range/0/16/2/ip-only-response
OBS	[158, 45, 115, 168, 129, 169, 169, 58, 100, 221, 6, 167, 200, 255, 12, 207, 209, 143, 162, 166, 29, 108, 48, 93, 59, 159, 102, 116, 238, 122, 7, 45]	[0, 0, 0, 0, 0, 0, 0, 0, 0, 0, 0, 0, 0, 0, 0, 0, 0, 0, 0, 0, 0, 0, 0, 0, 0, 0, 0, 0, 0, 0, 0, 0]	[33, 10, 192, 101, 246, 22, 246, 88, 212, 250, 15, 248, 121, 180, 99, 213, 114, 243, 67, 69, 110, 131, 242, 18, 172, 254, 223, 213, 156, 172, 204, 12]	[158, 45, 115, 168, 129, 169, 169, 58, 100, 221, 6, 167, 200, 255, 12, 207, 209, 143, 162, 166, 29, 108, 48, 93, 59, 159, 102, 116, 238, 122, 7, 45]
BEGIN	range/0/16/2/wrong-domain
OBS	[34, 5, 181, 70, 71, 255, 0, 238, 114, 139, 96, 128, 159, 19, 52, 107, 74, 39, 131, 107, 68, 72, 156, 207, 244, 204, 165, 254, 169, 192, 196, 115]	[120, 80, 171, 214, 81, 36, 232, 164, 204, 235, 128, 64, 183, 40, 223, 1, 208, 141, 247, 217, 179, 78, 184, 24, 249, 24, 78, 83, 240, 78, 227, 22]	[179, 11, 61, 242, 162, 251, 111, 243, 179, 185, 129, 68, 81, 165, 132, 147, 191, 143, 251, 216, 200, 232, 114, 228, 214, 180, 237, 239, 126, 183, 156, 2]	[72, 76, 91, 235, 254, 168, 13, 4, 41, 191, 129, 93, 133, 84, 167, 187, 15, 236, 218, 168, 248, 52, 141, 236, 225, 211, 236, 56, 171, 92, 219, 23]
BEGIN	range/0/16/4/valid
OBS	[0, 0, 0, 0, 0, 0, 0, 0, 0, 0, 0, 0, 0, 0, 0, 0, 0, 0, 0, 0, 0, 0, 0, 0, 0, 0, 0, 0, 0, 0, 0, 0]	[0, 0, 0, 0, 0, 0, 0, 0, 0, 0, 0, 0, 0, 0, 0, 0, 0, 0, 0, 0, 0, 0, 0, 0, 0, 0, 0, 0, 0, 0, 0, 0]	[81, 214, 207, 74, 110, 238, 232, 183, 13, 138, 133, 24, 56, 149, 180, 98, 130, 208, 6, 197, 242, 0, 165, 81, 20, 67, 244, 7, 146, 208, 70, 14]	[0, 0, 0, 0, 0, 0, 0, 0, 0, 0, 0, 0, 0, 0, 0, 0, 0, 0, 0, 0, 0, 0, 0, 0, 0, 0, 0, 0, 0, 0, 0, 0]
BEGIN	range/0/16/4/ip-only-response
OBS	[34, 179, 3, 80, 14, 89, 72, 180, 132, 0, 255, 246, 184, 248, 228, 252, 132, 237, 147, 34, 19, 149, 117, 93, 210, 255, 248, 131, 224, 56, 126, 57]	[0, 0, 0, 0, 0, 0, 0, 0, 0, 0, 0, 0, 0, 0, 0, 0, 0, 0, 0, 0, 0, 0, 0, 0, 0, 0, 0, 0, 0, 0, 0, 0]	[130, 254, 18, 88, 133, 147, 171, 70, 147, 87, 243, 131, 143, 228, 52, 127, 255, 186, 29, 158, 29, 27, 85, 247, 20, 204, 0, 165, 100, 63, 185, 4]	[34, 179, 3, 80, 14, 89, 72, 180, 132, 0, 255, 246, 184, 248, 228, 252, 132, 237, 147, 34, 19, 149, 117, 93, 210, 255, 248, 131, 224, 56, 126, 57]
BEGIN	range/0/16/4/wrong-domain
OBS	[198, 79, 248, 37, 213, 184, 215, 165, 150, 23, 165, 77, 176, 176, 35, 171, 15, 25, 131, 169, 58, 145, 15, 175, 30, 255, 126, 7, 126, 65, 48, 51]	[222, 185, 252, 106, 234, 246, 246, 236, 66, 125, 140, 105, 40, 237, 116, 155, 104, 87, 111, 175, 44, 220, 153, 187, 209, 13, 20, 78, 162, 31, 21, 56]	[169, 154, 55, 120, 232, 57, 64, 218, 230, 190, 152, 139, 59, 201, 251, 106, 243, 195, 144, 155, 229, 149, 67, 121, 168, 15, 107, 9, 98, 98, 234, 9]	[164, 7, 192, 70, 187, 67, 114, 142, 226, 73, 27, 168, 101, 101, 163, 179, 168, 72, 212, 137, 202, 135, 33, 36, 93, 80, 146, 140, 188, 194, 184, 14]
BEGIN	range/0/16/8/valid
OBS	[0, 0, 0, 0, 0, 0, 0, 0, 0, 0, 0, 0, 0, 0, 0, 0, 0, 0, 0, 0, 0, 0, 0, 0, 0, 0, 0, 0, 0, 0, 0, 0]	[0, 0, 0, 0, 0, 0, 0, 0, 0, 0, 0, 0, 0, 0, 0, 0, 0, 0, 0, 0, 0, 0, 0, 0, 0, 0, 0, 0, 0, 0, 0, 0]	[236, 105, 33, 108, 74, 66, 29, 124, 202, 210, 158, 42, 145, 123, 72, 247, 181, 54, 14, 152, 82, 217, 232, 141, 93, 177, 23, 241, 24, 16, 28, 6]	[0, 0, 0, 0, 0, 0, 0, 0, 0, 0, 0, 0, 0, 0, 0, 0, 0, 0, 0, 0, 0, 0, 0, 0, 0, 0, 0, 0, 0, 0, 0, 0]
BEGIN	range/0/16/8/ip-only-response
OBS	[248, 65, 224, 127, 255, 90, 70, 215, 92, 0, 0, 80, 135, 99, 154, 142, 105, 112, 6, 249, 34, 190, 1, 183, 197, 90, 234, 54, 16, 173, 192, 101]	[0, 0, 0, 0, 0, 0, 0, 0, 0, 0, 0, 0, 0, 0, 0, 0, 0, 0, 0, 0, 0, 0, 0, 0, 0, 0, 0, 0, 0, 0, 0, 0]	[179, 158, 77, 42, 105, 88, 255, 43, 41, 46, 176, 48, 211, 166, 82, 87, 4, 167, 175, 61, 108, 230, 160, 145, 67, 81, 205, 169, 142, 150, 9, 11]	[248, 65, 224, 127, 255, 90, 70, 215, 92, 0, 0, 80, 135, 99, 154, 142, 105, 112, 6, 249, 34, 190, 1, 183, 197, 90, 234, 54, 16, 173, 192, 101]
BEGIN	range/0/16/8/wrong-domain
OBS	[68, 53, 181, 134, 10, 54, 49, 87, 243, 33, 243, 242, 132, 21, 91, 145, 14, 26, 40, 255, 173, 19, 110, 139, 149, 157, 155, 178, 134, 120, 193, 74]	[226, 159, 12, 103, 64, 182, 20, 239, 59, 148, 137, 190, 153, 68, 173, 18, 81, 86, 149, 144, 242, 180, 231, 244, 96, 178, 79, 0, 239, 250, 70, 19]	[142, 62, 66, 50, 181, 255, 250, 243, 126, 165, 157, 116, 8, 33, 226, 185, 200, 88, 147, 233, 78, 219, 148, 88, 122, 21, 155, 211, 240, 216, 89, 0]	[186, 44, 165, 102, 123, 57, 15, 79, 80, 152, 82, 51, 53, 64, 53, 119, 79, 175, 86, 93, 144, 171, 3, 54, 84, 9, 136, 18, 35, 93, 44, 30]
BEGIN	range/0/16/16/valid
OBS	[0, 0, 0, 0, 0, 0, 0, 0, 0, 0, 0, 0, 0, 0, 0, 0, 0, 0, 0, 0, 0, 0, 0, 0, 0, 0, 0, 0, 0, 0, 0, 0]	[0, 0, 0, 0, 0, 0, 0, 0, 0, 0, 0, 0, 0, 0, 0, 0, 0, 0, 0, 0, 0, 0, 0, 0, 0, 0, 0, 0, 0, 0, 0, 0]	[204, 34, 21, 104, 196, 202, 169, 138, 223, 52, 15, 78, 82, 152, 54, 84, 133, 81, 168, 31, 229, 160, 235, 197, 110, 226, 105, 138, 149, 50, 54, 5]	[0, 0, 0, 0, 0, 0, 0, 0, 0, 0, 0, 0, 0, 0, 0, 0, 0, 0, 0, 0, 0, 0, 0, 0, 0, 0, 0, 0, 0, 0, 0, 0]
BEGIN	range/0/16/16/ip-only-response
OBS	[102, 124, 11, 130, 56, 202, 248, 60, 118, 172, 55, 191, 3, 37, 168, 250, 64, 220, 192, 113, 36, 235, 121, 147, 30, 135, 13, 217, 133, 255, 30, 12]	[0, 0, 0, 0, 0, 0, 0, 0, 0, 0, 0, 0, 0, 0, 0, 0, 0, 0, 0, 0, 0, 0, 0, 0, 0, 0, 0, 0, 0, 0, 0, 0]	[65, 59, 68, 65, 124, 36, 110, 195, 45, 177, 52, 84, 88, 116, 211, 51, 183, 89, 86, 141, 214, 218, 237, 193, 227, 84, 127, 151, 239, 2, 83, 9]	[102, 124, 11, 130, 56, 202, 248, 60, 118, 172, 55, 191, 3, 37, 168, 250, 64, 220, 192, 113, 36, 235, 121, 147, 30, 135, 13, 217, 133, 255, 30, 12]
BEGIN	range/0/16/16/wrong-domain
OBS	[232, 35, 181, 86, 201, 54, 109, 80, 244, 45, 191, 240, 246, 242, 180, 122, 45, 95, 219, 24, 197, 90, 56, 182, 247, 154, 43, 89, 201, 89, 40, 60]	[38, 189, 41, 114, 135, 200, 79, 129, 58, 226, 236, 124, 63, 67, 106, 65, 21, 147, 181, 205, 184, 8, 153, 222, 129, 140, 77, 188, 151, 231, 76, 17]	[84, 145, 189, 119, 99, 76, 169, 212, 62, 157, 42, 133, 145, 196, 55, 31, 110, 186, 9, 12, 242, 1, 221, 138, 192, 121, 186, 195, 163, 119, 208, 13]	[92, 30, 243, 141, 111, 69, 201, 91, 95, 210, 12, 179, 138, 1, 35, 65, 68, 150, 87, 145, 150, 166, 236, 70, 220, 73, 84, 226, 128, 42, 28, 37]
BEGIN	range/0/16/32/valid
OBS	[0, 0, 0, 0, 0, 0, 0, 0, 0, 0, 0, 0, 0, 0, 0, 0, 0, 0, 0, 0, 0, 0, 0, 0, 0, 0, 0, 0, 0, 0, 0, 0]	[0, 0, 0, 0, 0, 0, 0, 0, 0, 0, 0, 0, 0, 0, 0, 0, 0, 0, 0, 0, 0, 0, 0, 0, 0, 0, 0, 0, 0, 0, 0, 0]	[41, 95, 76, 56, 145, 198, 233, 3, 48, 243, 104, 191, 39, 139, 67, 98, 234, 169, 199, 73, 147, 162, 2, 112, 129, 251, 239, 94, 15, 115, 152, 3]	[0, 0, 0, 0, 0, 0, 0, 0, 0, 0, 0, 0, 0, 0, 0, 0, 0, 0, 0, 0, 0, 0, 0, 0, 0, 0, 0, 0, 0, 0, 0, 0]
BEGIN	range/0/16/32/ip-only-response
OBS	[90, 172, 133, 61, 116, 10, 64, 196, 15, 195, 32, 107, 192, 11, 247, 111, 159, 190, 48, 203, 48, 45, 222, 45, 99, 247, 53, 202, 243, 49, 131, 64]	[0, 0, 0, 0, 0, 0, 0, 0, 0, 0, 0, 0, 0, 0, 0, 0, 0, 0, 0, 0, 0, 0, 0, 0, 0, 0, 0, 0, 0, 0, 0, 0]	[215, 194, 185, 164, 29, 250, 172, 70, 199, 186, 193, 2, 91, 130, 163, 3, 218, 139, 119, 98, 45, 254, 136, 154, 36, 0, 200, 217, 152, 88, 248, 15]	[90, 172, 133, 61, 116, 10, 64, 196, 15, 195, 32, 107, 192, 11, 247, 111, 159, 190, 48, 203, 48, 45, 222, 45, 99, 247, 53, 202, 243, 49, 131, 64]
BEGIN	range/0/16/32/wrong-domain
OBS	[228, 216, 219, 220, 66, 92, 50, 213, 77, 54, 251, 241, 12, 203, 6, 29, 205, 41, 189, 118, 20, 199, 155, 224, 56, 78, 14, 68, 168, 89, 17, 91]	[94, 138, 54, 33, 7, 184, 191, 222, 90, 61, 152, 97, 243, 230, 14, 44, 65, 152, 194, 112, 150, 86, 246, 102, 40, 32, 119, 4, 248, 47, 144, 17]	[254, 20, 145, 26, 99, 102, 17, 61, 214, 222, 177, 143, 61, 131, 250, 181, 50, 75, 81, 50, 168, 226, 91, 218, 149, 70, 231, 3, 148, 62, 214, 7]	[100, 211, 47, 167, 89, 254, 127, 167, 55, 141, 16, 224, 100, 200, 236, 127, 68, 89, 75, 26, 158, 255, 180, 160, 35, 124, 209, 78, 193, 124, 110, 111]
BEGIN	range/0/32/1/valid
OBS	[0, 0, 0, 0, 0, 0, 0, 0, 0, 0, 0, 0, 0, 0, 0, 0, 0, 0, 0, 0, 0, 0, 0, 0, 0, 0, 0, 0, 0, 0, 0, 0]	[0, 0, 0, 0, 0, 0, 0, 0, 0, 0, 0, 0, 0, 0, 0, 0, 0, 0, 0, 0, 0, 0, 0, 0, 0, 0, 0, 0, 0, 0, 0, 0]	[178, 79, 238, 30, 180, 7, 207, 209, 214, 190, 7, 70, 47, 112, 193, 99, 92, 76, 78, 24, 90, 208, 108, 71, 181, 92, 227, 108, 43, 130, 47, 1]	[0, 0, 0, 0, 0, 0, 0, 0, 0, 0, 0, 0, 0, 0, 0, 0, 0, 0, 0, 0, 0, 0, 0, 0, 0, 0, 0, 0, 0, 0, 0, 0]
BEGIN	range/0/32/1/ip-only-response
OBS	[164, 35, 221, 48, 92, 230, 172, 35, 114, 170, 232, 34, 182, 104, 58, 217, 142, 107, 6, 212, 208, 60, 136, 101, 230, 128, 43, 207, 242, 121, 227, 116]	[0, 0, 0, 0, 0, 0, 0, 0, 0, 0, 0, 0, 0, 0, 0, 0, 0, 0, 0, 0, 0, 0, 0, 0, 0, 0, 0, 0, 0, 0, 0, 0]	[88, 208, 202, 19, 105, 228, 202, 125, 21, 242, 222, 32, 117, 156, 25, 87, 163, 191, 51, 106, 5, 10, 107, 75, 212, 74, 49, 227, 67, 186, 138, 6]	[164, 35, 221, 48, 92, 230, 172, 35, 114, 170, 232, 34, 182, 104, 58, 217, 142, 107, 6, 212, 208, 60, 136, 101, 230, 128, 43, 207, 242, 121, 227, 116]
BEGIN	range/0/32/1/wrong-domain
OBS	[20, 248, 61, 45, 232, 229, 231, 7, 140, 84, 133, 62, 112, 33, 126, 104, 59, 91, 96, 40, 127, 239, 230, 69, 232, 181, 173, 148, 226, 111, 192, 89]	[70, 128, 50, 82, 45, 118, 193, 11, 53, 200, 122, 183, 128, 199, 246, 9, 92, 41, 111, 47, 84, 132, 253, 5, 69, 136, 6, 247, 160, 113, 57, 127]	[101, 135, 68, 193, 21, 111, 190, 53, 71, 135, 230, 0, 190, 63, 109, 191, 90, 225, 211, 170, 120, 158, 73, 10, 82, 193, 157, 234, 17, 252, 158, 14]	[118, 40, 156, 36, 123, 63, 244, 187, 147, 17, 119, 158, 157, 56, 77, 66, 98, 176, 20, 236, 164, 218, 129, 195, 8, 233, 65, 193, 213, 134, 27, 59]
BEGIN	range/0/32/2/valid
OBS	[0, 0, 0, 0, 0, 0, 0, 0, 0, 0, 0, 0, 0, 0, 0, 0, 0, 0, 0, 0, 0, 0, 0, 0, 0, 0, 0, 0, 0, 0, 0, 0]	[0, 0, 0, 0, 0, 0, 0, 0, 0, 0, 0, 0, 0, 0, 0, 0, 0, 0, 0, 0, 0, 0, 0, 0, 0, 0, 0, 0, 0, 0, 0, 0]	[86, 24, 213, 8, 179, 25, 211, 203, 87, 186, 117, 186, 134, 40, 214, 72, 166, 50, 223, 208, 70, 237, 86, 171, 217, 180, 39, 146, 121, 22, 16, 14]	[0, 0, 0, 0, 0, 0, 0, 0, 0, 0, 0, 0, 0, 0, 0, 0, 0, 0, 0, 0, 0, 0, 0, 0, 0, 0, 0, 0, 0, 0, 0, 0]
BEGIN	range/0/32/2/ip-only-response
OBS	[68, 68, 190, 115, 175, 44, 210, 251, 165, 110, 194, 112, 190, 198, 52, 100, 99, 50, 143, 39, 3, 89, 26, 31, 170, 161, 254, 178, 59, 99, 244, 86]	[0, 0, 0, 0, 0, 0, 0, 0, 0, 0, 0, 0, 0, 0, 0, 0, 0, 0, 0, 0, 0, 0, 0, 0, 0, 0, 0, 0, 0, 0, 0, 0]	[38, 155, 46, 112, 109, 10, 84, 216, 54, 92, 94, 0, 135, 59, 187, 83, 209, 133, 135, 191, 25, 244, 227, 53, 91, 63, 178, 245, 130, 142, 96, 12]	[68, 68, 190, 115, 175, 44, 210, 251, 165, 110, 194, 112, 190, 198, 52, 100, 99, 50, 143, 39, 3, 89, 26, 31, 170, 161, 254, 178, 59, 99, 244, 86]
BEGIN	range/0/32/2/wrong-domain
OBS	[226, 116, 211, 172, 123, 23, 22, 119, 123, 55, 204, 45, 59, 12, 247, 220, 215, 18, 70, 10, 133, 193, 107, 243, 6, 146, 228, 94, 154, 47, 53, 123]	[132, 243, 180, 5, 154, 138, 250, 86, 245, 242, 88, 195, 184, 142, 9, 208, 215, 204, 2, 79, 69, 38, 91, 181, 3, 190, 219, 152, 2, 193, 120, 30]	[19, 179, 210, 209, 59, 69, 190, 210, 251, 248, 19, 135, 82, 67, 178, 158, 29, 253, 139, 50, 194, 50, 97, 246, 153, 75, 109, 19, 153, 78, 32, 14]	[56, 129, 67, 34, 233, 248, 113, 41, 134, 101, 91, 82, 223, 16, 106, 107, 72, 178, 183, 160, 16, 118, 140, 85, 24, 239, 225, 48, 21, 105, 254, 66]
BEGIN	range/0/32/4/valid
OBS	[0, 0, 0, 0, 0, 0, 0, 0, 0, 0, 0, 0, 0, 0, 0, 0, 0, 0, 0, 0, 0, 0, 0, 0, 0, 0, 0, 0, 0, 0, 0, 0]	[0, 0, 0, 0, 0, 0, 0, 0, 0, 0, 0, 0, 0, 0, 0, 0, 0, 0, 0, 0, 0, 0, 0, 0, 0, 0, 0, 0, 0, 0, 0, 0]	[95, 218, 28, 138, 119, 54, 169, 82, 44, 175, 169, 33, 82, 143, 90, 85, 158, 247, 74, 79, 198, 70, 67, 126, 2, 254, 100, 97, 159, 147, 107, 2]	[0, 0, 0, 0, 0, 0, 0, 0, 0, 0, 0, 0, 0, 0, 0, 0, 0, 0, 0, 0, 0, 0, 0, 0, 0, 0, 0, 0, 0, 0, 0, 0]
BEGIN	range/0/32/4/ip-only-response
OBS	[46, 216, 115, 26, 23, 86, 180, 5, 208, 10, 46, 200, 198, 95, 44, 245, 151, 141, 79, 169, 49, 118, 120, 160, 137, 164, 126, 123, 39, 78, 195, 78]	[0, 0, 0, 0, 0, 0, 0, 0, 0, 0, 0, 0, 0, 0, 0, 0, 0, 0, 0, 0, 0, 0, 0, 0, 0, 0, 0, 0, 0, 0, 0, 0]	[149, 27, 15, 140, 238, 77, 139, 225, 140, 85, 68, 51, 185, 114, 242, 131, 223, 133, 24, 41, 177, 64, 252, 37, 227, 60, 215, 219, 25, 131, 35, 12]	[46, 216, 115, 26, 23, 86, 180, 5, 208, 10, 46, 200, 198, 95, 44, 245, 151, 141, 79, 169, 49, 118, 120, 160, 137, 164, 126, 123, 39, 78, 195, 78]
BEGIN	range/0/32/4/wrong-domain
OBS	[228, 79, 57, 152, 233, 177, 204, 47, 127, 68, 78, 29, 221, 191, 136, 104, 196, 44, 141, 196, 170, 35, 97, 211, 255, 13, 159, 116, 225, 130, 203, 123]	[180, 243, 163, 18, 241, 63, 154, 158, 120, 131, 24, 194, 129, 241, 41, 119, 43, 32, 53, 133, 33, 51, 201, 67, 193, 11, 90, 137, 107, 61, 121, 17]	[73, 32, 117, 118, 148, 206, 255, 152, 6, 143, 98, 139, 61, 130, 46, 216, 79, 12, 119, 201, 18, 208, 75, 223, 91, 68, 18, 177, 205, 108, 60, 1]	[190, 84, 178, 111, 21, 242, 200, 148, 77, 171, 109, 59, 0, 53, 59, 47, 140, 200, 171, 224, 48, 2, 7, 46, 95, 252, 203, 63, 101, 63, 76, 21]
BEGIN	range/0/32/8/valid
OBS	[0, 0, 0, 0, 0, 0, 0, 0, 0, 0, 0, 0, 0, 0, 0, 0, 0, 0, 0, 0, 0, 0, 0, 0, 0, 0, 0, 0, 0, 0, 0, 0]	[0, 0, 0, 0, 0, 0, 0, 0, 0, 0, 0, 0, 0, 0, 0, 0, 0, 0, 0, 0, 0, 0, 0, 0, 0, 0, 0, 0, 0, 0, 0, 0]	[255, 102, 109, 35, 174, 101, 193, 6, 6, 41, 16, 130, 252, 155, 133, 44, 50, 139, 84, 216, 129, 107, 136, 137, 233, 142, 223, 160, 240, 248, 210, 3]	[0, 0, 0, 0, 0, 0, 0, 0, 0, 0, 0, 0, 0, 0, 0, 0, 0, 0, 0, 0, 0, 0, 0, 0, 0, 0, 0, 0, 0, 0, 0, 0]
BEGIN	range/0/32/8/ip-only-response
OBS	[48, 104, 1, 154, 224, 40, 50, 159, 136, 232, 64, 46, 205, 198, 159, 228, 137, 253, 140, 143, 171, 215, 53, 77, 12, 60, 223, 123, 74, 12, 86, 19]	[0, 0, 0, 0, 0, 0, 0, 0, 0, 0, 0, 0, 0, 0, 0, 0, 0, 0, 0, 0, 0, 0, 0, 0, 0, 0, 0, 0, 0, 0, 0, 0]	[203, 239, 243, 238, 180, 71, 46, 135, 213, 26, 254, 137, 53, 17, 191, 24, 173, 200, 253, 44, 112, 15, 130, 121, 91, 254, 167, 246, 127, 46, 64, 7]	[48, 104, 1, 154, 224, 40, 50, 159, 136, 232, 64, 46, 205, 198, 159, 228, 137, 253, 140, 143, 171, 215, 53, 77, 12, 60, 223, 123, 74, 12, 86, 19]
BEGIN	range/0/32/8/wrong-domain
OBS	[168, 187, 60, 75, 215, 191, 12, 34, 84, 57, 93, 229, 56, 90, 117, 203, 161, 240, 140, 28, 71, 79, 251, 251, 177, 90, 136, 32, 39, 202, 192, 34]	[16, 20, 230, 4, 97, 133, 146, 101, 253, 1, 35, 83, 24, 230, 18, 141, 54, 196, 201, 142, 166, 195, 84, 75, 37, 120, 228, 183, 201, 194, 218, 68]	[0, 213, 50, 26, 97, 161, 217, 85, 86, 12, 28, 176, 22, 8, 237, 230, 41, 3, 133, 48, 156, 98, 219, 30, 49, 167, 255, 72, 127, 164, 78, 6]	[236, 33, 169, 63, 77, 112, 64, 193, 242, 103, 127, 240, 16, 141, 228, 151, 173, 45, 234, 77, 193, 89, 119, 41, 79, 239, 38, 234, 212, 212, 39, 7]
BEGIN	range/0/32/16/valid
OBS	[0, 0, 0, 0, 0, 0, 0, 0, 0, 0, 0, 0, 0, 0, 0, 0, 0, 0, 0, 0, 0, 0, 0, 0, 0, 0, 0, 0, 0, 0, 0, 0]	[0, 0, 0, 0, 0, 0, 0, 0, 0, 0, 0, 0, 0, 0, 0, 0, 0, 0, 0, 0, 0, 0, 0, 0, 0, 0, 0, 0, 0, 0, 0, 0]	[216, 77, 122, 110, 118, 23, 65, 179, 170, 43, 61, 181, 115, 25, 191, 51, 34, 51, 106, 180, 55, 251, 22, 18, 189, 132, 79, 246, 74, 73, 205, 13]	[0, 0, 0, 0, 0, 0, 0, 0, 0, 0, 0, 0, 0, 0, 0, 0, 0, 0, 0, 0, 0, 0, 0, 0, 0, 0, 0, 0, 0, 0, 0, 0]
BEGIN	range/0/32/16/ip-only-response
OBS	[114, 25, 154, 26, 154, 209, 93, 148, 18, 119, 211, 230, 159, 211, 135, 133, 118, 64, 213, 112, 142, 96, 124, 19, 252, 208, 182, 170, 33, 4, 197, 18]	[0, 0, 0, 0, 0, 0, 0, 0, 0, 0, 0, 0, 0, 0, 0, 0, 0, 0, 0, 0, 0, 0, 0, 0, 0, 0, 0, 0, 0, 0, 0, 0]	[0, 164, 7, 3, 29, 20, 115, 16, 121, 69, 191, 54, 173, 144, 74, 23, 134, 87, 172, 167, 21, 192, 65, 194, 117, 209, 21, 81, 232, 246, 84, 12]	[114, 25, 154, 26, 154, 209, 93, 148, 18, 119, 211, 230, 159, 211, 135, 133, 118, 64, 213, 112, 142, 96, 124, 19, 252, 208, 182, 170, 33, 4, 197, 18]
BEGIN	range/0/32/16/wrong-domain
OBS	[160, 81, 153, 164, 225, 53, 158, 54, 105, 51, 218, 76, 126, 252, 177, 252, 183, 8, 167, 203, 68, 225, 196, 190, 172, 223, 70, 57, 224, 76, 53, 117]	[112, 208, 150, 21, 185, 208, 60, 227, 45, 85, 240, 43, 248, 214, 92, 42, 200, 141, 16, 11, 196, 13, 68, 81, 231, 248, 48, 226, 198, 192, 5, 89]	[99, 95, 130, 26, 184, 176, 235, 226, 149, 185, 120, 26, 73, 134, 86, 128, 210, 211, 58, 125, 151, 165, 214, 225, 247, 218, 245, 165, 137, 189, 15, 7]	[28, 175, 32, 0, 67, 189, 194, 102, 219, 180, 181, 223, 49, 245, 28, 228, 26, 73, 217, 10, 90, 166, 231, 197, 61, 198, 88, 21, 20, 77, 26, 16]
BEGIN	range/0/32/32/valid
OBS	[0, 0, 0, 0, 0, 0, 0, 0, 0, 0, 0, 0, 0, 0, 0, 0, 0, 0, 0, 0, 0, 0, 0, 0, 0, 0, 0, 0, 0, 0, 0, 0]	[0, 0, 0, 0, 0, 0, 0, 0, 0, 0, 0, 0, 0, 0, 0, 0, 0, 0, 0, 0, 0, 0, 0, 0, 0, 0, 0, 0, 0, 0, 0, 0]	[237, 182, 39, 41, 8, 206, 241, 17, 207, 198, 89, 213, 50, 27, 25, 175, 224, 36, 250, 0, 0, 5, 60, 117, 104, 7, 221, 213, 238, 168, 207, 6]	[0, 0, 0, 0, 0, 0, 0, 0, 0, 0, 0, 0, 0, 0, 0, 0, 0, 0, 0, 0, 0, 0, 0, 0, 0, 0, 0, 0, 0, 0, 0, 0]
BEGIN	range/0/32/32/ip-only-response
OBS	[78, 116, 122, 213, 8, 133, 135, 205, 220, 159, 77, 191, 111, 2, 144, 126, 158, 244, 88, 77, 230, 139, 205, 169, 90, 121, 202, 220, 236, 145, 205, 49]	[0, 0, 0, 0, 0, 0, 0, 0, 0, 0, 0, 0, 0, 0, 0, 0, 0, 0, 0, 0, 0, 0, 0, 0, 0, 0, 0, 0, 0, 0, 0, 0]	[60, 240, 49, 48, 100, 73, 96, 31, 13, 88, 139, 141, 124, 210, 254, 5, 31, 131, 157, 197, 165, 98, 73, 187, 148, 121, 129, 244, 89, 232, 170, 0]	[78, 116, 122, 213, 8, 133, 135, 205, 220, 159, 77, 191, 111, 2, 144, 126, 158, 244, 88, 77, 230, 139, 205, 169, 90, 121, 202, 220, 236, 145, 205, 49]
BEGIN	range/0/32/32/wrong-domain
OBS	[84, 3, 224, 39, 1, 244, 229, 13, 144, 253, 59, 112, 4, 127, 176, 93, 119, 166, 29, 255, 96, 241, 5, 51, 215, 245, 67, 68, 252, 219, 79, 82]	[220, 218, 40, 67, 53, 76, 102, 57, 136, 200, 63, 77, 111, 60, 7, 146, 25, 44, 92, 186, 153, 172, 181, 169, 34, 146, 224, 3, 186, 30, 56, 13]	[85, 49, 38, 57, 94, 139, 240, 94, 215, 167, 195, 64, 56, 22, 158, 196, 185, 12, 163, 58, 190, 40, 57, 22, 182, 233, 115, 18, 163, 43, 209, 15]	[232, 124, 29, 7, 0, 217, 71, 17, 86, 32, 26, 53, 49, 115, 224, 112, 252, 205, 34, 224, 47, 129, 220, 210, 148, 64, 50, 18, 4, 52, 5, 57]
BEGIN	range/0/64/1/valid
OBS	[0, 0, 0, 0, 0, 0, 0, 0, 0, 0, 0, 0, 0, 0, 0, 0, 0, 0, 0, 0, 0, 0, 0, 0, 0, 0, 0, 0, 0, 0, 0, 0]	[0, 0, 0, 0, 0, 0, 0, 0, 0, 0, 0, 0, 0, 0, 0, 0, 0, 0, 0, 0, 0, 0, 0, 0, 0, 0, 0, 0, 0, 0, 0, 0]	[139, 101, 66, 172, 119, 147, 181, 247, 189, 60, 52, 55, 148, 124, 180, 191, 90, 254, 145, 192, 175, 41, 50, 87, 200, 177, 5, 25, 53, 208, 172, 9]	[0, 0, 0, 0, 0, 0, 0, 0, 0, 0, 0, 0, 0, 0, 0, 0, 0, 0, 0, 0, 0, 0, 0, 0, 0, 0, 0, 0, 0, 0, 0, 0]
BEGIN	range/0/64/1/ip-only-response
OBS	[6, 145, 55, 190, 53, 108, 118, 134, 36, 94, 44, 195, 252, 69, 204, 211, 17, 158, 148, 66, 75, 184, 104, 65, 35, 215, 210, 149, 47, 59, 146, 109]	[0, 0, 0, 0, 0, 0, 0, 0, 0, 0, 0, 0, 0, 0, 0, 0, 0, 0, 0, 0, 0, 0, 0, 0, 0, 0, 0, 0, 0, 0, 0, 0]	[10, 60, 92, 251, 250, 246, 63, 13, 130, 165, 9, 79, 69, 201, 12, 192, 56, 17, 114, 167, 66, 136, 74, 32, 112, 224, 50, 132, 160, 96, 194, 14]	[6, 145, 55, 190, 53, 108, 118, 134, 36, 94, 44, 195, 252, 69, 204, 211, 17, 158, 148, 66, 75, 184, 104, 65, 35, 215, 210, 149, 47, 59, 146, 109]
BEGIN	range/0/64/1/wrong-domain
OBS	[28, 84, 204, 178, 111, 215, 202, 178, 201, 103, 90, 123, 159, 143, 2, 114, 6, 9, 59, 58, 247, 110, 190, 46, 163, 243, 110, 235, 132, 103, 97, 29]	[236, 233, 243, 99, 42, 222, 229, 48, 4, 100, 156, 134, 150, 243, 237, 38, 222, 93, 183, 72, 57, 196, 233, 120, 76, 94, 158, 37, 223, 214, 77, 3]	[50, 33, 205, 91, 143, 114, 112, 252, 142, 134, 247, 222, 16, 167, 4, 136, 246, 81, 210, 178, 198, 38, 177, 52, 59, 125, 168, 244, 44, 53, 113, 4]	[138, 91, 226, 130, 208, 40, 29, 226, 169, 198, 154, 206, 73, 227, 18, 170, 109, 98, 34, 93, 123, 116, 148, 126, 119, 50, 188, 185, 218, 13, 108, 42]
BEGIN	range/0/64/2/valid
OBS	[0, 0, 0, 0, 0, 0, 0, 0, 0, 0, 0, 0, 0, 0, 0, 0, 0, 0, 0, 0, 0, 0, 0, 0, 0, 0, 0, 0, 0, 0, 0, 0]	[0, 0, 0, 0, 0, 0, 0, 0, 0, 0, 0, 0, 0, 0, 0, 0, 0, 0, 0, 0, 0, 0, 0, 0, 0, 0, 0, 0, 0, 0, 0, 0]	[143, 132, 133, 1, 38, 19, 253, 86, 126, 122, 167, 20, 107, 218, 149, 6, 159, 158, 147, 234, 55, 109, 65, 55, 126, 113, 181, 134, 219, 199, 77, 8]	[0, 0, 0, 0, 0, 0, 0, 0, 0, 0, 0, 0, 0, 0, 0, 0, 0, 0, 0, 0, 0, 0, 0, 0, 0, 0, 0, 0, 0, 0, 0, 0]
BEGIN	range/0/64/2/ip-only-response
OBS	[220, 105, 163, 205, 45, 118, 188, 146, 14, 111, 227, 111, 42, 203, 65, 181, 204, 206, 193, 198, 216, 141, 120, 217, 110, 156, 124, 235, 35, 195, 27, 2]	[0, 0, 0, 0, 0, 0, 0, 0, 0, 0, 0, 0, 0, 0, 0, 0, 0, 0, 0, 0, 0, 0, 0, 0, 0, 0, 0, 0, 0, 0, 0, 0]	[223, 7, 223, 9, 70, 22, 249, 116, 227, 13, 136, 39, 196, 116, 149, 99, 19, 194, 159, 100, 185, 197, 90, 112, 220, 35, 64, 239, 229, 33, 253, 5]	[220, 105, 163, 205, 45, 118, 188, 146, 14, 111, 227, 111, 42, 203, 65, 181, 204, 206, 193, 198, 216, 141, 120, 217, 110, 156, 124, 235, 35, 195, 27, 2]
BEGIN	range/0/64/2/wrong-domain
OBS	[124, 204, 48, 89, 143, 176, 14, 93, 171, 150, 21, 190, 247, 35, 195, 19, 7, 237, 30, 238, 185, 236, 165, 76, 108, 45, 135, 67, 37, 9, 146, 89]	[90, 91, 208, 40, 85, 155, 194, 227, 245, 84, 226, 125, 74, 62, 29, 212, 121, 75, 240, 128, 79, 143, 113, 255, 20, 60, 131, 98, 5, 2, 115, 13]	[2, 140, 43, 24, 128, 208, 214, 252, 81, 49, 137, 185, 217, 118, 64, 219, 12, 203, 64, 100, 20, 98, 184, 193, 252, 21, 66, 20, 118, 142, 91, 6]	[54, 3, 43, 242, 156, 202, 127, 195, 21, 255, 144, 181, 199, 102, 119, 7, 146, 120, 80, 120, 4, 214, 113, 66, 210, 238, 96, 73, 237, 8, 93, 121]
BEGIN	range/0/64/2/field-0-zero
BEGIN	range/0/64/2/field-0-invalid
BEGIN	range/0/64/2/field-0-point
OBS	[138, 234, 30, 80, 29, 185, 141, 168, 200, 167, 72, 234, 204, 136, 69, 13, 39, 182, 224, 144, 222, 171, 35, 220, 153, 105, 68, 175, 15, 166, 84, 60]	[18, 87, 112, 13, 236, 110, 182, 107, 249, 11, 136, 109, 168, 174, 117, 251, 152, 39, 191, 200, 5, 17, 103, 87, 183, 76, 213, 171, 16, 24, 165, 67]	[88, 104, 217, 249, 111, 236, 139, 158, 104, 191, 108, 5, 78, 155, 88, 255, 241, 175, 252, 174, 243, 138, 76, 252, 253, 29, 2, 75, 218, 21, 53, 7]	[116, 175, 170, 251, 99, 28, 128, 103, 211, 95, 65, 39, 195, 194, 111, 88, 131, 66, 206, 54, 109, 35, 18, 128, 119, 35, 19, 232, 166, 49, 50, 24]
BEGIN	range/0/64/2/field-1-zero
BEGIN	range/0/64/2/field-1-invalid
BEGIN	range/0/64/2/field-1-point
OBS	[168, 154, 164, 43, 57, 249, 188, 87, 15, 102, 106, 126, 177, 185, 243, 4, 53, 111, 0, 16, 41, 117, 147, 16, 197, 225, 151, 76, 86, 96, 46, 101]	[82, 201, 59, 136, 172, 234, 4, 237, 25, 3, 209, 96, 27, 145, 225, 72, 146, 26, 146, 44, 134, 198, 96, 38, 62, 209, 85, 46, 237, 194, 164, 113]	[135, 161, 13, 82, 148, 224, 83, 182, 112, 68, 86, 16, 157, 154, 173, 98, 135, 236, 156, 68, 172, 41, 117, 209, 40, 214, 150, 163, 166, 232, 12, 9]	[174, 109, 73, 204, 38, 223, 165, 115, 145, 145, 64, 209, 13, 174, 215, 240, 53, 144, 25, 17, 13, 29, 101, 85, 208, 209, 107, 223, 211, 167, 99, 110]
BEGIN	range/0/64/2/field-2-zero
BEGIN	range/0/64/2/field-2-invalid
BEGIN	range/0/64/2/field-2-point
OBS	[30, 52, 50, 234, 51, 190, 59, 131, 117, 62, 2, 254, 25, 240, 120, 52, 73, 79, 43, 22, 42, 17, 224, 151, 210, 167, 231, 104, 140, 30, 80, 46]	[184, 172, 100, 56, 165, 43, 13, 81, 252, 25, 63, 134, 20, 129, 137, 246, 248, 79, 206, 13, 97, 63, 26, 122, 51, 40, 140, 141, 7, 99, 99, 106]	[27, 10, 197, 104, 18, 113, 24, 175, 74, 173, 46, 180, 40, 158, 13, 214, 231, 161, 68, 18, 8, 180, 171, 244, 27, 255, 132, 95, 74, 245, 232, 3]	[2, 247, 48, 143, 73, 47, 65, 98, 115, 131, 178, 168, 173, 234, 43, 197, 224, 112, 159, 232, 127, 212, 225, 102, 44, 96, 74, 209, 27, 190, 232, 103]
BEGIN	range/0/64/2/field-3-zero
BEGIN	range/0/64/2/field-3-invalid
BEGIN	range/0/64/2/field-3-point
OBS	[156, 140, 136, 225, 209, 227, 48, 39, 118, 118, 200, 67, 36, 136, 68, 129, 56, 151, 176, 242, 246, 190, 125, 206, 42, 244, 23, 238, 107, 151, 233, 125]	[26, 41, 91, 163, 253, 36, 36, 45, 192, 232, 185, 36, 56, 189, 189, 105, 210, 24, 169, 125, 146, 39, 56, 176, 156, 91, 199, 81, 55, 113, 115, 46]	[110, 113, 167, 219, 186, 81, 188, 31, 126, 39, 85, 228, 80, 94, 65, 134, 177, 135, 51, 168, 204, 189, 194, 253, 179, 214, 48, 239, 194, 73, 251, 0]	[76, 203, 179, 96, 221, 26, 231, 70, 39, 73, 108, 245, 103, 83, 120, 8, 98, 195, 118, 13, 223, 45, 77, 40, 188, 154, 77, 178, 43, 85, 149, 49]
BEGIN	range/0/64/2/field-4-zero
OBS	[4, 197, 36, 84, 220, 203, 151, 132, 134, 131, 145, 38, 177, 46, 160, 168, 203, 250, 187, 252, 36, 34, 161, 134, 162, 111, 21, 77, 244, 104, 148, 41]	[2, 152, 203, 206, 241, 128, 49, 90, 217, 157, 187, 171, 214, 174, 56, 123, 247, 224, 33, 102, 121, 253, 144, 22, 253, 2, 207, 98, 91, 1, 105, 100]	[31, 210, 17, 97, 182, 31, 207, 71, 153, 98, 215, 181, 20, 238, 39, 253, 237, 90, 187, 27, 73, 196, 160, 106, 155, 191, 246, 189, 21, 15, 9, 7]	[46, 29, 59, 24, 54, 120, 117, 207, 100, 131, 138, 214, 85, 209, 1, 154, 192, 155, 132, 7, 3, 81, 205, 83, 226, 251, 158, 122, 36, 181, 248, 88]
BEGIN	range/0/64/2/field-4-invalid
BEGIN	range/0/64/2/field-4-point
BEGIN	range/0/64/2/field-5-zero
OBS	[36, 194, 102, 56, 228, 233, 57, 233, 224, 164, 82, 84, 132, 231, 125, 219, 248, 33, 90, 5, 15, 82, 47, 238, 208, 236, 180, 50, 52, 124, 145, 81]	[182, 165, 234, 103, 189, 176, 146, 46, 45, 85, 47, 47, 116, 138, 68, 215, 91, 230, 80, 219, 133, 166, 253, 7, 210, 132, 178, 250, 171, 228, 99, 96]	[58, 64, 136, 131, 19, 225, 78, 113, 166, 36, 145, 46, 209, 188, 12, 189, 33, 25, 125, 249, 194, 182, 96, 29, 153, 70, 138, 59, 200, 197, 69, 5]	[104, 155, 108, 183, 212, 214, 105, 218, 183, 223, 200, 131, 172, 223, 3, 250, 176, 66, 245, 188, 47, 194, 216, 0, 58, 206, 156, 223, 129, 107, 96, 52]
BEGIN	range/0/64/2/field-5-invalid
BEGIN	range/0/64/2/field-5-point
BEGIN	range/0/64/2/field-6-zero
OBS	[130, 25, 241, 67, 40, 70, 216, 9, 44, 252, 64, 36, 21, 138, 102, 15, 77, 45, 166, 153, 41, 152, 136, 172, 18, 122, 207, 196, 149, 32, 5, 127]	[0, 0, 0, 0, 0, 0, 0, 0, 0, 0, 0, 0, 0, 0, 0, 0, 0, 0, 0, 0, 0, 0, 0, 0, 0, 0, 0, 0, 0, 0, 0, 0]	[186, 171, 43, 153, 21, 231, 124, 76, 77, 165, 216, 7, 242, 203, 150, 29, 73, 44, 245, 109, 57, 149, 56, 160, 73, 155, 83, 92, 34, 87, 100, 12]	[130, 25, 241, 67, 40, 70, 216, 9, 44, 252, 64, 36, 21, 138, 102, 15, 77, 45, 166, 153, 41, 152, 136, 172, 18, 122, 207, 196, 149, 32, 5, 127]
BEGIN	range/0/64/2/field-6-invalid
BEGIN	range/0/64/2/field-6-point
BEGIN	range/0/64/2/field-7-zero
BEGIN	range/0/64/2/field-7-invalid
BEGIN	range/0/64/2/field-7-point
OBS	[40, 21, 243, 105, 249, 172, 184, 68, 93, 108, 162, 7, 160, 123, 131, 107, 0, 118, 206, 246, 71, 116, 58, 204, 19, 173, 229, 41, 121, 98, 77, 70]	[0, 0, 0, 0, 0, 0, 0, 0, 0, 0, 0, 0, 0, 0, 0, 0, 0, 0, 0, 0, 0, 0, 0, 0, 0, 0, 0, 0, 0, 0, 0, 0]	[15, 200, 157, 54, 28, 184, 158, 132, 37, 196, 163, 12, 178, 124, 221, 205, 64, 242, 141, 50, 223, 102, 82, 191, 54, 89, 102, 170, 127, 34, 166, 2]	[40, 21, 243, 105, 249, 172, 184, 68, 93, 108, 162, 7, 160, 123, 131, 107, 0, 118, 206, 246, 71, 116, 58, 204, 19, 173, 229, 41, 121, 98, 77, 70]
BEGIN	range/0/64/2/field-8-zero
BEGIN	range/0/64/2/field-8-invalid
BEGIN	range/0/64/2/field-8-point
OBS	[126, 130, 198, 209, 122, 136, 247, 112, 162, 227, 155, 252, 76, 252, 119, 49, 109, 246, 23, 219, 175, 166, 137, 61, 255, 109, 192, 132, 121, 58, 32, 58]	[0, 0, 0, 0, 0, 0, 0, 0, 0, 0, 0, 0, 0, 0, 0, 0, 0, 0, 0, 0, 0, 0, 0, 0, 0, 0, 0, 0, 0, 0, 0, 0]	[123, 179, 194, 89, 47, 134, 83, 72, 103, 45, 184, 20, 78, 212, 15, 44, 36, 53, 80, 27, 80, 218, 2, 140, 90, 36, 3, 171, 245, 19, 18, 9]	[126, 130, 198, 209, 122, 136, 247, 112, 162, 227, 155, 252, 76, 252, 119, 49, 109, 246, 23, 219, 175, 166, 137, 61, 255, 109, 192, 132, 121, 58, 32, 58]
BEGIN	range/0/64/2/field-9-zero
BEGIN	range/0/64/2/field-9-invalid
BEGIN	range/0/64/2/field-9-point
OBS	[86, 212, 57, 71, 221, 28, 17, 237, 73, 145, 169, 240, 87, 182, 107, 1, 85, 148, 10, 128, 179, 171, 114, 59, 162, 105, 222, 71, 156, 47, 54, 38]	[0, 0, 0, 0, 0, 0, 0, 0, 0, 0, 0, 0, 0, 0, 0, 0, 0, 0, 0, 0, 0, 0, 0, 0, 0, 0, 0, 0, 0, 0, 0, 0]	[227, 69, 159, 162, 176, 125, 203, 224, 158, 245, 51, 29, 198, 85, 67, 57, 108, 207, 107, 62, 249, 46, 183, 168, 94, 107, 3, 28, 127, 199, 12, 10]	[86, 212, 57, 71, 221, 28, 17, 237, 73, 145, 169, 240, 87, 182, 107, 1, 85, 148, 10, 128, 179, 171, 114, 59, 162, 105, 222, 71, 156, 47, 54, 38]
BEGIN	range/0/64/2/field-10-zero
BEGIN	range/0/64/2/field-10-invalid
BEGIN	range/0/64/2/field-10-point
OBS	[126, 59, 75, 156, 195, 229, 39, 134, 231, 185, 52, 131, 193, 188, 27, 69, 95, 50, 206, 209, 85, 228, 68, 82, 154, 40, 134, 249, 121, 146, 95, 20]	[0, 0, 0, 0, 0, 0, 0, 0, 0, 0, 0, 0, 0, 0, 0, 0, 0, 0, 0, 0, 0, 0, 0, 0, 0, 0, 0, 0, 0, 0, 0, 0]	[46, 209, 163, 168, 178, 164, 57, 58, 172, 138, 91, 46, 153, 192, 100, 129, 239, 109, 145, 182, 56, 93, 195, 65, 186, 174, 123, 173, 69, 70, 56, 1]	[126, 59, 75, 156, 195, 229, 39, 134, 231, 185, 52, 131, 193, 188, 27, 69, 95, 50, 206, 209, 85, 228, 68, 82, 154, 40, 134, 249, 121, 146, 95, 20]
BEGIN	range/0/64/2/field-11-zero
BEGIN	range/0/64/2/field-11-invalid
BEGIN	range/0/64/2/field-11-point
OBS	[236, 198, 4, 218, 41, 120, 163, 20, 180, 226, 255, 28, 211, 230, 144, 216, 237, 34, 208, 115, 194, 245, 247, 104, 151, 81, 173, 91, 69, 56, 75, 42]	[0, 0, 0, 0, 0, 0, 0, 0, 0, 0, 0, 0, 0, 0, 0, 0, 0, 0, 0, 0, 0, 0, 0, 0, 0, 0, 0, 0, 0, 0, 0, 0]	[247, 247, 188, 170, 79, 159, 218, 58, 233, 249, 199, 115, 2, 86, 238, 212, 60, 51, 37, 182, 157, 68, 218, 127, 152, 155, 2, 178, 235, 250, 79, 8]	[236, 198, 4, 218, 41, 120, 163, 20, 180, 226, 255, 28, 211, 230, 144, 216, 237, 34, 208, 115, 194, 245, 247, 104, 151, 81, 173, 91, 69, 56, 75, 42]
BEGIN	range/0/64/2/field-12-zero
BEGIN	range/0/64/2/field-12-invalid
BEGIN	range/0/64/2/field-12-point
OBS	[44, 18, 40, 243, 7, 219, 210, 140, 220, 208, 27, 137, 119, 178, 24, 210, 28, 59, 221, 96, 160, 121, 235, 121, 165, 245, 93, 30, 111, 249, 254, 112]	[0, 0, 0, 0, 0, 0, 0, 0, 0, 0, 0, 0, 0, 0, 0, 0, 0, 0, 0, 0, 0, 0, 0, 0, 0, 0, 0, 0, 0, 0, 0, 0]	[5, 156, 132, 16, 195, 25, 119, 82, 252, 180, 16, 164, 73, 218, 177, 26, 137, 201, 205, 231, 220, 107, 54, 121, 240, 28, 242, 243, 134, 40, 240, 11]	[44, 18, 40, 243, 7, 219, 210, 140, 220, 208, 27, 137, 119, 178, 24, 210, 28, 59, 221, 96, 160, 121, 235, 121, 165, 245, 93, 30, 111, 249, 254, 112]
BEGIN	range/0/64/2/field-13-zero
BEGIN	range/0/64/2/field-13-invalid
BEGIN	range/0/64/2/field-13-point
OBS	[72, 139, 73, 146, 108, 251, 157, 133, 137, 140, 163, 135, 61, 31, 168, 29, 175, 34, 165, 36, 99, 144, 66, 168, 243, 81, 126, 109, 220, 218, 13, 56]	[0, 0, 0, 0, 0, 0, 0, 0, 0, 0, 0, 0, 0, 0, 0, 0, 0, 0, 0, 0, 0, 0, 0, 0, 0, 0, 0, 0, 0, 0, 0, 0]	[53, 61, 226, 235, 137, 43, 106, 60, 98, 153, 73, 172, 105, 172, 209, 191, 231, 24, 42, 244, 13, 170, 127, 165, 177, 35, 174, 71, 13, 7, 31, 12]	[72, 139, 73, 146, 108, 251, 157, 133, 137, 140, 163, 135, 61, 31, 168, 29, 175, 34, 165, 36, 99, 144, 66, 168, 243, 81, 126, 109, 220, 218, 13, 56]
BEGIN	range/0/64/2/field-14-zero
BEGIN	range/0/64/2/field-14-invalid
BEGIN	range/0/64/2/field-14-point
OBS	[152, 228, 144, 39, 26, 245, 161, 181, 248, 35, 215, 62, 36, 45, 173, 74, 148, 95, 179, 49, 241, 243, 195, 117, 185, 32, 104, 3, 243, 54, 242, 88]	[0, 0, 0, 0, 0, 0, 0, 0, 0, 0, 0, 0, 0, 0, 0, 0, 0, 0, 0, 0, 0, 0, 0, 0, 0, 0, 0, 0, 0, 0, 0, 0]	[20, 75, 251, 40, 35, 69, 97, 210, 242, 113, 187, 114, 203, 231, 90, 79, 4, 222, 140, 170, 87, 146, 112, 182, 250, 194, 252, 39, 23, 42, 109, 2]	[152, 228, 144, 39, 26, 245, 161, 181, 248, 35, 215, 62, 36, 45, 173, 74, 148, 95, 179, 49, 241, 243, 195, 117, 185, 32, 104, 3, 243, 54, 242, 88]
BEGIN	range/0/64/2/field-15-zero
BEGIN	range/0/64/2/field-15-invalid
BEGIN	range/0/64/2/field-15-point
OBS	[82, 255, 255, 67, 25, 16, 45, 144, 6, 77, 229, 59, 66, 143, 73, 182, 58, 159, 251, 140, 6, 34, 37, 110, 98, 84, 119, 247, 115, 154, 186, 39]	[0, 0, 0, 0, 0, 0, 0, 0, 0, 0, 0, 0, 0, 0, 0, 0, 0, 0, 0, 0, 0, 0, 0, 0, 0, 0, 0, 0, 0, 0, 0, 0]	[2, 218, 82, 81, 242, 149, 165, 21, 248, 23, 192, 87, 2, 26, 36, 62, 208, 47, 93, 102, 18, 220, 62, 47, 41, 29, 84, 57, 236, 199, 9, 5]	[82, 255, 255, 67, 25, 16, 45, 144, 6, 77, 229, 59, 66, 143, 73, 182, 58, 159, 251, 140, 6, 34, 37, 110, 98, 84, 119, 247, 115, 154, 186, 39]
BEGIN	range/0/64/2/field-16-zero
BEGIN	range/0/64/2/field-16-invalid
BEGIN	range/0/64/2/field-16-point
OBS	[174, 112, 250, 168, 69, 80, 83, 145, 214, 6, 2, 86, 52, 206, 58, 116, 234, 247, 122, 243, 180, 170, 113, 13, 219, 131, 194, 44, 170, 4, 189, 54]	[0, 0, 0, 0, 0, 0, 0, 0, 0, 0, 0, 0, 0, 0, 0, 0, 0, 0, 0, 0, 0, 0, 0, 0, 0, 0, 0, 0, 0, 0, 0, 0]	[74, 30, 232, 186, 45, 106, 242, 223, 108, 30, 225, 151, 4, 254, 183, 2, 139, 219, 191, 81, 89, 95, 244, 200, 179, 200, 32, 184, 190, 189, 113, 0]	[174, 112, 250, 168, 69, 80, 83, 145, 214, 6, 2, 86, 52, 206, 58, 116, 234, 247, 122, 243, 180, 170, 113, 13, 219, 131, 194, 44, 170, 4, 189, 54]
BEGIN	range/0/64/2/field-17-zero
BEGIN	range/0/64/2/field-17-invalid
BEGIN	range/0/64/2/field-17-point
OBS	[156, 158, 77, 244, 11, 215, 30, 224, 209, 228, 2, 69, 50, 48, 73, 57, 116, 57, 241, 18, 107, 31, 99, 50, 202, 112, 102, 74, 72, 97, 189, 4]	[0, 0, 0, 0, 0, 0, 0, 0, 0, 0, 0, 0, 0, 0, 0, 0, 0, 0, 0, 0, 0, 0, 0, 0, 0, 0, 0, 0, 0, 0, 0, 0]	[150, 181, 0, 28, 187, 165, 125, 91, 168, 22, 169, 194, 67, 180, 60, 235, 38, 254, 248, 32, 208, 35, 28, 204, 102, 246, 55, 125, 168, 129, 142, 11]	[156, 158, 77, 244, 11, 215, 30, 224, 209, 228, 2, 69, 50, 48, 73, 57, 116, 57, 241, 18, 107, 31, 99, 50, 202, 112, 102, 74, 72, 97, 189, 4]
BEGIN	range/0/64/2/field-18-zero
BEGIN	range/0/64/2/field-18-invalid
BEGIN	range/0/64/2/field-18-point
OBS	[72, 96, 60, 247, 243, 213, 210, 51, 113, 10, 59, 218, 81, 100, 232, 103, 100, 26, 139, 131, 8, 147, 28, 139, 162, 190, 90, 99, 101, 67, 141, 113]	[0, 0, 0, 0, 0, 0, 0, 0, 0, 0, 0, 0, 0, 0, 0, 0, 0, 0, 0, 0, 0, 0, 0, 0, 0, 0, 0, 0, 0, 0, 0, 0]	[126, 88, 92, 66, 162, 87, 253, 115, 238, 61, 162, 14, 233, 127, 59, 111, 81, 33, 184, 105, 74, 101, 131, 180, 97, 237, 207, 54, 119, 67, 170, 1]	[72, 96, 60, 247, 243, 213, 210, 51, 113, 10, 59, 218, 81, 100, 232, 103, 100, 26, 139, 131, 8, 147, 28, 139, 162, 190, 90, 99, 101, 67, 141, 113]
BEGIN	range/0/64/2/field-19-zero
BEGIN	range/0/64/2/field-19-invalid
BEGIN	range/0/64/2/field-19-point
OBS	[172, 154, 79, 20, 66, 238, 149, 216, 78, 172, 240, 147, 204, 90, 186, 182, 119, 224, 151, 223, 33, 100, 68, 116, 68, 117, 239, 65, 177, 90, 118, 24]	[0, 0, 0, 0, 0, 0, 0, 0, 0, 0, 0, 0, 0, 0, 0, 0, 0, 0, 0, 0, 0, 0, 0, 0, 0, 0, 0, 0, 0, 0, 0, 0]	[228, 92, 199, 38, 145, 212, 72, 141, 26, 220, 118, 60, 165, 73, 29, 111, 226, 183, 154, 214, 84, 119, 99, 188, 59, 109, 196, 218, 107, 153, 174, 3]	[172, 154, 79, 20, 66, 238, 149, 216, 78, 172, 240, 147, 204, 90, 186, 182, 119, 224, 151, 223, 33, 100, 68, 116, 68, 117, 239, 65, 177, 90, 118, 24]
BEGIN	range/0/64/2/field-20-zero
BEGIN	range/0/64/2/field-20-invalid
BEGIN	range/0/64/2/field-20-point
OBS	[246, 204, 150, 217, 125, 1, 255, 49, 225, 79, 144, 37, 243, 121, 132, 60, 69, 11, 71, 27, 169, 84, 118, 219, 142, 53, 75, 217, 191, 5, 184, 35]	[0, 0, 0, 0, 0, 0, 0, 0, 0, 0, 0, 0, 0, 0, 0, 0, 0, 0, 0, 0, 0, 0, 0, 0, 0, 0, 0, 0, 0, 0, 0, 0]	[97, 144, 13, 80, 101, 245, 33, 172, 225, 74, 77, 57, 67, 200, 224, 201, 125, 65, 26, 117, 112, 156, 56, 39, 204, 164, 200, 98, 94, 96, 121, 15]	[246, 204, 150, 217, 125, 1, 255, 49, 225, 79, 144, 37, 243, 121, 132, 60, 69, 11, 71, 27, 169, 84, 118, 219, 142, 53, 75, 217, 191, 5, 184, 35]
BEGIN	range/0/64/2/field-21-zero
OBS	[134, 174, 228, 146, 84, 74, 79, 131, 82, 156, 193, 253, 47, 180, 94, 126, 126, 195, 233, 96, 136, 218, 218, 43, 234, 226, 225, 141, 72, 98, 31, 91]	[0, 0, 0, 0, 0, 0, 0, 0, 0, 0, 0, 0, 0, 0, 0, 0, 0, 0, 0, 0, 0, 0, 0, 0, 0, 0, 0, 0, 0, 0, 0, 0]	[140, 98, 6, 146, 34, 239, 107, 46, 99, 30, 232, 6, 84, 147, 97, 189, 146, 153, 254, 251, 197, 111, 244, 176, 218, 247, 214, 214, 82, 82, 138, 3]	[134, 174, 228, 146, 84, 74, 79, 131, 82, 156, 193, 253, 47, 180, 94, 126, 126, 195, 233, 96, 136, 218, 218, 43, 234, 226, 225, 141, 72, 98, 31, 91]
BEGIN	range/0/64/2/field-21-invalid
BEGIN	range/0/64/2/field-21-point
BEGIN	range/0/64/2/field-22-zero
OBS	[28, 225, 192, 245, 77, 253, 242, 46, 191, 7, 18, 112, 49, 249, 123, 125, 221, 93, 19, 80, 75, 147, 250, 241, 159, 173, 55, 111, 110, 166, 34, 16]	[0, 0, 0, 0, 0, 0, 0, 0, 0, 0, 0, 0, 0, 0, 0, 0, 0, 0, 0, 0, 0, 0, 0, 0, 0, 0, 0, 0, 0, 0, 0, 0]	[246, 255, 90, 16, 52, 156, 60, 153, 154, 68, 82, 52, 236, 228, 68, 135, 159, 15, 11, 18, 252, 231, 39, 57, 252, 229, 99, 195, 231, 198, 206, 6]	[28, 225, 192, 245, 77, 253, 242, 46, 191, 7, 18, 112, 49, 249, 123, 125, 221, 93, 19, 80, 75, 147, 250, 241, 159, 173, 55, 111, 110, 166, 34, 16]
BEGIN	range/0/64/2/field-22-invalid
BEGIN	range/0/64/2/field-22-point
BEGIN	range/0/64/2/commitment-0-invalid
BEGIN	range/0/64/2/commitment-0-point
OBS	[194, 30, 232, 163, 58, 211, 111, 244, 149, 42, 81, 190, 231, 180, 63, 231, 64, 178, 94, 81, 172, 172, 203, 132, 245, 135, 31, 4, 164, 20, 69, 62]	[78, 19, 25, 38, 251, 161, 60, 159, 22, 112, 148, 116, 190, 241, 131, 135, 57, 82, 105, 55, 135, 112, 218, 229, 218, 162, 222, 66, 118, 159, 35, 51]	[141, 216, 67, 62, 73, 245, 66, 34, 39, 43, 215, 171, 197, 162, 254, 188, 246, 167, 83, 106, 1, 36, 56, 44, 121, 47, 54, 223, 45, 19, 3, 3]	[122, 130, 132, 119, 167, 109, 112, 54, 151, 177, 184, 110, 141, 77, 187, 76, 246, 250, 171, 124, 180, 6, 149, 78, 111, 27, 170, 55, 29, 195, 172, 50]
BEGIN	range/0/64/2/commitment-1-zero
OBS	[224, 111, 239, 193, 138, 109, 169, 37, 91, 1, 88, 116, 237, 31, 67, 109, 127, 211, 72, 211, 24, 113, 136, 122, 91, 193, 77, 241, 112, 115, 232, 69]	[240, 142, 26, 223, 8, 99, 56, 122, 121, 250, 166, 63, 55, 141, 162, 93, 228, 22, 78, 250, 60, 255, 186, 146, 244, 125, 171, 72, 202, 85, 240, 39]	[75, 55, 152, 188, 172, 130, 40, 161, 73, 176, 76, 210, 21, 79, 0, 68, 119, 140, 111, 59, 45, 106, 216, 221, 241, 127, 35, 162, 0, 158, 143, 4]	[134, 151, 223, 64, 186, 87, 126, 65, 46, 214, 77, 31, 253, 192, 106, 104, 108, 55, 48, 148, 42, 220, 45, 49, 236, 110, 81, 15, 247, 241, 204, 25]
BEGIN	range/0/64/2/commitment-1-invalid
BEGIN	range/0/64/2/commitment-1-point
OBS	[248, 97, 219, 160, 38, 114, 13, 93, 22, 46, 58, 186, 92, 176, 236, 81, 197, 243, 196, 165, 50, 184, 82, 232, 32, 192, 165, 253, 226, 84, 39, 40]	[234, 186, 87, 146, 16, 113, 117, 69, 157, 14, 122, 57, 215, 29, 37, 178, 0, 111, 137, 75, 173, 193, 78, 36, 167, 160, 232, 122, 40, 246, 225, 37]	[70, 60, 163, 183, 32, 235, 123, 80, 246, 90, 9, 6, 236, 94, 95, 50, 24, 233, 82, 79, 200, 80, 227, 137, 216, 46, 130, 92, 112, 7, 163, 4]	[94, 134, 18, 40, 148, 38, 165, 2, 38, 184, 206, 38, 190, 50, 117, 114, 143, 33, 250, 89, 114, 52, 155, 242, 12, 46, 132, 49, 212, 20, 95, 123]
BEGIN	range/0/64/2/truncated-0
BEGIN	range/0/64/2/truncated-1
BEGIN	range/0/64/2/truncated-735
BEGIN	range/0/64/2/truncated-704
BEGIN	range/0/64/2/trailing
BEGIN	range/0/64/2/invalid-bits
BEGIN	range/0/64/2/short-generators
BEGIN	range/0/64/2/short-parties
BEGIN	range/0/64/2/empty-values
BEGIN	range/0/64/2/nonpower-values
BEGIN	range/0/64/4/valid
OBS	[0, 0, 0, 0, 0, 0, 0, 0, 0, 0, 0, 0, 0, 0, 0, 0, 0, 0, 0, 0, 0, 0, 0, 0, 0, 0, 0, 0, 0, 0, 0, 0]	[0, 0, 0, 0, 0, 0, 0, 0, 0, 0, 0, 0, 0, 0, 0, 0, 0, 0, 0, 0, 0, 0, 0, 0, 0, 0, 0, 0, 0, 0, 0, 0]	[24, 90, 143, 209, 146, 98, 38, 133, 230, 228, 237, 41, 90, 146, 196, 217, 160, 103, 0, 145, 48, 31, 220, 185, 9, 93, 225, 3, 4, 181, 65, 10]	[0, 0, 0, 0, 0, 0, 0, 0, 0, 0, 0, 0, 0, 0, 0, 0, 0, 0, 0, 0, 0, 0, 0, 0, 0, 0, 0, 0, 0, 0, 0, 0]
BEGIN	range/0/64/4/ip-only-response
OBS	[148, 237, 56, 224, 65, 2, 78, 178, 216, 6, 130, 144, 161, 77, 94, 162, 150, 73, 163, 100, 77, 8, 225, 21, 75, 132, 252, 55, 237, 143, 168, 116]	[0, 0, 0, 0, 0, 0, 0, 0, 0, 0, 0, 0, 0, 0, 0, 0, 0, 0, 0, 0, 0, 0, 0, 0, 0, 0, 0, 0, 0, 0, 0, 0]	[48, 37, 107, 53, 241, 55, 192, 255, 188, 46, 255, 94, 224, 200, 209, 41, 117, 146, 20, 146, 40, 204, 37, 39, 178, 153, 9, 57, 41, 132, 113, 6]	[148, 237, 56, 224, 65, 2, 78, 178, 216, 6, 130, 144, 161, 77, 94, 162, 150, 73, 163, 100, 77, 8, 225, 21, 75, 132, 252, 55, 237, 143, 168, 116]
BEGIN	range/0/64/4/wrong-domain
OBS	[94, 41, 121, 156, 110, 107, 17, 176, 160, 236, 61, 222, 60, 111, 49, 236, 51, 3, 237, 5, 0, 109, 52, 30, 242, 124, 0, 231, 72, 220, 130, 8]	[68, 77, 162, 24, 175, 56, 212, 41, 243, 59, 220, 252, 214, 82, 94, 236, 26, 135, 64, 177, 90, 185, 80, 98, 71, 13, 72, 8, 90, 36, 205, 81]	[87, 139, 82, 6, 177, 141, 53, 140, 113, 11, 201, 138, 123, 202, 187, 136, 18, 99, 178, 38, 48, 107, 18, 39, 158, 212, 128, 62, 56, 83, 29, 1]	[138, 143, 26, 103, 104, 25, 148, 55, 200, 109, 213, 141, 109, 132, 144, 183, 132, 72, 49, 33, 126, 227, 34, 237, 92, 159, 236, 49, 13, 13, 141, 86]
BEGIN	range/0/64/8/valid
OBS	[0, 0, 0, 0, 0, 0, 0, 0, 0, 0, 0, 0, 0, 0, 0, 0, 0, 0, 0, 0, 0, 0, 0, 0, 0, 0, 0, 0, 0, 0, 0, 0]	[0, 0, 0, 0, 0, 0, 0, 0, 0, 0, 0, 0, 0, 0, 0, 0, 0, 0, 0, 0, 0, 0, 0, 0, 0, 0, 0, 0, 0, 0, 0, 0]	[200, 236, 14, 224, 226, 17, 87, 207, 251, 5, 113, 97, 25, 66, 14, 132, 179, 216, 188, 50, 148, 19, 234, 231, 3, 154, 242, 133, 123, 121, 206, 13]	[0, 0, 0, 0, 0, 0, 0, 0, 0, 0, 0, 0, 0, 0, 0, 0, 0, 0, 0, 0, 0, 0, 0, 0, 0, 0, 0, 0, 0, 0, 0, 0]
BEGIN	range/0/64/8/ip-only-response
OBS	[102, 207, 101, 240, 169, 200, 48, 11, 146, 255, 83, 48, 223, 109, 138, 190, 114, 160, 207, 124, 26, 134, 14, 127, 10, 117, 60, 34, 109, 0, 24, 126]	[0, 0, 0, 0, 0, 0, 0, 0, 0, 0, 0, 0, 0, 0, 0, 0, 0, 0, 0, 0, 0, 0, 0, 0, 0, 0, 0, 0, 0, 0, 0, 0]	[21, 126, 26, 237, 62, 44, 218, 154, 246, 111, 132, 212, 174, 120, 109, 15, 121, 131, 63, 171, 243, 112, 230, 25, 97, 15, 185, 226, 250, 249, 206, 14]	[102, 207, 101, 240, 169, 200, 48, 11, 146, 255, 83, 48, 223, 109, 138, 190, 114, 160, 207, 124, 26, 134, 14, 127, 10, 117, 60, 34, 109, 0, 24, 126]
BEGIN	range/0/64/8/wrong-domain
OBS	[26, 239, 168, 168, 81, 123, 44, 156, 232, 59, 39, 133, 238, 157, 76, 150, 15, 61, 2, 238, 152, 155, 146, 169, 197, 218, 148, 100, 44, 69, 24, 88]	[226, 230, 163, 158, 177, 71, 239, 158, 207, 243, 128, 250, 27, 37, 70, 194, 15, 205, 159, 121, 38, 167, 161, 74, 199, 81, 104, 249, 27, 93, 228, 65]	[55, 229, 94, 138, 72, 127, 186, 131, 32, 45, 87, 142, 61, 212, 241, 85, 142, 85, 173, 221, 236, 104, 14, 213, 71, 183, 206, 81, 123, 245, 237, 1]	[84, 176, 191, 233, 143, 86, 254, 219, 11, 35, 191, 214, 199, 204, 86, 88, 50, 208, 120, 192, 143, 56, 218, 5, 165, 108, 55, 184, 93, 85, 211, 105]
BEGIN	range/0/64/16/valid
OBS	[0, 0, 0, 0, 0, 0, 0, 0, 0, 0, 0, 0, 0, 0, 0, 0, 0, 0, 0, 0, 0, 0, 0, 0, 0, 0, 0, 0, 0, 0, 0, 0]	[0, 0, 0, 0, 0, 0, 0, 0, 0, 0, 0, 0, 0, 0, 0, 0, 0, 0, 0, 0, 0, 0, 0, 0, 0, 0, 0, 0, 0, 0, 0, 0]	[210, 250, 182, 22, 165, 97, 12, 40, 66, 159, 236, 69, 130, 188, 69, 241, 107, 85, 118, 167, 160, 15, 145, 95, 79, 115, 97, 218, 14, 222, 110, 14]	[0, 0, 0, 0, 0, 0, 0, 0, 0, 0, 0, 0, 0, 0, 0, 0, 0, 0, 0, 0, 0, 0, 0, 0, 0, 0, 0, 0, 0, 0, 0, 0]
BEGIN	range/0/64/16/ip-only-response
OBS	[206, 120, 192, 93, 178, 163, 130, 29, 86, 179, 239, 28, 242, 61, 143, 152, 124, 187, 175, 95, 20, 168, 154, 81, 182, 109, 39, 170, 20, 138, 111, 83]	[0, 0, 0, 0, 0, 0, 0, 0, 0, 0, 0, 0, 0, 0, 0, 0, 0, 0, 0, 0, 0, 0, 0, 0, 0, 0, 0, 0, 0, 0, 0, 0]	[37, 131, 59, 223, 110, 254, 232, 126, 28, 11, 224, 19, 59, 101, 252, 205, 207, 17, 74, 209, 219, 80, 16, 100, 226, 207, 132, 117, 75, 104, 6, 8]	[206, 120, 192, 93, 178, 163, 130, 29, 86, 179, 239, 28, 242, 61, 143, 152, 124, 187, 175, 95, 20, 168, 154, 81, 182, 109, 39, 170, 20, 138, 111, 83]
BEGIN	range/0/64/16/wrong-domain
OBS	[84, 25, 152, 221, 214, 223, 190, 240, 6, 136, 104, 128, 134, 9, 108, 109, 26, 67, 51, 11, 68, 250, 121, 1, 147, 219, 150, 91, 110, 78, 150, 80]	[60, 133, 235, 91, 183, 142, 246, 189, 251, 96, 15, 56, 240, 83, 252, 176, 90, 113, 68, 227, 7, 136, 138, 197, 81, 146, 22, 187, 206, 21, 220, 96]	[240, 158, 215, 245, 245, 48, 247, 133, 87, 6, 103, 38, 184, 37, 115, 176, 152, 151, 226, 169, 70, 132, 223, 188, 119, 219, 198, 51, 78, 215, 72, 0]	[154, 222, 242, 79, 203, 163, 28, 184, 169, 215, 12, 146, 5, 97, 82, 207, 16, 126, 65, 114, 99, 60, 86, 240, 3, 186, 53, 255, 164, 31, 217, 110]
BEGIN	range/0/64/32/valid
OBS	[0, 0, 0, 0, 0, 0, 0, 0, 0, 0, 0, 0, 0, 0, 0, 0, 0, 0, 0, 0, 0, 0, 0, 0, 0, 0, 0, 0, 0, 0, 0, 0]	[0, 0, 0, 0, 0, 0, 0, 0, 0, 0, 0, 0, 0, 0, 0, 0, 0, 0, 0, 0, 0, 0, 0, 0, 0, 0, 0, 0, 0, 0, 0, 0]	[41, 136, 159, 239, 45, 59, 183, 51, 144, 17, 254, 114, 90, 27, 98, 211, 7, 18, 90, 1, 105, 4, 91, 210, 165, 144, 194, 71, 71, 95, 63, 3]	[0, 0, 0, 0, 0, 0, 0, 0, 0, 0, 0, 0, 0, 0, 0, 0, 0, 0, 0, 0, 0, 0, 0, 0, 0, 0, 0, 0, 0, 0, 0, 0]
BEGIN	range/0/64/32/ip-only-response
OBS	[86, 78, 24, 78, 81, 200, 135, 151, 135, 205, 197, 165, 123, 24, 192, 39, 47, 190, 94, 4, 90, 66, 16, 246, 129, 212, 245, 16, 188, 203, 132, 122]	[0, 0, 0, 0, 0, 0, 0, 0, 0, 0, 0, 0, 0, 0, 0, 0, 0, 0, 0, 0, 0, 0, 0, 0, 0, 0, 0, 0, 0, 0, 0, 0]	[244, 0, 237, 163, 126, 241, 70, 223, 94, 221, 77, 100, 106, 58, 21, 33, 253, 110, 238, 74, 190, 138, 56, 36, 248, 243, 133, 94, 127, 243, 140, 0]	[86, 78, 24, 78, 81, 200, 135, 151, 135, 205, 197, 165, 123, 24, 192, 39, 47, 190, 94, 4, 90, 66, 16, 246, 129, 212, 245, 16, 188, 203, 132, 122]
BEGIN	range/0/64/32/wrong-domain
OBS	[184, 131, 160, 188, 220, 98, 131, 73, 188, 54, 222, 137, 102, 13, 151, 159, 139, 145, 127, 127, 61, 225, 1, 52, 60, 59, 35, 53, 11, 233, 211, 59]	[120, 191, 210, 175, 100, 239, 4, 87, 80, 177, 208, 228, 195, 118, 127, 238, 189, 42, 201, 68, 141, 63, 99, 35, 144, 9, 180, 201, 169, 172, 214, 63]	[15, 75, 11, 178, 6, 57, 9, 186, 253, 78, 72, 200, 134, 252, 163, 155, 163, 55, 108, 123, 167, 67, 102, 57, 11, 114, 250, 51, 187, 176, 178, 12]	[100, 255, 247, 162, 10, 28, 128, 84, 97, 10, 141, 49, 35, 166, 131, 9, 110, 129, 19, 62, 255, 122, 239, 214, 151, 21, 100, 243, 172, 33, 166, 106]
BEGIN	range/1/8/1/valid
OBS	[0, 0, 0, 0, 0, 0, 0, 0, 0, 0, 0, 0, 0, 0, 0, 0, 0, 0, 0, 0, 0, 0, 0, 0, 0, 0, 0, 0, 0, 0, 0, 0]	[0, 0, 0, 0, 0, 0, 0, 0, 0, 0, 0, 0, 0, 0, 0, 0, 0, 0, 0, 0, 0, 0, 0, 0, 0, 0, 0, 0, 0, 0, 0, 0]	[225, 148, 52, 243, 7, 153, 215, 164, 135, 25, 80, 206, 5, 57, 42, 141, 192, 70, 104, 16, 15, 159, 31, 66, 203, 87, 22, 198, 211, 101, 105, 11]	[0, 0, 0, 0, 0, 0, 0, 0, 0, 0, 0, 0, 0, 0, 0, 0, 0, 0, 0, 0, 0, 0, 0, 0, 0, 0, 0, 0, 0, 0, 0, 0]
BEGIN	range/1/8/1/ip-only-response
OBS	[26, 157, 175, 5, 33, 38, 85, 132, 237, 104, 37, 26, 138, 73, 245, 157, 74, 128, 66, 153, 150, 65, 148, 252, 78, 203, 160, 238, 171, 67, 121, 24]	[0, 0, 0, 0, 0, 0, 0, 0, 0, 0, 0, 0, 0, 0, 0, 0, 0, 0, 0, 0, 0, 0, 0, 0, 0, 0, 0, 0, 0, 0, 0, 0]	[29, 37, 149, 105, 132, 83, 24, 175, 37, 114, 132, 200, 190, 229, 102, 29, 131, 251, 121, 100, 90, 226, 194, 85, 170, 86, 179, 97, 60, 7, 216, 7]	[26, 157, 175, 5, 33, 38, 85, 132, 237, 104, 37, 26, 138, 73, 245, 157, 74, 128, 66, 153, 150, 65, 148, 252, 78, 203, 160, 238, 171, 67, 121, 24]
BEGIN	range/1/8/1/wrong-domain
OBS	[0, 195, 5, 2, 99, 34, 219, 49, 97, 167, 129, 36, 14, 207, 188, 191, 177, 208, 146, 10, 120, 82, 232, 125, 72, 196, 235, 104, 45, 144, 36, 113]	[234, 252, 186, 218, 72, 186, 37, 157, 78, 171, 9, 84, 164, 201, 215, 115, 223, 248, 135, 250, 160, 98, 224, 196, 8, 139, 131, 68, 186, 51, 19, 89]	[97, 158, 158, 165, 251, 246, 2, 107, 87, 165, 185, 222, 150, 158, 130, 34, 101, 49, 197, 208, 244, 105, 103, 193, 99, 69, 100, 111, 41, 173, 241, 4]	[182, 249, 16, 45, 195, 9, 101, 126, 6, 131, 25, 192, 116, 137, 11, 113, 46, 157, 162, 211, 76, 204, 171, 181, 160, 66, 136, 101, 138, 227, 150, 83]
BEGIN	range/1/8/2/valid
OBS	[0, 0, 0, 0, 0, 0, 0, 0, 0, 0, 0, 0, 0, 0, 0, 0, 0, 0, 0, 0, 0, 0, 0, 0, 0, 0, 0, 0, 0, 0, 0, 0]	[0, 0, 0, 0, 0, 0, 0, 0, 0, 0, 0, 0, 0, 0, 0, 0, 0, 0, 0, 0, 0, 0, 0, 0, 0, 0, 0, 0, 0, 0, 0, 0]	[172, 166, 77, 165, 234, 161, 1, 227, 90, 143, 21, 39, 243, 151, 178, 196, 241, 84, 242, 208, 43, 178, 7, 204, 152, 205, 227, 245, 94, 82, 26, 3]	[0, 0, 0, 0, 0, 0, 0, 0, 0, 0, 0, 0, 0, 0, 0, 0, 0, 0, 0, 0, 0, 0, 0, 0, 0, 0, 0, 0, 0, 0, 0, 0]
BEGIN	range/1/8/2/ip-only-response
OBS	[60, 111, 52, 169, 211, 140, 253, 78, 50, 77, 80, 95, 202, 222, 44, 166, 37, 104, 227, 180, 13, 101, 121, 105, 222, 152, 65, 29, 195, 182, 98, 119]	[0, 0, 0, 0, 0, 0, 0, 0, 0, 0, 0, 0, 0, 0, 0, 0, 0, 0, 0, 0, 0, 0, 0, 0, 0, 0, 0, 0, 0, 0, 0, 0]	[83, 248, 77, 211, 63, 228, 62, 193, 25, 183, 139, 53, 248, 91, 246, 134, 84, 10, 68, 5, 155, 63, 192, 79, 145, 102, 71, 88, 37, 83, 87, 9]	[60, 111, 52, 169, 211, 140, 253, 78, 50, 77, 80, 95, 202, 222, 44, 166, 37, 104, 227, 180, 13, 101, 121, 105, 222, 152, 65, 29, 195, 182, 98, 119]
BEGIN	range/1/8/2/wrong-domain
OBS	[158, 23, 56, 19, 151, 212, 58, 113, 196, 51, 61, 61, 103, 222, 239, 230, 168, 52, 140, 158, 115, 106, 61, 203, 52, 160, 0, 216, 40, 83, 46, 76]	[92, 179, 51, 47, 146, 212, 7, 224, 54, 214, 8, 175, 236, 22, 191, 110, 28, 67, 232, 29, 113, 175, 76, 118, 242, 216, 55, 1, 120, 223, 95, 7]	[10, 224, 20, 239, 19, 174, 245, 35, 12, 97, 140, 132, 71, 105, 128, 177, 191, 220, 143, 73, 120, 91, 49, 113, 102, 188, 133, 31, 40, 100, 62, 15]	[68, 84, 146, 192, 174, 173, 197, 155, 252, 22, 8, 59, 110, 224, 99, 179, 41, 138, 102, 48, 0, 101, 18, 203, 47, 5, 115, 129, 131, 98, 162, 116]
BEGIN	range/1/8/4/valid
OBS	[0, 0, 0, 0, 0, 0, 0, 0, 0, 0, 0, 0, 0, 0, 0, 0, 0, 0, 0, 0, 0, 0, 0, 0, 0, 0, 0, 0, 0, 0, 0, 0]	[0, 0, 0, 0, 0, 0, 0, 0, 0, 0, 0, 0, 0, 0, 0, 0, 0, 0, 0, 0, 0, 0, 0, 0, 0, 0, 0, 0, 0, 0, 0, 0]	[146, 185, 254, 5, 14, 221, 60, 0, 182, 57, 221, 27, 236, 118, 165, 206, 30, 71, 63, 76, 11, 239, 108, 211, 108, 159, 187, 141, 185, 112, 7, 0]	[0, 0, 0, 0, 0, 0, 0, 0, 0, 0, 0, 0, 0, 0, 0, 0, 0, 0, 0, 0, 0, 0, 0, 0, 0, 0, 0, 0, 0, 0, 0, 0]
BEGIN	range/1/8/4/ip-only-response
OBS	[240, 169, 24, 224, 139, 24, 174, 3, 233, 43, 66, 82, 37, 39, 187, 160, 190, 194, 86, 97, 145, 171, 180, 137, 229, 98, 42, 125, 86, 33, 1, 76]	[0, 0, 0, 0, 0, 0, 0, 0, 0, 0, 0, 0, 0, 0, 0, 0, 0, 0, 0, 0, 0, 0, 0, 0, 0, 0, 0, 0, 0, 0, 0, 0]	[175, 10, 214, 1, 151, 195, 7, 32, 169, 72, 9, 227, 248, 26, 125, 55, 162, 94, 127, 197, 71, 251, 146, 142, 174, 230, 43, 162, 40, 33, 235, 15]	[240, 169, 24, 224, 139, 24, 174, 3, 233, 43, 66, 82, 37, 39, 187, 160, 190, 194, 86, 97, 145, 171, 180, 137, 229, 98, 42, 125, 86, 33, 1, 76]
BEGIN	range/1/8/4/wrong-domain
OBS	[252, 173, 226, 42, 94, 168, 3, 200, 232, 65, 74, 143, 170, 187, 203, 45, 10, 192, 97, 142, 150, 205, 253, 16, 178, 34, 225, 65, 165, 114, 34, 54]	[84, 210, 183, 236, 184, 103, 168, 96, 163, 8, 120, 83, 69, 245, 1, 161, 49, 96, 71, 10, 149, 94, 103, 239, 186, 41, 232, 184, 152, 79, 85, 73]	[79, 23, 43, 187, 190, 139, 239, 127, 136, 243, 202, 232, 20, 146, 133, 54, 84, 144, 50, 172, 126, 115, 65, 200, 143, 31, 220, 150, 185, 224, 217, 10]	[116, 253, 151, 100, 148, 180, 45, 129, 78, 69, 14, 113, 101, 90, 162, 68, 139, 27, 132, 189, 246, 39, 199, 21, 167, 162, 186, 39, 204, 162, 76, 95]
BEGIN	range/1/8/8/valid
OBS	[0, 0, 0, 0, 0, 0, 0, 0, 0, 0, 0, 0, 0, 0, 0, 0, 0, 0, 0, 0, 0, 0, 0, 0, 0, 0, 0, 0, 0, 0, 0, 0]	[0, 0, 0, 0, 0, 0, 0, 0, 0, 0, 0, 0, 0, 0, 0, 0, 0, 0, 0, 0, 0, 0, 0, 0, 0, 0, 0, 0, 0, 0, 0, 0]	[104, 139, 209, 220, 201, 14, 236, 236, 195, 31, 213, 24, 206, 209, 55, 88, 25, 8, 79, 193, 201, 4, 35, 71, 115, 251, 66, 233, 103, 156, 16, 9]	[0, 0, 0, 0, 0, 0, 0, 0, 0, 0, 0, 0, 0, 0, 0, 0, 0, 0, 0, 0, 0, 0, 0, 0, 0, 0, 0, 0, 0, 0, 0, 0]
BEGIN	range/1/8/8/ip-only-response
OBS	[220, 113, 18, 139, 159, 101, 241, 78, 220, 154, 104, 237, 202, 21, 57, 103, 192, 60, 208, 139, 186, 128, 176, 203, 201, 140, 9, 99, 218, 51, 29, 6]	[0, 0, 0, 0, 0, 0, 0, 0, 0, 0, 0, 0, 0, 0, 0, 0, 0, 0, 0, 0, 0, 0, 0, 0, 0, 0, 0, 0, 0, 0, 0, 0]	[255, 112, 243, 145, 132, 79, 138, 173, 217, 230, 145, 76, 213, 74, 188, 24, 119, 39, 250, 107, 14, 238, 63, 97, 140, 119, 165, 255, 199, 234, 184, 9]	[220, 113, 18, 139, 159, 101, 241, 78, 220, 154, 104, 237, 202, 21, 57, 103, 192, 60, 208, 139, 186, 128, 176, 203, 201, 140, 9, 99, 218, 51, 29, 6]
BEGIN	range/1/8/8/wrong-domain
OBS	[50, 218, 242, 238, 249, 121, 249, 184, 35, 77, 161, 135, 233, 54, 13, 32, 209, 161, 199, 127, 37, 53, 51, 44, 15, 141, 52, 151, 19, 194, 99, 107]	[24, 77, 205, 6, 50, 253, 147, 105, 187, 126, 151, 170, 45, 163, 5, 234, 219, 156, 161, 246, 216, 9, 219, 249, 177, 97, 192, 150, 178, 132, 231, 67]	[240, 162, 182, 42, 238, 4, 180, 63, 181, 39, 246, 87, 248, 18, 225, 64, 43, 176, 214, 120, 150, 116, 54, 169, 143, 202, 190, 254, 78, 83, 7, 8]	[24, 223, 92, 153, 242, 188, 64, 73, 21, 36, 83, 54, 193, 126, 188, 15, 182, 98, 19, 181, 49, 214, 217, 77, 113, 75, 232, 246, 198, 105, 171, 53]
BEGIN	range/1/8/16/valid
OBS	[0, 0, 0, 0, 0, 0, 0, 0, 0, 0, 0, 0, 0, 0, 0, 0, 0, 0, 0, 0, 0, 0, 0, 0, 0, 0, 0, 0, 0, 0, 0, 0]	[0, 0, 0, 0, 0, 0, 0, 0, 0, 0, 0, 0, 0, 0, 0, 0, 0, 0, 0, 0, 0, 0, 0, 0, 0, 0, 0, 0, 0, 0, 0, 0]	[186, 222, 202, 123, 187, 2, 250, 47, 142, 78, 122, 14, 12, 226, 230, 60, 171, 235, 38, 37, 156, 225, 8, 136, 207, 138, 144, 107, 34, 119, 26, 13]	[0, 0, 0, 0, 0, 0, 0, 0, 0, 0, 0, 0, 0, 0, 0, 0, 0, 0, 0, 0, 0, 0, 0, 0, 0, 0, 0, 0, 0, 0, 0, 0]
BEGIN	range/1/8/16/ip-only-response
OBS	[130, 19, 124, 61, 8, 156, 192, 64, 138, 201, 230, 228, 144, 230, 156, 84, 67, 144, 241, 126, 244, 246, 156, 146, 67, 201, 200, 147, 184, 96, 177, 77]	[0, 0, 0, 0, 0, 0, 0, 0, 0, 0, 0, 0, 0, 0, 0, 0, 0, 0, 0, 0, 0, 0, 0, 0, 0, 0, 0, 0, 0, 0, 0, 0]	[89, 78, 250, 116, 72, 132, 144, 34, 12, 34, 169, 104, 251, 163, 77, 245, 232, 203, 68, 15, 129, 82, 104, 47, 30, 174, 228, 153, 45, 239, 178, 2]	[130, 19, 124, 61, 8, 156, 192, 64, 138, 201, 230, 228, 144, 230, 156, 84, 67, 144, 241, 126, 244, 246, 156, 146, 67, 201, 200, 147, 184, 96, 177, 77]
BEGIN	range/1/8/16/wrong-domain
OBS	[198, 21, 62, 177, 9, 43, 247, 80, 129, 103, 224, 253, 114, 178, 31, 49, 253, 63, 253, 181, 187, 154, 129, 1, 210, 1, 13, 161, 25, 121, 29, 23]	[250, 96, 172, 35, 34, 127, 163, 172, 40, 124, 83, 96, 23, 205, 100, 184, 188, 141, 204, 105, 232, 19, 72, 48, 251, 44, 204, 18, 222, 117, 133, 38]	[191, 108, 131, 246, 157, 128, 145, 248, 146, 118, 175, 237, 17, 35, 235, 44, 68, 43, 151, 33, 107, 189, 82, 215, 34, 36, 184, 186, 72, 5, 237, 14]	[130, 59, 55, 39, 140, 34, 5, 16, 32, 27, 37, 163, 142, 134, 144, 217, 53, 239, 143, 86, 175, 203, 181, 178, 175, 27, 48, 32, 54, 62, 80, 65]
BEGIN	range/1/8/32/valid
OBS	[0, 0, 0, 0, 0, 0, 0, 0, 0, 0, 0, 0, 0, 0, 0, 0, 0, 0, 0, 0, 0, 0, 0, 0, 0, 0, 0, 0, 0, 0, 0, 0]	[0, 0, 0, 0, 0, 0, 0, 0, 0, 0, 0, 0, 0, 0, 0, 0, 0, 0, 0, 0, 0, 0, 0, 0, 0, 0, 0, 0, 0, 0, 0, 0]	[146, 127, 74, 116, 205, 110, 220, 20, 86, 133, 236, 253, 111, 234, 86, 195, 221, 62, 7, 162, 190, 142, 134, 170, 47, 144, 194, 88, 217, 30, 156, 9]	[0, 0, 0, 0, 0, 0, 0, 0, 0, 0, 0, 0, 0, 0, 0, 0, 0, 0, 0, 0, 0, 0, 0, 0, 0, 0, 0, 0, 0, 0, 0, 0]
BEGIN	range/1/8/32/ip-only-response
OBS	[92, 112, 164, 19, 66, 85, 14, 97, 114, 39, 210, 190, 7, 32, 222, 154, 93, 178, 166, 25, 130, 51, 42, 175, 18, 220, 130, 228, 248, 125, 32, 35]	[0, 0, 0, 0, 0, 0, 0, 0, 0, 0, 0, 0, 0, 0, 0, 0, 0, 0, 0, 0, 0, 0, 0, 0, 0, 0, 0, 0, 0, 0, 0, 0]	[108, 79, 81, 224, 170, 162, 223, 19, 155, 190, 40, 189, 82, 84, 42, 17, 85, 99, 36, 225, 19, 122, 213, 51, 41, 41, 72, 230, 121, 53, 200, 0]	[92, 112, 164, 19, 66, 85, 14, 97, 114, 39, 210, 190, 7, 32, 222, 154, 93, 178, 166, 25, 130, 51, 42, 175, 18, 220, 130, 228, 248, 125, 32, 35]
BEGIN	range/1/8/32/wrong-domain
OBS	[2, 61, 12, 238, 50, 100, 179, 113, 40, 93, 77, 251, 165, 69, 196, 89, 143, 26, 86, 212, 196, 90, 177, 181, 102, 135, 62, 56, 67, 197, 165, 100]	[86, 232, 200, 100, 83, 152, 201, 150, 223, 46, 79, 66, 67, 51, 212, 213, 65, 21, 189, 195, 48, 75, 28, 62, 135, 48, 166, 90, 4, 152, 136, 60]	[241, 189, 202, 188, 232, 155, 220, 59, 35, 210, 138, 106, 252, 5, 126, 194, 11, 232, 10, 163, 109, 95, 44, 193, 28, 136, 198, 106, 99, 123, 164, 7]	[126, 250, 74, 22, 243, 26, 49, 177, 123, 32, 61, 248, 253, 7, 181, 160, 7, 186, 228, 29, 63, 242, 178, 138, 12, 57, 142, 105, 183, 161, 16, 99]
BEGIN	range/1/16/1/valid
OBS	[0, 0, 0, 0, 0, 0, 0, 0, 0, 0, 0, 0, 0, 0, 0, 0, 0, 0, 0, 0, 0, 0, 0, 0, 0, 0, 0, 0, 0, 0, 0, 0]	[0, 0, 0, 0, 0, 0, 0, 0, 0, 0, 0, 0, 0, 0, 0, 0, 0, 0, 0, 0, 0, 0, 0, 0, 0, 0, 0, 0, 0, 0, 0, 0]	[33, 233, 121, 32, 159, 92, 219, 202, 63, 79, 26, 199, 14, 3, 222, 68, 31, 72, 245, 121, 66, 129, 96, 171, 94, 133, 99, 208, 68, 232, 25, 7]	[0, 0, 0, 0, 0, 0, 0, 0, 0, 0, 0, 0, 0, 0, 0, 0, 0, 0, 0, 0, 0, 0, 0, 0, 0, 0, 0, 0, 0, 0, 0, 0]
BEGIN	range/1/16/1/ip-only-response
OBS	[84, 80, 210, 203, 224, 171, 220, 87, 236, 203, 175, 216, 14, 57, 75, 32, 151, 205, 33, 147, 229, 50, 44, 22, 143, 132, 27, 116, 4, 0, 113, 50]	[0, 0, 0, 0, 0, 0, 0, 0, 0, 0, 0, 0, 0, 0, 0, 0, 0, 0, 0, 0, 0, 0, 0, 0, 0, 0, 0, 0, 0, 0, 0, 0]	[46, 226, 163, 208, 194, 56, 170, 234, 168, 78, 175, 75, 167, 155, 245, 190, 213, 252, 48, 166, 208, 136, 237, 176, 131, 151, 227, 41, 58, 183, 115, 11]	[84, 80, 210, 203, 224, 171, 220, 87, 236, 203, 175, 216, 14, 57, 75, 32, 151, 205, 33, 147, 229, 50, 44, 22, 143, 132, 27, 116, 4, 0, 113, 50]
BEGIN	range/1/16/1/wrong-domain
OBS	[144, 154, 215, 25, 158, 228, 221, 34, 107, 14, 222, 100, 159, 80, 236, 240, 119, 154, 142, 1, 229, 4, 121, 91, 136, 90, 78, 188, 6, 111, 58, 8]	[240, 232, 173, 69, 229, 190, 85, 230, 207, 241, 38, 252, 158, 27, 23, 46, 113, 180, 143, 56, 168, 207, 98, 132, 63, 182, 21, 138, 94, 58, 66, 69]	[143, 57, 180, 71, 230, 88, 18, 1, 215, 138, 144, 177, 6, 94, 112, 143, 216, 187, 44, 21, 230, 32, 13, 255, 214, 219, 233, 240, 155, 138, 217, 15]	[36, 108, 210, 24, 27, 0, 234, 216, 61, 133, 145, 199, 18, 126, 9, 103, 92, 2, 104, 104, 81, 14, 249, 48, 103, 28, 64, 28, 232, 141, 105, 11]
BEGIN	range/1/16/2/valid
OBS	[0, 0, 0, 0, 0, 0, 0, 0, 0, 0, 0, 0, 0, 0, 0, 0, 0, 0, 0, 0, 0, 0, 0, 0, 0, 0, 0, 0, 0, 0, 0, 0]	[0, 0, 0, 0, 0, 0, 0, 0, 0, 0, 0, 0, 0, 0, 0, 0, 0, 0, 0, 0, 0, 0, 0, 0, 0, 0, 0, 0, 0, 0, 0, 0]	[38, 123, 146, 17, 162, 47, 167, 168, 220, 173, 236, 232, 165, 108, 90, 173, 82, 88, 254, 49, 119, 132, 105, 37, 46, 158, 9, 28, 206, 49, 160, 2]	[0, 0, 0, 0, 0, 0, 0, 0, 0, 0, 0, 0, 0, 0, 0, 0, 0, 0, 0, 0, 0, 0, 0, 0, 0, 0, 0, 0, 0, 0, 0, 0]
BEGIN	range/1/16/2/ip-only-response
OBS	[218, 133, 54, 8, 16, 37, 87, 74, 28, 145, 138, 229, 247, 70, 140, 20, 169, 132, 120, 18, 59, 160, 141, 60, 29, 187, 250, 208, 68, 137, 71, 35]	[0, 0, 0, 0, 0, 0, 0, 0, 0, 0, 0, 0, 0, 0, 0, 0, 0, 0, 0, 0, 0, 0, 0, 0, 0, 0, 0, 0, 0, 0, 0, 0]	[114, 82, 177, 51, 160, 90, 75, 120, 95, 23, 154, 8, 153, 76, 130, 236, 187, 222, 22, 131, 198, 255, 3, 48, 54, 216, 175, 152, 213, 166, 111, 3]	[218, 133, 54, 8, 16, 37, 87, 74, 28, 145, 138, 229, 247, 70, 140, 20, 169, 132, 120, 18, 59, 160, 141, 60, 29, 187, 250, 208, 68, 137, 71, 35]
BEGIN	range/1/16/2/wrong-domain
OBS	[56, 103, 85, 231, 239, 53, 27, 187, 226, 150, 182, 204, 206, 47, 29, 229, 104, 51, 104, 18, 117, 158, 185, 49, 81, 24, 207, 228, 231, 0, 248, 68]	[52, 72, 120, 19, 150, 179, 135, 180, 225, 99, 248, 157, 230, 225, 131, 117, 96, 55, 116, 171, 53, 181, 12, 59, 88, 121, 96, 185, 8, 38, 128, 121]	[128, 59, 74, 245, 116, 101, 17, 0, 187, 246, 219, 240, 167, 41, 96, 24, 57, 43, 27, 87, 26, 211, 143, 128, 47, 65, 84, 91, 78, 128, 43, 13]	[240, 219, 178, 216, 69, 81, 216, 48, 156, 229, 109, 128, 140, 9, 85, 119, 52, 115, 73, 124, 65, 67, 81, 180, 84, 184, 155, 93, 148, 157, 40, 99]
BEGIN	range/1/16/4/valid
OBS	[0, 0, 0, 0, 0, 0, 0, 0, 0, 0, 0, 0, 0, 0, 0, 0, 0, 0, 0, 0, 0, 0, 0, 0, 0, 0, 0, 0, 0, 0, 0, 0]	[0, 0, 0, 0, 0, 0, 0, 0, 0, 0, 0, 0, 0, 0, 0, 0, 0, 0, 0, 0, 0, 0, 0, 0, 0, 0, 0, 0, 0, 0, 0, 0]	[159, 151, 170, 223, 240, 131, 154, 26, 194, 4, 60, 17, 204, 85, 55, 21, 105, 2, 63, 139, 203, 5, 120, 57, 244, 165, 121, 97, 251, 228, 243, 14]	[0, 0, 0, 0, 0, 0, 0, 0, 0, 0, 0, 0, 0, 0, 0, 0, 0, 0, 0, 0, 0, 0, 0, 0, 0, 0, 0, 0, 0, 0, 0, 0]
BEGIN	range/1/16/4/ip-only-response
OBS	[158, 168, 235, 21, 50, 163, 144, 8, 106, 90, 199, 250, 201, 12, 101, 158, 54, 96, 54, 110, 44, 44, 79, 171, 205, 203, 172, 85, 208, 161, 165, 19]	[0, 0, 0, 0, 0, 0, 0, 0, 0, 0, 0, 0, 0, 0, 0, 0, 0, 0, 0, 0, 0, 0, 0, 0, 0, 0, 0, 0, 0, 0, 0, 0]	[230, 168, 223, 50, 205, 242, 180, 25, 194, 226, 146, 150, 199, 98, 192, 34, 217, 156, 94, 36, 146, 17, 211, 31, 243, 229, 207, 104, 125, 168, 88, 6]	[158, 168, 235, 21, 50, 163, 144, 8, 106, 90, 199, 250, 201, 12, 101, 158, 54, 96, 54, 110, 44, 44, 79, 171, 205, 203, 172, 85, 208, 161, 165, 19]
BEGIN	range/1/16/4/wrong-domain
OBS	[14, 238, 62, 57, 125, 229, 85, 166, 88, 221, 0, 171, 87, 185, 248, 71, 112, 56, 7, 14, 2, 206, 75, 22, 111, 212, 63, 70, 233, 116, 7, 27]	[78, 184, 190, 55, 233, 245, 209, 206, 214, 242, 173, 205, 154, 24, 164, 5, 61, 171, 25, 153, 167, 125, 251, 104, 196, 78, 203, 57, 68, 48, 5, 52]	[168, 194, 232, 91, 174, 142, 240, 27, 217, 17, 252, 191, 186, 217, 255, 99, 149, 84, 195, 157, 192, 175, 5, 181, 200, 226, 178, 238, 57, 122, 222, 1]	[126, 89, 215, 175, 195, 22, 231, 172, 179, 92, 148, 28, 58, 6, 104, 214, 97, 24, 224, 9, 142, 208, 196, 120, 254, 215, 144, 223, 85, 57, 157, 94]
BEGIN	range/1/16/8/valid
OBS	[0, 0, 0, 0, 0, 0, 0, 0, 0, 0, 0, 0, 0, 0, 0, 0, 0, 0, 0, 0, 0, 0, 0, 0, 0, 0, 0, 0, 0, 0, 0, 0]	[0, 0, 0, 0, 0, 0, 0, 0, 0, 0, 0, 0, 0, 0, 0, 0, 0, 0, 0, 0, 0, 0, 0, 0, 0, 0, 0, 0, 0, 0, 0, 0]	[97, 151, 129, 207, 137, 5, 190, 12, 30, 126, 78, 88, 34, 36, 214, 0, 134, 133, 186, 222, 112, 124, 119, 208, 160, 140, 62, 208, 114, 76, 94, 2]	[0, 0, 0, 0, 0, 0, 0, 0, 0, 0, 0, 0, 0, 0, 0, 0, 0, 0, 0, 0, 0, 0, 0, 0, 0, 0, 0, 0, 0, 0, 0, 0]
BEGIN	range/1/16/8/ip-only-response
OBS	[158, 95, 198, 250, 98, 41, 22, 74, 98, 154, 189, 175, 223, 101, 39, 174, 239, 188, 121, 6, 99, 144, 217, 201, 202, 99, 80, 29, 64, 162, 212, 107]	[0, 0, 0, 0, 0, 0, 0, 0, 0, 0, 0, 0, 0, 0, 0, 0, 0, 0, 0, 0, 0, 0, 0, 0, 0, 0, 0, 0, 0, 0, 0, 0]	[10, 12, 215, 37, 235, 40, 217, 134, 103, 164, 224, 59, 160, 73, 253, 157, 58, 39, 250, 75, 221, 242, 178, 154, 166, 72, 105, 110, 228, 54, 200, 7]	[158, 95, 198, 250, 98, 41, 22, 74, 98, 154, 189, 175, 223, 101, 39, 174, 239, 188, 121, 6, 99, 144, 217, 201, 202, 99, 80, 29, 64, 162, 212, 107]
BEGIN	range/1/16/8/wrong-domain
OBS	[222, 17, 255, 195, 171, 239, 122, 30, 73, 249, 86, 249, 34, 53, 185, 190, 228, 93, 133, 129, 141, 158, 250, 212, 232, 192, 104, 68, 87, 183, 249, 111]	[140, 66, 30, 106, 41, 46, 234, 23, 177, 118, 67, 6, 99, 21, 48, 207, 35, 98, 181, 135, 97, 0, 93, 23, 30, 7, 0, 21, 193, 83, 193, 15]	[209, 176, 194, 141, 140, 233, 166, 61, 137, 101, 138, 90, 52, 133, 137, 108, 127, 100, 63, 169, 134, 103, 9, 105, 249, 33, 133, 51, 55, 254, 118, 3]	[126, 229, 101, 163, 183, 128, 215, 224, 218, 99, 104, 221, 119, 52, 96, 235, 77, 200, 253, 14, 128, 213, 83, 232, 194, 108, 209, 163, 71, 35, 245, 127]
BEGIN	range/1/16/16/valid
OBS	[0, 0, 0, 0, 0, 0, 0, 0, 0, 0, 0, 0, 0, 0, 0, 0, 0, 0, 0, 0, 0, 0, 0, 0, 0, 0, 0, 0, 0, 0, 0, 0]	[0, 0, 0, 0, 0, 0, 0, 0, 0, 0, 0, 0, 0, 0, 0, 0, 0, 0, 0, 0, 0, 0, 0, 0, 0, 0, 0, 0, 0, 0, 0, 0]	[151, 125, 229, 173, 88, 244, 121, 117, 223, 223, 121, 233, 217, 45, 231, 62, 148, 113, 171, 63, 20, 105, 75, 199, 198, 206, 15, 225, 151, 255, 45, 12]	[0, 0, 0, 0, 0, 0, 0, 0, 0, 0, 0, 0, 0, 0, 0, 0, 0, 0, 0, 0, 0, 0, 0, 0, 0, 0, 0, 0, 0, 0, 0, 0]
BEGIN	range/1/16/16/ip-only-response
OBS	[56, 119, 196, 4, 30, 146, 26, 117, 190, 118, 109, 167, 73, 189, 226, 237, 55, 79, 230, 121, 152, 97, 60, 159, 49, 205, 244, 173, 19, 233, 50, 31]	[0, 0, 0, 0, 0, 0, 0, 0, 0, 0, 0, 0, 0, 0, 0, 0, 0, 0, 0, 0, 0, 0, 0, 0, 0, 0, 0, 0, 0, 0, 0, 0]	[210, 4, 78, 241, 176, 57, 248, 39, 88, 134, 29, 201, 31, 5, 203, 141, 94, 83, 202, 38, 112, 84, 152, 125, 158, 67, 228, 160, 39, 15, 158, 1]	[56, 119, 196, 4, 30, 146, 26, 117, 190, 118, 109, 167, 73, 189, 226, 237, 55, 79, 230, 121, 152, 97, 60, 159, 49, 205, 244, 173, 19, 233, 50, 31]
BEGIN	range/1/16/16/wrong-domain
OBS	[42, 229, 112, 223, 0, 55, 242, 109, 205, 31, 245, 241, 68, 103, 78, 206, 119, 188, 172, 166, 24, 156, 199, 8, 88, 136, 151, 105, 205, 171, 167, 26]	[114, 73, 155, 213, 60, 188, 60, 244, 131, 16, 151, 92, 37, 113, 139, 71, 8, 102, 146, 192, 246, 0, 15, 255, 133, 239, 166, 171, 109, 62, 95, 50]	[245, 223, 51, 239, 109, 68, 182, 87, 139, 59, 132, 202, 14, 229, 66, 223, 95, 82, 181, 175, 100, 144, 71, 187, 244, 138, 1, 66, 6, 159, 97, 0]	[74, 235, 28, 233, 50, 221, 44, 37, 217, 195, 109, 50, 107, 19, 52, 62, 248, 189, 31, 5, 175, 10, 183, 154, 18, 157, 178, 226, 170, 199, 2, 29]
BEGIN	range/1/16/32/valid
OBS	[0, 0, 0, 0, 0, 0, 0, 0, 0, 0, 0, 0, 0, 0, 0, 0, 0, 0, 0, 0, 0, 0, 0, 0, 0, 0, 0, 0, 0, 0, 0, 0]	[0, 0, 0, 0, 0, 0, 0, 0, 0, 0, 0, 0, 0, 0, 0, 0, 0, 0, 0, 0, 0, 0, 0, 0, 0, 0, 0, 0, 0, 0, 0, 0]	[220, 234, 230, 231, 151, 203, 215, 75, 29, 201, 164, 138, 219, 249, 173, 199, 246, 229, 15, 226, 235, 100, 166, 228, 56, 226, 203, 139, 233, 131, 180, 6]	[0, 0, 0, 0, 0, 0, 0, 0, 0, 0, 0, 0, 0, 0, 0, 0, 0, 0, 0, 0, 0, 0, 0, 0, 0, 0, 0, 0, 0, 0, 0, 0]
BEGIN	range/1/16/32/ip-only-response
OBS	[32, 200, 204, 129, 203, 50, 47, 116, 106, 197, 230, 192, 10, 51, 27, 1, 151, 138, 42, 34, 196, 245, 45, 107, 58, 242, 7, 48, 227, 103, 200, 39]	[0, 0, 0, 0, 0, 0, 0, 0, 0, 0, 0, 0, 0, 0, 0, 0, 0, 0, 0, 0, 0, 0, 0, 0, 0, 0, 0, 0, 0, 0, 0, 0]	[188, 19, 162, 176, 165, 70, 82, 255, 31, 54, 86, 140, 218, 101, 20, 177, 113, 220, 252, 137, 158, 53, 65, 227, 157, 12, 117, 0, 25, 1, 108, 13]	[32, 200, 204, 129, 203, 50, 47, 116, 106, 197, 230, 192, 10, 51, 27, 1, 151, 138, 42, 34, 196, 245, 45, 107, 58, 242, 7, 48, 227, 103, 200, 39]
BEGIN	range/1/16/32/wrong-domain
OBS	[236, 175, 84, 219, 211, 17, 74, 28, 94, 247, 7, 64, 196, 178, 47, 131, 194, 42, 252, 222, 91, 15, 197, 199, 196, 30, 162, 89, 238, 58, 155, 45]	[242, 166, 199, 227, 130, 141, 205, 245, 247, 79, 173, 226, 20, 10, 11, 103, 172, 200, 127, 23, 76, 195, 103, 194, 233, 148, 31, 210, 157, 53, 191, 18]	[85, 88, 141, 37, 132, 144, 97, 0, 13, 122, 214, 176, 5, 140, 68, 116, 37, 187, 224, 129, 133, 94, 230, 2, 202, 119, 82, 182, 171, 167, 58, 2]	[0, 41, 52, 76, 98, 227, 86, 218, 195, 206, 178, 141, 29, 81, 22, 47, 74, 28, 181, 142, 102, 190, 143, 195, 63, 183, 21, 109, 132, 160, 182, 123]
BEGIN	range/1/32/1/valid
OBS	[0, 0, 0, 0, 0, 0, 0, 0, 0, 0, 0, 0, 0, 0, 0, 0, 0, 0, 0, 0, 0, 0, 0, 0, 0, 0, 0, 0, 0, 0, 0, 0]	[0, 0, 0, 0, 0, 0, 0, 0, 0, 0, 0, 0, 0, 0, 0, 0, 0, 0, 0, 0, 0, 0, 0, 0, 0, 0, 0, 0, 0, 0, 0, 0]	[124, 34, 244, 147, 199, 217, 131, 99, 91, 71, 83, 39, 178, 165, 229, 97, 118, 67, 59, 117, 64, 123, 167, 219, 173, 200, 241, 90, 106, 2, 108, 3]	[0, 0, 0, 0, 0, 0, 0, 0, 0, 0, 0, 0, 0, 0, 0, 0, 0, 0, 0, 0, 0, 0, 0, 0, 0, 0, 0, 0, 0, 0, 0, 0]
BEGIN	range/1/32/1/ip-only-response
OBS	[214, 199, 46, 248, 66, 208, 138, 127, 165, 179, 60, 97, 41, 21, 53, 18, 147, 53, 160, 212, 3, 23, 74, 46, 100, 245, 219, 101, 140, 25, 2, 88]	[0, 0, 0, 0, 0, 0, 0, 0, 0, 0, 0, 0, 0, 0, 0, 0, 0, 0, 0, 0, 0, 0, 0, 0, 0, 0, 0, 0, 0, 0, 0, 0]	[32, 178, 49, 219, 157, 24, 0, 116, 9, 92, 155, 121, 130, 163, 99, 228, 34, 150, 143, 245, 148, 240, 78, 237, 141, 58, 7, 127, 245, 1, 101, 12]	[214, 199, 46, 248, 66, 208, 138, 127, 165, 179, 60, 97, 41, 21, 53, 18, 147, 53, 160, 212, 3, 23, 74, 46, 100, 245, 219, 101, 140, 25, 2, 88]
BEGIN	range/1/32/1/wrong-domain
OBS	[138, 226, 115, 46, 145, 69, 217, 53, 53, 227, 178, 44, 190, 6, 1, 2, 182, 116, 166, 253, 125, 22, 155, 110, 203, 113, 158, 36, 20, 82, 140, 89]	[178, 133, 159, 220, 101, 167, 51, 131, 226, 109, 196, 46, 106, 97, 114, 250, 142, 181, 226, 35, 29, 255, 191, 35, 90, 103, 10, 68, 127, 20, 47, 68]	[125, 43, 206, 162, 243, 130, 144, 140, 145, 24, 116, 145, 13, 244, 132, 239, 249, 94, 50, 140, 255, 160, 209, 102, 156, 234, 67, 190, 48, 236, 12, 5]	[74, 7, 117, 232, 198, 64, 50, 21, 64, 248, 222, 32, 159, 71, 29, 164, 139, 20, 111, 88, 59, 73, 189, 91, 223, 163, 186, 128, 30, 62, 154, 14]
BEGIN	range/1/32/2/valid
OBS	[0, 0, 0, 0, 0, 0, 0, 0, 0, 0, 0, 0, 0, 0, 0, 0, 0, 0, 0, 0, 0, 0, 0, 0, 0, 0, 0, 0, 0, 0, 0, 0]	[0, 0, 0, 0, 0, 0, 0, 0, 0, 0, 0, 0, 0, 0, 0, 0, 0, 0, 0, 0, 0, 0, 0, 0, 0, 0, 0, 0, 0, 0, 0, 0]	[90, 71, 89, 8, 205, 160, 76, 51, 99, 175, 111, 99, 64, 12, 165, 161, 158, 146, 63, 183, 27, 200, 64, 153, 133, 255, 121, 36, 204, 80, 216, 10]	[0, 0, 0, 0, 0, 0, 0, 0, 0, 0, 0, 0, 0, 0, 0, 0, 0, 0, 0, 0, 0, 0, 0, 0, 0, 0, 0, 0, 0, 0, 0, 0]
BEGIN	range/1/32/2/ip-only-response
OBS	[6, 144, 171, 92, 108, 62, 187, 24, 115, 78, 183, 206, 151, 24, 12, 115, 28, 96, 105, 107, 104, 140, 74, 145, 106, 228, 164, 80, 162, 33, 175, 0]	[0, 0, 0, 0, 0, 0, 0, 0, 0, 0, 0, 0, 0, 0, 0, 0, 0, 0, 0, 0, 0, 0, 0, 0, 0, 0, 0, 0, 0, 0, 0, 0]	[18, 61, 85, 111, 141, 47, 104, 207, 109, 183, 95, 16, 246, 98, 83, 92, 193, 165, 244, 254, 218, 147, 108, 161, 212, 178, 22, 82, 189, 126, 18, 13]	[6, 144, 171, 92, 108, 62, 187, 24, 115, 78, 183, 206, 151, 24, 12, 115, 28, 96, 105, 107, 104, 140, 74, 145, 106, 228, 164, 80, 162, 33, 175, 0]
BEGIN	range/1/32/2/wrong-domain
OBS	[220, 236, 240, 107, 208, 239, 70, 67, 182, 14, 79, 66, 219, 201, 155, 73, 243, 0, 161, 164, 131, 29, 14, 82, 162, 71, 12, 42, 167, 52, 177, 64]	[4, 153, 250, 242, 148, 188, 169, 62, 31, 35, 151, 200, 192, 195, 47, 1, 87, 38, 108, 86, 106, 179, 249, 175, 25, 75, 113, 192, 129, 113, 40, 93]	[56, 237, 149, 112, 143, 34, 168, 218, 57, 222, 139, 40, 173, 27, 102, 223, 25, 60, 2, 101, 206, 1, 148, 78, 209, 245, 170, 101, 42, 19, 208, 11]	[2, 177, 253, 227, 11, 105, 212, 87, 203, 165, 114, 153, 72, 101, 105, 35, 168, 142, 133, 179, 225, 91, 204, 231, 83, 84, 61, 8, 214, 106, 177, 107]
BEGIN	range/1/32/4/valid
OBS	[0, 0, 0, 0, 0, 0, 0, 0, 0, 0, 0, 0, 0, 0, 0, 0, 0, 0, 0, 0, 0, 0, 0, 0, 0, 0, 0, 0, 0, 0, 0, 0]	[0, 0, 0, 0, 0, 0, 0, 0, 0, 0, 0, 0, 0, 0, 0, 0, 0, 0, 0, 0, 0, 0, 0, 0, 0, 0, 0, 0, 0, 0, 0, 0]	[55, 61, 175, 217, 143, 248, 150, 37, 43, 64, 12, 155, 127, 73, 205, 216, 224, 226, 230, 47, 181, 238, 97, 6, 108, 171, 189, 255, 255, 205, 210, 14]	[0, 0, 0, 0, 0, 0, 0, 0, 0, 0, 0, 0, 0, 0, 0, 0, 0, 0, 0, 0, 0, 0, 0, 0, 0, 0, 0, 0, 0, 0, 0, 0]
BEGIN	range/1/32/4/ip-only-response
OBS	[196, 157, 38, 248, 101, 232, 223, 33, 228, 109, 134, 80, 0, 16, 199, 144, 103, 22, 174, 182, 182, 196, 102, 37, 226, 192, 74, 117, 129, 124, 99, 88]	[0, 0, 0, 0, 0, 0, 0, 0, 0, 0, 0, 0, 0, 0, 0, 0, 0, 0, 0, 0, 0, 0, 0, 0, 0, 0, 0, 0, 0, 0, 0, 0]	[48, 81, 228, 254, 74, 197, 152, 240, 18, 38, 57, 138, 118, 252, 7, 245, 106, 165, 53, 71, 215, 22, 121, 78, 244, 186, 249, 164, 205, 96, 182, 5]	[196, 157, 38, 248, 101, 232, 223, 33, 228, 109, 134, 80, 0, 16, 199, 144, 103, 22, 174, 182, 182, 196, 102, 37, 226, 192, 74, 117, 129, 124, 99, 88]
BEGIN	range/1/32/4/wrong-domain
OBS	[76, 28, 45, 75, 154, 154, 44, 211, 237, 93, 22, 101, 171, 25, 163, 206, 111, 11, 200, 216, 232, 119, 147, 177, 251, 23, 120, 130, 157, 108, 165, 59]	[242, 253, 160, 192, 206, 152, 215, 39, 13, 167, 138, 146, 180, 37, 117, 218, 232, 139, 248, 70, 36, 255, 52, 250, 45, 253, 72, 206, 233, 78, 190, 61]	[205, 113, 175, 194, 214, 205, 107, 122, 105, 166, 191, 63, 179, 94, 147, 204, 146, 165, 205, 237, 169, 245, 14, 224, 94, 201, 59, 118, 55, 193, 109, 14]	[12, 187, 32, 149, 89, 247, 45, 53, 240, 45, 213, 149, 180, 138, 20, 115, 103, 72, 200, 109, 150, 164, 60, 90, 57, 66, 206, 244, 149, 205, 174, 117]
BEGIN	range/1/32/8/valid
OBS	[0, 0, 0, 0, 0, 0, 0, 0, 0, 0, 0, 0, 0, 0, 0, 0, 0, 0, 0, 0, 0, 0, 0, 0, 0, 0, 0, 0, 0, 0, 0, 0]	[0, 0, 0, 0, 0, 0, 0, 0, 0, 0, 0, 0, 0, 0, 0, 0, 0, 0, 0, 0, 0, 0, 0, 0, 0, 0, 0, 0, 0, 0, 0, 0]	[9, 176, 164, 81, 50, 114, 75, 251, 98, 244, 194, 193, 173, 235, 91, 243, 110, 210, 5, 25, 161, 81, 105, 129, 181, 8, 150, 231, 120, 234, 67, 4]	[0, 0, 0, 0, 0, 0, 0, 0, 0, 0, 0, 0, 0, 0, 0, 0, 0, 0, 0, 0, 0, 0, 0, 0, 0, 0, 0, 0, 0, 0, 0, 0]
BEGIN	range/1/32/8/ip-only-response
OBS	[78, 227, 158, 130, 45, 68, 223, 77, 32, 76, 14, 182, 93, 25, 91, 42, 170, 196, 189, 25, 79, 171, 11, 172, 38, 200, 34, 201, 43, 174, 22, 102]	[0, 0, 0, 0, 0, 0, 0, 0, 0, 0, 0, 0, 0, 0, 0, 0, 0, 0, 0, 0, 0, 0, 0, 0, 0, 0, 0, 0, 0, 0, 0, 0]	[51, 99, 233, 174, 42, 69, 192, 16, 242, 39, 175, 233, 230, 25, 21, 173, 116, 143, 156, 85, 54, 236, 131, 143, 36, 64, 20, 101, 235, 90, 117, 12]	[78, 227, 158, 130, 45, 68, 223, 77, 32, 76, 14, 182, 93, 25, 91, 42, 170, 196, 189, 25, 79, 171, 11, 172, 38, 200, 34, 201, 43, 174, 22, 102]
BEGIN	range/1/32/8/wrong-domain
OBS	[16, 196, 180, 169, 243, 233, 92, 243, 191, 250, 37, 181, 103, 51, 102, 150, 223, 197, 227, 54, 217, 18, 8, 12, 252, 240, 10, 20, 100, 84, 14, 35]	[250, 4, 94, 96, 176, 62, 80, 235, 182, 218, 153, 126, 79, 99, 23, 55, 111, 76, 46, 120, 186, 245, 237, 42, 105, 65, 27, 182, 66, 149, 193, 74]	[2, 8, 192, 118, 50, 71, 2, 244, 26, 122, 218, 45, 153, 77, 24, 130, 17, 242, 106, 134, 154, 60, 140, 19, 109, 83, 180, 236, 133, 232, 45, 4]	[110, 252, 175, 158, 211, 66, 53, 74, 85, 213, 33, 140, 254, 165, 202, 61, 156, 26, 26, 84, 2, 133, 120, 148, 200, 10, 183, 48, 187, 185, 30, 114]
BEGIN	range/1/32/16/valid
OBS	[0, 0, 0, 0, 0, 0, 0, 0, 0, 0, 0, 0, 0, 0, 0, 0, 0, 0, 0, 0, 0, 0, 0, 0, 0, 0, 0, 0, 0, 0, 0, 0]	[0, 0, 0, 0, 0, 0, 0, 0, 0, 0, 0, 0, 0, 0, 0, 0, 0, 0, 0, 0, 0, 0, 0, 0, 0, 0, 0, 0, 0, 0, 0, 0]	[55, 198, 185, 204, 230, 90, 229, 204, 52, 134, 241, 212, 79, 54, 115, 215, 53, 144, 183, 162, 115, 218, 164, 225, 85, 155, 18, 226, 148, 18, 166, 12]	[0, 0, 0, 0, 0, 0, 0, 0, 0, 0, 0, 0, 0, 0, 0, 0, 0, 0, 0, 0, 0, 0, 0, 0, 0, 0, 0, 0, 0, 0, 0, 0]
BEGIN	range/1/32/16/ip-only-response
OBS	[182, 93, 161, 101, 204, 204, 154, 71, 164, 74, 65, 6, 107, 177, 79, 54, 156, 169, 64, 186, 87, 26, 150, 152, 56, 69, 80, 23, 166, 140, 232, 5]	[0, 0, 0, 0, 0, 0, 0, 0, 0, 0, 0, 0, 0, 0, 0, 0, 0, 0, 0, 0, 0, 0, 0, 0, 0, 0, 0, 0, 0, 0, 0, 0]	[134, 125, 177, 177, 255, 91, 39, 32, 95, 194, 6, 198, 66, 141, 238, 249, 66, 62, 0, 11, 115, 236, 20, 86, 184, 25, 40, 138, 183, 115, 101, 0]	[182, 93, 161, 101, 204, 204, 154, 71, 164, 74, 65, 6, 107, 177, 79, 54, 156, 169, 64, 186, 87, 26, 150, 152, 56, 69, 80, 23, 166, 140, 232, 5]
BEGIN	range/1/32/16/wrong-domain
OBS	[156, 185, 132, 72, 154, 163, 227, 159, 169, 241, 87, 177, 224, 225, 19, 232, 76, 100, 22, 108, 144, 158, 110, 64, 132, 87, 103, 60, 46, 154, 76, 47]	[120, 78, 216, 31, 210, 26, 97, 64, 173, 79, 230, 168, 215, 205, 165, 78, 208, 254, 142, 103, 212, 202, 16, 75, 10, 29, 152, 63, 54, 117, 106, 27]	[13, 22, 81, 249, 45, 44, 26, 11, 195, 197, 176, 132, 220, 138, 61, 0, 24, 20, 3, 79, 77, 167, 141, 14, 197, 117, 236, 228, 184, 123, 44, 3]	[154, 41, 236, 9, 148, 225, 252, 30, 142, 232, 84, 177, 236, 50, 119, 31, 212, 169, 243, 215, 126, 50, 220, 165, 69, 64, 214, 4, 94, 77, 175, 6]
BEGIN	range/1/32/32/valid
OBS	[0, 0, 0, 0, 0, 0, 0, 0, 0, 0, 0, 0, 0, 0, 0, 0, 0, 0, 0, 0, 0, 0, 0, 0, 0, 0, 0, 0, 0, 0, 0, 0]	[0, 0, 0, 0, 0, 0, 0, 0, 0, 0, 0, 0, 0, 0, 0, 0, 0, 0, 0, 0, 0, 0, 0, 0, 0, 0, 0, 0, 0, 0, 0, 0]	[253, 40, 59, 41, 70, 159, 77, 203, 92, 5, 196, 167, 200, 63, 69, 231, 41, 8, 15, 175, 128, 177, 121, 123, 7, 122, 76, 117, 163, 25, 12, 6]	[0, 0, 0, 0, 0, 0, 0, 0, 0, 0, 0, 0, 0, 0, 0, 0, 0, 0, 0, 0, 0, 0, 0, 0, 0, 0, 0, 0, 0, 0, 0, 0]
BEGIN	range/1/32/32/ip-only-response
OBS	[4, 110, 226, 169, 175, 116, 104, 47, 155, 162, 127, 145, 225, 85, 16, 72, 173, 17, 36, 253, 218, 143, 111, 108, 145, 251, 198, 167, 149, 50, 137, 74]	[0, 0, 0, 0, 0, 0, 0, 0, 0, 0, 0, 0, 0, 0, 0, 0, 0, 0, 0, 0, 0, 0, 0, 0, 0, 0, 0, 0, 0, 0, 0, 0]	[149, 238, 88, 38, 70, 70, 188, 150, 189, 106, 187, 224, 218, 161, 101, 251, 197, 132, 141, 69, 51, 166, 176, 43, 170, 118, 19, 153, 221, 252, 35, 15]	[4, 110, 226, 169, 175, 116, 104, 47, 155, 162, 127, 145, 225, 85, 16, 72, 173, 17, 36, 253, 218, 143, 111, 108, 145, 251, 198, 167, 149, 50, 137, 74]
BEGIN	range/1/32/32/wrong-domain
OBS	[248, 164, 89, 70, 196, 37, 77, 209, 162, 18, 24, 103, 179, 13, 6, 146, 15, 140, 69, 53, 146, 86, 78, 110, 254, 251, 166, 147, 122, 92, 52, 84]	[50, 221, 82, 202, 166, 70, 19, 212, 123, 165, 110, 105, 50, 59, 166, 29, 162, 89, 220, 222, 7, 115, 89, 222, 118, 132, 129, 95, 180, 207, 143, 49]	[17, 135, 211, 133, 197, 250, 38, 77, 22, 79, 137, 43, 114, 216, 155, 118, 80, 113, 156, 66, 235, 223, 124, 49, 186, 148, 57, 232, 99, 96, 117, 11]	[136, 142, 15, 110, 134, 214, 219, 214, 11, 167, 72, 32, 129, 48, 33, 115, 14, 67, 149, 204, 128, 100, 56, 24, 133, 140, 36, 12, 20, 44, 168, 65]
BEGIN	range/1/64/1/valid
OBS	[0, 0, 0, 0, 0, 0, 0, 0, 0, 0, 0, 0, 0, 0, 0, 0, 0, 0, 0, 0, 0, 0, 0, 0, 0, 0, 0, 0, 0, 0, 0, 0]	[0, 0, 0, 0, 0, 0, 0, 0, 0, 0, 0, 0, 0, 0, 0, 0, 0, 0, 0, 0, 0, 0, 0, 0, 0, 0, 0, 0, 0, 0, 0, 0]	[6, 149, 107, 157, 124, 87, 119, 203, 121, 68, 186, 27, 30, 122, 9, 63, 210, 85, 101, 158, 58, 174, 147, 124, 154, 204, 214, 123, 191, 108, 58, 7]	[0, 0, 0, 0, 0, 0, 0, 0, 0, 0, 0, 0, 0, 0, 0, 0, 0, 0, 0, 0, 0, 0, 0, 0, 0, 0, 0, 0, 0, 0, 0, 0]
BEGIN	range/1/64/1/ip-only-response
OBS	[4, 14, 31, 185, 12, 5, 43, 22, 218, 169, 186, 100, 228, 169, 132, 172, 74, 81, 69, 185, 196, 160, 12, 173, 167, 80, 255, 100, 197, 131, 120, 27]	[0, 0, 0, 0, 0, 0, 0, 0, 0, 0, 0, 0, 0, 0, 0, 0, 0, 0, 0, 0, 0, 0, 0, 0, 0, 0, 0, 0, 0, 0, 0, 0]	[162, 124, 76, 150, 74, 187, 110, 204, 229, 207, 32, 224, 26, 21, 189, 153, 224, 97, 20, 48, 159, 204, 119, 142, 55, 133, 183, 154, 23, 82, 174, 13]	[4, 14, 31, 185, 12, 5, 43, 22, 218, 169, 186, 100, 228, 169, 132, 172, 74, 81, 69, 185, 196, 160, 12, 173, 167, 80, 255, 100, 197, 131, 120, 27]
BEGIN	range/1/64/1/wrong-domain
OBS	[98, 48, 176, 17, 121, 94, 78, 35, 60, 39, 154, 3, 172, 139, 28, 237, 222, 67, 125, 97, 73, 213, 146, 91, 66, 143, 245, 70, 247, 47, 119, 117]	[18, 206, 208, 50, 18, 129, 26, 6, 232, 150, 37, 23, 68, 119, 170, 45, 92, 113, 126, 211, 210, 123, 250, 26, 40, 37, 203, 241, 25, 164, 199, 53]	[20, 12, 249, 21, 44, 91, 76, 227, 61, 199, 231, 246, 156, 32, 171, 188, 186, 188, 126, 128, 194, 237, 254, 222, 230, 89, 245, 144, 59, 191, 89, 6]	[164, 73, 101, 185, 113, 134, 101, 217, 243, 247, 115, 79, 223, 114, 221, 238, 171, 213, 214, 106, 192, 232, 17, 179, 223, 165, 197, 188, 153, 233, 213, 52]
BEGIN	range/1/64/2/valid
OBS	[0, 0, 0, 0, 0, 0, 0, 0, 0, 0, 0, 0, 0, 0, 0, 0, 0, 0, 0, 0, 0, 0, 0, 0, 0, 0, 0, 0, 0, 0, 0, 0]	[0, 0, 0, 0, 0, 0, 0, 0, 0, 0, 0, 0, 0, 0, 0, 0, 0, 0, 0, 0, 0, 0, 0, 0, 0, 0, 0, 0, 0, 0, 0, 0]	[22, 24, 77, 159, 157, 136, 200, 123, 98, 94, 95, 99, 141, 197, 40, 188, 253, 11, 37, 114, 124, 109, 53, 192, 9, 161, 63, 212, 168, 176, 103, 15]	[0, 0, 0, 0, 0, 0, 0, 0, 0, 0, 0, 0, 0, 0, 0, 0, 0, 0, 0, 0, 0, 0, 0, 0, 0, 0, 0, 0, 0, 0, 0, 0]
BEGIN	range/1/64/2/ip-only-response
OBS	[204, 1, 209, 63, 91, 32, 171, 227, 157, 111, 83, 42, 58, 109, 251, 218, 247, 132, 203, 139, 47, 224, 89, 196, 184, 5, 215, 56, 138, 202, 145, 43]	[0, 0, 0, 0, 0, 0, 0, 0, 0, 0, 0, 0, 0, 0, 0, 0, 0, 0, 0, 0, 0, 0, 0, 0, 0, 0, 0, 0, 0, 0, 0, 0]	[74, 190, 150, 200, 44, 90, 111, 59, 50, 246, 97, 149, 107, 174, 22, 20, 119, 147, 183, 249, 234, 43, 14, 173, 79, 132, 73, 48, 252, 1, 253, 15]	[204, 1, 209, 63, 91, 32, 171, 227, 157, 111, 83, 42, 58, 109, 251, 218, 247, 132, 203, 139, 47, 224, 89, 196, 184, 5, 215, 56, 138, 202, 145, 43]
BEGIN	range/1/64/2/wrong-domain
OBS	[182, 183, 139, 32, 115, 124, 22, 164, 97, 125, 182, 11, 55, 49, 100, 107, 192, 105, 159, 19, 98, 126, 22, 208, 211, 101, 157, 116, 57, 230, 91, 115]	[158, 211, 177, 89, 36, 67, 169, 83, 84, 128, 63, 49, 91, 158, 134, 252, 24, 235, 71, 81, 51, 103, 250, 32, 75, 114, 22, 248, 42, 8, 5, 61]	[207, 69, 238, 188, 107, 106, 22, 241, 162, 175, 185, 110, 49, 79, 118, 26, 142, 107, 56, 48, 187, 9, 202, 118, 150, 127, 175, 10, 6, 7, 96, 10]	[186, 94, 74, 67, 235, 96, 209, 6, 82, 73, 234, 27, 135, 182, 251, 91, 136, 168, 13, 85, 28, 123, 115, 172, 81, 60, 39, 58, 45, 162, 33, 57]
BEGIN	range/1/64/4/valid
OBS	[0, 0, 0, 0, 0, 0, 0, 0, 0, 0, 0, 0, 0, 0, 0, 0, 0, 0, 0, 0, 0, 0, 0, 0, 0, 0, 0, 0, 0, 0, 0, 0]	[0, 0, 0, 0, 0, 0, 0, 0, 0, 0, 0, 0, 0, 0, 0, 0, 0, 0, 0, 0, 0, 0, 0, 0, 0, 0, 0, 0, 0, 0, 0, 0]	[143, 192, 23, 235, 37, 127, 1, 92, 250, 187, 103, 19, 234, 185, 43, 46, 145, 246, 199, 65, 161, 16, 134, 107, 151, 75, 60, 138, 121, 172, 191, 3]	[0, 0, 0, 0, 0, 0, 0, 0, 0, 0, 0, 0, 0, 0, 0, 0, 0, 0, 0, 0, 0, 0, 0, 0, 0, 0, 0, 0, 0, 0, 0, 0]
BEGIN	range/1/64/4/ip-only-response
OBS	[162, 23, 110, 41, 129, 201, 147, 23, 176, 34, 49, 178, 165, 210, 12, 58, 137, 221, 41, 51, 200, 249, 191, 123, 69, 53, 92, 185, 173, 166, 64, 107]	[0, 0, 0, 0, 0, 0, 0, 0, 0, 0, 0, 0, 0, 0, 0, 0, 0, 0, 0, 0, 0, 0, 0, 0, 0, 0, 0, 0, 0, 0, 0, 0]	[149, 237, 58, 57, 97, 147, 73, 43, 60, 176, 72, 133, 20, 64, 247, 250, 180, 204, 91, 154, 239, 19, 172, 81, 22, 236, 213, 13, 224, 89, 59, 3]	[162, 23, 110, 41, 129, 201, 147, 23, 176, 34, 49, 178, 165, 210, 12, 58, 137, 221, 41, 51, 200, 249, 191, 123, 69, 53, 92, 185, 173, 166, 64, 107]
BEGIN	range/1/64/4/wrong-domain
OBS	[38, 61, 64, 119, 92, 52, 113, 27, 25, 181, 155, 253, 124, 208, 95, 91, 193, 100, 59, 177, 231, 218, 92, 81, 1, 68, 194, 117, 158, 24, 155, 51]	[174, 174, 231, 247, 147, 190, 13, 214, 145, 255, 92, 156, 251, 109, 214, 95, 202, 62, 164, 25, 221, 161, 104, 138, 75, 243, 54, 76, 174, 158, 230, 27]	[190, 13, 185, 134, 40, 90, 44, 8, 143, 140, 206, 24, 36, 120, 5, 13, 24, 223, 200, 198, 168, 254, 232, 18, 168, 41, 204, 228, 143, 249, 13, 0]	[122, 48, 203, 62, 146, 248, 144, 167, 98, 56, 12, 14, 174, 234, 179, 130, 68, 85, 134, 3, 80, 133, 126, 194, 69, 239, 91, 81, 58, 144, 154, 44]
BEGIN	range/1/64/8/valid
OBS	[0, 0, 0, 0, 0, 0, 0, 0, 0, 0, 0, 0, 0, 0, 0, 0, 0, 0, 0, 0, 0, 0, 0, 0, 0, 0, 0, 0, 0, 0, 0, 0]	[0, 0, 0, 0, 0, 0, 0, 0, 0, 0, 0, 0, 0, 0, 0, 0, 0, 0, 0, 0, 0, 0, 0, 0, 0, 0, 0, 0, 0, 0, 0, 0]	[149, 151, 129, 127, 179, 142, 17, 168, 193, 226, 149, 205, 176, 77, 91, 221, 10, 193, 136, 236, 68, 251, 16, 92, 63, 22, 87, 194, 58, 237, 22, 1]	[0, 0, 0, 0, 0, 0, 0, 0, 0, 0, 0, 0, 0, 0, 0, 0, 0, 0, 0, 0, 0, 0, 0, 0, 0, 0, 0, 0, 0, 0, 0, 0]
BEGIN	range/1/64/8/ip-only-response
OBS	[2, 91, 235, 114, 235, 94, 223, 177, 44, 145, 110, 175, 10, 203, 219, 188, 207, 149, 196, 24, 90, 110, 87, 91, 136, 52, 88, 8, 239, 6, 101, 104]	[0, 0, 0, 0, 0, 0, 0, 0, 0, 0, 0, 0, 0, 0, 0, 0, 0, 0, 0, 0, 0, 0, 0, 0, 0, 0, 0, 0, 0, 0, 0, 0]	[142, 233, 37, 220, 162, 142, 1, 201, 236, 120, 129, 48, 206, 9, 141, 241, 35, 207, 83, 184, 108, 146, 221, 13, 70, 153, 131, 145, 158, 168, 157, 11]	[2, 91, 235, 114, 235, 94, 223, 177, 44, 145, 110, 175, 10, 203, 219, 188, 207, 149, 196, 24, 90, 110, 87, 91, 136, 52, 88, 8, 239, 6, 101, 104]
BEGIN	range/1/64/8/wrong-domain
OBS	[60, 53, 115, 24, 245, 157, 176, 117, 37, 111, 245, 36, 126, 65, 84, 122, 220, 56, 255, 41, 139, 151, 243, 191, 29, 81, 12, 25, 208, 61, 152, 61]	[146, 161, 25, 51, 24, 253, 0, 160, 39, 76, 156, 64, 1, 232, 227, 69, 85, 127, 104, 25, 154, 144, 153, 102, 58, 214, 179, 5, 118, 32, 87, 13]	[20, 213, 38, 12, 184, 109, 82, 59, 58, 27, 31, 30, 193, 227, 213, 135, 124, 106, 1, 210, 38, 227, 26, 106, 95, 181, 185, 251, 253, 220, 33, 13]	[30, 221, 57, 6, 168, 133, 227, 66, 93, 38, 43, 59, 207, 109, 23, 83, 4, 183, 45, 147, 120, 174, 84, 3, 234, 94, 9, 66, 216, 57, 247, 120]
BEGIN	range/1/64/16/valid
OBS	[0, 0, 0, 0, 0, 0, 0, 0, 0, 0, 0, 0, 0, 0, 0, 0, 0, 0, 0, 0, 0, 0, 0, 0, 0, 0, 0, 0, 0, 0, 0, 0]	[0, 0, 0, 0, 0, 0, 0, 0, 0, 0, 0, 0, 0, 0, 0, 0, 0, 0, 0, 0, 0, 0, 0, 0, 0, 0, 0, 0, 0, 0, 0, 0]	[66, 84, 171, 32, 192, 97, 0, 205, 34, 103, 14, 219, 142, 75, 5, 86, 164, 111, 8, 106, 222, 170, 253, 123, 234, 53, 81, 16, 230, 103, 224, 7]	[0, 0, 0, 0, 0, 0, 0, 0, 0, 0, 0, 0, 0, 0, 0, 0, 0, 0, 0, 0, 0, 0, 0, 0, 0, 0, 0, 0, 0, 0, 0, 0]
BEGIN	range/1/64/16/ip-only-response
OBS	[32, 196, 49, 179, 236, 122, 191, 35, 207, 181, 168, 28, 242, 246, 224, 230, 130, 106, 109, 161, 114, 203, 129, 238, 46, 146, 191, 186, 122, 134, 151, 92]	[0, 0, 0, 0, 0, 0, 0, 0, 0, 0, 0, 0, 0, 0, 0, 0, 0, 0, 0, 0, 0, 0, 0, 0, 0, 0, 0, 0, 0, 0, 0, 0]	[148, 102, 232, 97, 3, 189, 102, 103, 164, 33, 76, 1, 22, 121, 154, 165, 245, 59, 56, 3, 113, 204, 64, 77, 102, 196, 208, 93, 12, 195, 110, 5]	[32, 196, 49, 179, 236, 122, 191, 35, 207, 181, 168, 28, 242, 246, 224, 230, 130, 106, 109, 161, 114, 203, 129, 238, 46, 146, 191, 186, 122, 134, 151, 92]
BEGIN	range/1/64/16/wrong-domain
OBS	[14, 130, 90, 136, 53, 88, 141, 189, 17, 145, 17, 154, 44, 249, 62, 86, 132, 160, 88, 92, 238, 77, 154, 130, 104, 0, 107, 145, 245, 249, 206, 29]	[16, 133, 246, 72, 139, 162, 246, 104, 205, 145, 52, 30, 69, 4, 133, 16, 168, 158, 216, 218, 235, 112, 143, 245, 108, 254, 179, 114, 116, 232, 235, 51]	[49, 67, 61, 243, 148, 154, 162, 7, 148, 68, 213, 12, 115, 238, 103, 147, 254, 145, 166, 211, 193, 59, 18, 163, 61, 98, 189, 221, 14, 46, 0, 0]	[128, 58, 7, 76, 206, 46, 73, 81, 172, 121, 125, 33, 14, 12, 76, 243, 120, 102, 198, 30, 126, 63, 3, 176, 18, 217, 173, 87, 220, 107, 42, 30]
BEGIN	range/1/64/32/valid
OBS	[0, 0, 0, 0, 0, 0, 0, 0, 0, 0, 0, 0, 0, 0, 0, 0, 0, 0, 0, 0, 0, 0, 0, 0, 0, 0, 0, 0, 0, 0, 0, 0]	[0, 0, 0, 0, 0, 0, 0, 0, 0, 0, 0, 0, 0, 0, 0, 0, 0, 0, 0, 0, 0, 0, 0, 0, 0, 0, 0, 0, 0, 0, 0, 0]	[2, 218, 110, 219, 3, 77, 28, 54, 122, 159, 110, 52, 41, 12, 168, 86, 70, 57, 128, 116, 217, 190, 67, 184, 251, 254, 172, 7, 244, 113, 73, 10]	[0, 0, 0, 0, 0, 0, 0, 0, 0, 0, 0, 0, 0, 0, 0, 0, 0, 0, 0, 0, 0, 0, 0, 0, 0, 0, 0, 0, 0, 0, 0, 0]
BEGIN	range/1/64/32/ip-only-response
OBS	[42, 128, 71, 204, 214, 55, 198, 159, 245, 166, 61, 86, 19, 203, 161, 159, 130, 100, 127, 71, 120, 177, 76, 74, 71, 211, 173, 227, 233, 192, 241, 76]	[0, 0, 0, 0, 0, 0, 0, 0, 0, 0, 0, 0, 0, 0, 0, 0, 0, 0, 0, 0, 0, 0, 0, 0, 0, 0, 0, 0, 0, 0, 0, 0]	[33, 160, 25, 67, 155, 16, 116, 197, 60, 151, 84, 208, 195, 81, 208, 74, 195, 209, 234, 161, 202, 236, 138, 215, 169, 72, 92, 160, 190, 98, 5, 1]	[42, 128, 71, 204, 214, 55, 198, 159, 245, 166, 61, 86, 19, 203, 161, 159, 130, 100, 127, 71, 120, 177, 76, 74, 71, 211, 173, 227, 233, 192, 241, 76]
BEGIN	range/1/64/32/wrong-domain
OBS	[250, 162, 38, 106, 5, 209, 251, 134, 13, 252, 112, 128, 212, 62, 105, 205, 17, 200, 255, 47, 222, 51, 8, 232, 25, 68, 161, 237, 143, 202, 254, 105]	[236, 241, 210, 156, 112, 141, 3, 196, 55, 143, 10, 74, 186, 171, 192, 126, 81, 201, 90, 26, 178, 171, 125, 103, 125, 110, 180, 140, 176, 19, 250, 47]	[86, 164, 122, 106, 120, 211, 143, 112, 9, 63, 78, 179, 45, 227, 39, 43, 124, 33, 103, 20, 37, 182, 164, 78, 19, 117, 117, 22, 167, 97, 32, 0]	[64, 193, 251, 104, 152, 243, 110, 180, 164, 34, 149, 205, 123, 27, 86, 46, 92, 60, 148, 17, 138, 88, 174, 70, 178, 38, 40, 116, 240, 39, 100, 127]
BEGIN	range/20260909/8/1/valid
OBS	[0, 0, 0, 0, 0, 0, 0, 0, 0, 0, 0, 0, 0, 0, 0, 0, 0, 0, 0, 0, 0, 0, 0, 0, 0, 0, 0, 0, 0, 0, 0, 0]	[0, 0, 0, 0, 0, 0, 0, 0, 0, 0, 0, 0, 0, 0, 0, 0, 0, 0, 0, 0, 0, 0, 0, 0, 0, 0, 0, 0, 0, 0, 0, 0]	[146, 201, 173, 234, 103, 47, 247, 220, 167, 12, 164, 123, 153, 85, 211, 226, 55, 144, 204, 246, 174, 116, 251, 66, 160, 130, 63, 166, 121, 162, 139, 11]	[0, 0, 0, 0, 0, 0, 0, 0, 0, 0, 0, 0, 0, 0, 0, 0, 0, 0, 0, 0, 0, 0, 0, 0, 0, 0, 0, 0, 0, 0, 0, 0]
BEGIN	range/20260909/8/1/ip-only-response
OBS	[224, 66, 132, 169, 245, 58, 59, 188, 155, 18, 123, 24, 82, 183, 4, 12, 249, 97, 33, 187, 112, 236, 139, 249, 161, 241, 15, 56, 213, 85, 245, 85]	[0, 0, 0, 0, 0, 0, 0, 0, 0, 0, 0, 0, 0, 0, 0, 0, 0, 0, 0, 0, 0, 0, 0, 0, 0, 0, 0, 0, 0, 0, 0, 0]	[47, 238, 177, 23, 206, 145, 115, 107, 12, 42, 244, 114, 132, 165, 228, 102, 250, 148, 254, 219, 237, 225, 112, 179, 108, 145, 191, 231, 131, 235, 84, 7]	[224, 66, 132, 169, 245, 58, 59, 188, 155, 18, 123, 24, 82, 183, 4, 12, 249, 97, 33, 187, 112, 236, 139, 249, 161, 241, 15, 56, 213, 85, 245, 85]
BEGIN	range/20260909/8/1/wrong-domain
OBS	[78, 123, 204, 105, 210, 89, 214, 254, 112, 204, 18, 159, 112, 24, 255, 190, 236, 116, 30, 170, 83, 138, 181, 220, 125, 194, 51, 186, 164, 11, 145, 77]	[192, 235, 181, 67, 104, 65, 23, 95, 46, 16, 188, 177, 37, 235, 140, 253, 70, 31, 163, 100, 218, 223, 81, 246, 114, 236, 234, 225, 4, 231, 216, 127]	[15, 255, 185, 96, 190, 81, 185, 16, 71, 39, 171, 248, 209, 166, 201, 177, 15, 186, 108, 220, 45, 182, 146, 161, 36, 82, 250, 78, 211, 66, 84, 8]	[168, 97, 240, 114, 176, 95, 148, 239, 184, 68, 154, 106, 169, 224, 207, 94, 106, 10, 93, 62, 185, 165, 171, 78, 118, 68, 52, 84, 179, 40, 115, 75]
BEGIN	range/20260909/8/2/valid
OBS	[0, 0, 0, 0, 0, 0, 0, 0, 0, 0, 0, 0, 0, 0, 0, 0, 0, 0, 0, 0, 0, 0, 0, 0, 0, 0, 0, 0, 0, 0, 0, 0]	[0, 0, 0, 0, 0, 0, 0, 0, 0, 0, 0, 0, 0, 0, 0, 0, 0, 0, 0, 0, 0, 0, 0, 0, 0, 0, 0, 0, 0, 0, 0, 0]	[233, 17, 42, 255, 19, 164, 92, 180, 226, 219, 43, 163, 212, 28, 172, 5, 170, 15, 198, 181, 80, 237, 224, 31, 233, 15, 197, 215, 155, 138, 53, 6]	[0, 0, 0, 0, 0, 0, 0, 0, 0, 0, 0, 0, 0, 0, 0, 0, 0, 0, 0, 0, 0, 0, 0, 0, 0, 0, 0, 0, 0, 0, 0, 0]
BEGIN	range/20260909/8/2/ip-only-response
OBS	[146, 105, 167, 111, 251, 54, 182, 231, 179, 79, 78, 166, 121, 186, 149, 197, 216, 8, 142, 26, 42, 250, 122, 221, 190, 189, 70, 126, 10, 95, 143, 17]	[0, 0, 0, 0, 0, 0, 0, 0, 0, 0, 0, 0, 0, 0, 0, 0, 0, 0, 0, 0, 0, 0, 0, 0, 0, 0, 0, 0, 0, 0, 0, 0]	[22, 143, 160, 90, 195, 159, 177, 213, 117, 121, 25, 159, 229, 216, 219, 89, 118, 242, 64, 199, 46, 90, 100, 239, 76, 221, 96, 231, 104, 46, 11, 13]	[146, 105, 167, 111, 251, 54, 182, 231, 179, 79, 78, 166, 121, 186, 149, 197, 216, 8, 142, 26, 42, 250, 122, 221, 190, 189, 70, 126, 10, 95, 143, 17]
BEGIN	range/20260909/8/2/wrong-domain
OBS	[102, 238, 33, 152, 147, 12, 33, 206, 75, 14, 96, 96, 83, 59, 15, 212, 171, 166, 222, 42, 10, 242, 140, 88, 84, 140, 243, 108, 137, 98, 172, 27]	[92, 146, 132, 16, 124, 122, 213, 64, 34, 122, 37, 60, 250, 238, 80, 173, 101, 57, 54, 193, 179, 143, 252, 90, 114, 156, 47, 123, 210, 182, 111, 98]	[190, 43, 247, 149, 204, 212, 123, 32, 78, 112, 173, 251, 6, 57, 92, 35, 247, 194, 238, 11, 50, 120, 14, 126, 52, 73, 42, 7, 83, 83, 4, 15]	[232, 191, 254, 215, 136, 131, 134, 127, 233, 227, 1, 235, 80, 252, 219, 81, 17, 57, 198, 250, 10, 82, 29, 121, 247, 151, 224, 37, 58, 192, 56, 120]
BEGIN	range/20260909/8/4/valid
OBS	[0, 0, 0, 0, 0, 0, 0, 0, 0, 0, 0, 0, 0, 0, 0, 0, 0, 0, 0, 0, 0, 0, 0, 0, 0, 0, 0, 0, 0, 0, 0, 0]	[0, 0, 0, 0, 0, 0, 0, 0, 0, 0, 0, 0, 0, 0, 0, 0, 0, 0, 0, 0, 0, 0, 0, 0, 0, 0, 0, 0, 0, 0, 0, 0]	[7, 108, 216, 225, 45, 162, 99, 149, 109, 49, 4, 178, 140, 122, 57, 235, 55, 108, 53, 211, 0, 16, 143, 213, 223, 174, 103, 227, 209, 55, 35, 15]	[0, 0, 0, 0, 0, 0, 0, 0, 0, 0, 0, 0, 0, 0, 0, 0, 0, 0, 0, 0, 0, 0, 0, 0, 0, 0, 0, 0, 0, 0, 0, 0]
BEGIN	range/20260909/8/4/ip-only-response
OBS	[114, 82, 1, 136, 3, 149, 119, 234, 182, 33, 64, 60, 41, 27, 116, 6, 53, 53, 210, 122, 143, 77, 148, 142, 64, 126, 197, 146, 119, 143, 251, 87]	[0, 0, 0, 0, 0, 0, 0, 0, 0, 0, 0, 0, 0, 0, 0, 0, 0, 0, 0, 0, 0, 0, 0, 0, 0, 0, 0, 0, 0, 0, 0, 0]	[190, 112, 28, 211, 19, 197, 18, 33, 35, 212, 73, 111, 131, 69, 132, 47, 3, 110, 229, 226, 62, 227, 230, 35, 40, 161, 44, 2, 177, 184, 75, 1]	[114, 82, 1, 136, 3, 149, 119, 234, 182, 33, 64, 60, 41, 27, 116, 6, 53, 53, 210, 122, 143, 77, 148, 142, 64, 126, 197, 146, 119, 143, 251, 87]
BEGIN	range/20260909/8/4/wrong-domain
OBS	[242, 59, 229, 246, 128, 108, 23, 254, 9, 89, 124, 179, 191, 71, 254, 209, 250, 154, 28, 132, 45, 14, 147, 243, 131, 158, 121, 199, 250, 36, 167, 66]	[184, 78, 177, 177, 38, 248, 22, 253, 252, 199, 228, 16, 232, 201, 157, 2, 105, 125, 9, 136, 76, 175, 65, 56, 159, 215, 167, 57, 53, 93, 106, 44]	[185, 138, 138, 227, 184, 65, 180, 137, 98, 143, 138, 80, 118, 112, 218, 187, 173, 251, 29, 184, 243, 237, 133, 9, 68, 105, 24, 243, 200, 154, 74, 5]	[176, 219, 8, 159, 154, 74, 21, 105, 48, 76, 49, 216, 146, 213, 50, 166, 159, 113, 238, 148, 188, 179, 155, 131, 51, 244, 219, 70, 166, 67, 167, 5]
BEGIN	range/20260909/8/8/valid
OBS	[0, 0, 0, 0, 0, 0, 0, 0, 0, 0, 0, 0, 0, 0, 0, 0, 0, 0, 0, 0, 0, 0, 0, 0, 0, 0, 0, 0, 0, 0, 0, 0]	[0, 0, 0, 0, 0, 0, 0, 0, 0, 0, 0, 0, 0, 0, 0, 0, 0, 0, 0, 0, 0, 0, 0, 0, 0, 0, 0, 0, 0, 0, 0, 0]	[105, 37, 173, 239, 252, 1, 43, 7, 179, 188, 225, 167, 221, 38, 209, 122, 25, 205, 73, 155, 227, 136, 110, 251, 21, 190, 119, 146, 177, 220, 254, 9]	[0, 0, 0, 0, 0, 0, 0, 0, 0, 0, 0, 0, 0, 0, 0, 0, 0, 0, 0, 0, 0, 0, 0, 0, 0, 0, 0, 0, 0, 0, 0, 0]
BEGIN	range/20260909/8/8/ip-only-response
OBS	[192, 253, 253, 232, 55, 52, 203, 17, 228, 11, 182, 54, 175, 100, 240, 148, 13, 198, 190, 123, 33, 216, 35, 50, 187, 253, 161, 239, 61, 221, 26, 46]	[0, 0, 0, 0, 0, 0, 0, 0, 0, 0, 0, 0, 0, 0, 0, 0, 0, 0, 0, 0, 0, 0, 0, 0, 0, 0, 0, 0, 0, 0, 0, 0]	[131, 30, 212, 123, 58, 94, 207, 21, 243, 98, 34, 187, 161, 191, 238, 98, 117, 200, 154, 203, 237, 4, 230, 34, 26, 105, 144, 159, 230, 135, 212, 7]	[192, 253, 253, 232, 55, 52, 203, 17, 228, 11, 182, 54, 175, 100, 240, 148, 13, 198, 190, 123, 33, 216, 35, 50, 187, 253, 161, 239, 61, 221, 26, 46]
BEGIN	range/20260909/8/8/wrong-domain
OBS	[142, 152, 36, 128, 107, 113, 60, 241, 164, 68, 131, 103, 118, 165, 191, 127, 16, 119, 221, 227, 187, 6, 208, 202, 211, 171, 122, 120, 214, 69, 64, 92]	[56, 5, 93, 168, 171, 239, 171, 113, 154, 1, 38, 144, 27, 104, 191, 130, 38, 23, 19, 114, 204, 185, 147, 219, 20, 2, 134, 170, 78, 55, 231, 82]	[32, 207, 136, 14, 41, 34, 94, 14, 170, 145, 106, 30, 255, 209, 214, 117, 207, 250, 91, 34, 59, 119, 20, 40, 201, 79, 64, 36, 44, 37, 32, 3]	[116, 16, 228, 4, 75, 163, 250, 30, 153, 244, 79, 12, 173, 72, 58, 112, 31, 120, 79, 23, 105, 49, 63, 218, 118, 99, 100, 79, 227, 208, 96, 115]
BEGIN	range/20260909/8/16/valid
OBS	[0, 0, 0, 0, 0, 0, 0, 0, 0, 0, 0, 0, 0, 0, 0, 0, 0, 0, 0, 0, 0, 0, 0, 0, 0, 0, 0, 0, 0, 0, 0, 0]	[0, 0, 0, 0, 0, 0, 0, 0, 0, 0, 0, 0, 0, 0, 0, 0, 0, 0, 0, 0, 0, 0, 0, 0, 0, 0, 0, 0, 0, 0, 0, 0]	[49, 123, 218, 23, 133, 17, 14, 135, 88, 114, 69, 152, 119, 106, 159, 227, 2, 249, 240, 22, 136, 52, 117, 10, 89, 21, 210, 169, 204, 250, 31, 0]	[0, 0, 0, 0, 0, 0, 0, 0, 0, 0, 0, 0, 0, 0, 0, 0, 0, 0, 0, 0, 0, 0, 0, 0, 0, 0, 0, 0, 0, 0, 0, 0]
BEGIN	range/20260909/8/16/ip-only-response
OBS	[174, 134, 64, 116, 21, 52, 81, 25, 208, 193, 68, 60, 114, 138, 250, 80, 119, 95, 42, 208, 10, 17, 24, 39, 115, 86, 18, 166, 23, 24, 192, 73]	[0, 0, 0, 0, 0, 0, 0, 0, 0, 0, 0, 0, 0, 0, 0, 0, 0, 0, 0, 0, 0, 0, 0, 0, 0, 0, 0, 0, 0, 0, 0, 0]	[170, 133, 158, 121, 146, 97, 220, 231, 195, 41, 184, 250, 157, 74, 155, 209, 159, 32, 113, 150, 252, 97, 241, 167, 184, 194, 74, 125, 100, 164, 115, 1]	[174, 134, 64, 116, 21, 52, 81, 25, 208, 193, 68, 60, 114, 138, 250, 80, 119, 95, 42, 208, 10, 17, 24, 39, 115, 86, 18, 166, 23, 24, 192, 73]
BEGIN	range/20260909/8/16/wrong-domain
OBS	[90, 86, 251, 208, 170, 77, 91, 107, 38, 106, 46, 102, 20, 201, 122, 5, 181, 169, 134, 217, 117, 26, 112, 187, 179, 160, 184, 248, 11, 140, 87, 115]	[118, 251, 202, 80, 59, 144, 133, 157, 207, 13, 188, 121, 198, 121, 6, 17, 181, 96, 122, 75, 130, 179, 166, 122, 147, 33, 179, 116, 192, 66, 247, 97]	[253, 142, 175, 184, 251, 164, 112, 222, 182, 35, 81, 10, 212, 39, 183, 72, 17, 103, 92, 13, 61, 78, 76, 126, 92, 231, 232, 188, 147, 1, 73, 3]	[236, 73, 236, 162, 77, 87, 38, 74, 1, 108, 98, 213, 17, 184, 169, 133, 111, 209, 206, 29, 133, 239, 223, 212, 70, 17, 76, 234, 126, 214, 82, 105]
BEGIN	range/20260909/8/32/valid
OBS	[0, 0, 0, 0, 0, 0, 0, 0, 0, 0, 0, 0, 0, 0, 0, 0, 0, 0, 0, 0, 0, 0, 0, 0, 0, 0, 0, 0, 0, 0, 0, 0]	[0, 0, 0, 0, 0, 0, 0, 0, 0, 0, 0, 0, 0, 0, 0, 0, 0, 0, 0, 0, 0, 0, 0, 0, 0, 0, 0, 0, 0, 0, 0, 0]	[15, 64, 29, 109, 0, 140, 128, 137, 61, 103, 223, 148, 117, 29, 140, 221, 34, 31, 120, 119, 111, 30, 137, 174, 19, 115, 112, 35, 26, 32, 117, 10]	[0, 0, 0, 0, 0, 0, 0, 0, 0, 0, 0, 0, 0, 0, 0, 0, 0, 0, 0, 0, 0, 0, 0, 0, 0, 0, 0, 0, 0, 0, 0, 0]
BEGIN	range/20260909/8/32/ip-only-response
OBS	[160, 79, 181, 215, 243, 151, 94, 37, 76, 45, 235, 72, 79, 112, 0, 96, 244, 199, 76, 189, 134, 243, 144, 67, 83, 55, 207, 71, 237, 119, 228, 14]	[0, 0, 0, 0, 0, 0, 0, 0, 0, 0, 0, 0, 0, 0, 0, 0, 0, 0, 0, 0, 0, 0, 0, 0, 0, 0, 0, 0, 0, 0, 0, 0]	[124, 120, 18, 141, 43, 34, 233, 14, 214, 233, 136, 202, 248, 183, 196, 243, 98, 201, 225, 202, 206, 93, 69, 97, 234, 196, 119, 147, 11, 176, 146, 11]	[160, 79, 181, 215, 243, 151, 94, 37, 76, 45, 235, 72, 79, 112, 0, 96, 244, 199, 76, 189, 134, 243, 144, 67, 83, 55, 207, 71, 237, 119, 228, 14]
BEGIN	range/20260909/8/32/wrong-domain
OBS	[208, 63, 151, 119, 173, 181, 91, 190, 198, 122, 233, 130, 77, 163, 19, 67, 94, 13, 49, 22, 16, 57, 214, 206, 17, 2, 133, 217, 102, 143, 129, 108]	[206, 175, 132, 213, 145, 174, 141, 41, 80, 66, 19, 246, 126, 32, 243, 122, 17, 120, 66, 138, 163, 4, 34, 127, 225, 143, 179, 88, 31, 49, 130, 50]	[248, 55, 145, 29, 153, 8, 73, 21, 151, 6, 44, 97, 46, 36, 75, 37, 142, 109, 44, 175, 107, 65, 139, 16, 68, 81, 218, 254, 83, 65, 84, 0]	[164, 120, 241, 54, 44, 198, 142, 115, 164, 27, 245, 66, 137, 152, 140, 142, 189, 143, 235, 31, 21, 139, 183, 87, 158, 77, 213, 63, 223, 3, 116, 52]
BEGIN	range/20260909/16/1/valid
OBS	[0, 0, 0, 0, 0, 0, 0, 0, 0, 0, 0, 0, 0, 0, 0, 0, 0, 0, 0, 0, 0, 0, 0, 0, 0, 0, 0, 0, 0, 0, 0, 0]	[0, 0, 0, 0, 0, 0, 0, 0, 0, 0, 0, 0, 0, 0, 0, 0, 0, 0, 0, 0, 0, 0, 0, 0, 0, 0, 0, 0, 0, 0, 0, 0]	[171, 236, 229, 182, 175, 163, 87, 241, 115, 31, 136, 165, 100, 11, 217, 106, 151, 75, 48, 247, 178, 176, 167, 229, 123, 22, 153, 99, 5, 31, 18, 2]	[0, 0, 0, 0, 0, 0, 0, 0, 0, 0, 0, 0, 0, 0, 0, 0, 0, 0, 0, 0, 0, 0, 0, 0, 0, 0, 0, 0, 0, 0, 0, 0]
BEGIN	range/20260909/16/1/ip-only-response
OBS	[212, 36, 83, 70, 25, 12, 186, 75, 60, 21, 52, 164, 146, 164, 30, 105, 47, 177, 173, 170, 16, 199, 103, 215, 212, 79, 33, 205, 235, 169, 157, 93]	[0, 0, 0, 0, 0, 0, 0, 0, 0, 0, 0, 0, 0, 0, 0, 0, 0, 0, 0, 0, 0, 0, 0, 0, 0, 0, 0, 0, 0, 0, 0, 0]	[2, 48, 231, 53, 254, 173, 148, 113, 151, 22, 12, 70, 203, 232, 205, 144, 21, 229, 25, 251, 37, 131, 16, 222, 192, 220, 173, 252, 43, 173, 186, 11]	[212, 36, 83, 70, 25, 12, 186, 75, 60, 21, 52, 164, 146, 164, 30, 105, 47, 177, 173, 170, 16, 199, 103, 215, 212, 79, 33, 205, 235, 169, 157, 93]
BEGIN	range/20260909/16/1/wrong-domain
OBS	[74, 83, 129, 81, 196, 6, 245, 239, 170, 187, 128, 103, 155, 89, 87, 81, 27, 113, 56, 97, 64, 84, 56, 51, 121, 108, 100, 172, 137, 179, 157, 4]	[102, 164, 208, 194, 8, 86, 87, 52, 81, 100, 18, 37, 151, 60, 184, 122, 83, 188, 65, 255, 34, 174, 41, 142, 219, 119, 170, 159, 94, 1, 188, 120]	[245, 107, 30, 164, 63, 80, 174, 163, 0, 103, 179, 241, 65, 226, 245, 59, 122, 98, 44, 91, 219, 229, 88, 59, 6, 220, 239, 232, 184, 240, 5, 14]	[140, 49, 250, 142, 251, 249, 114, 202, 133, 95, 31, 218, 59, 38, 216, 77, 200, 191, 106, 139, 60, 155, 153, 134, 37, 44, 132, 221, 107, 79, 19, 101]
BEGIN	range/20260909/16/2/valid
OBS	[0, 0, 0, 0, 0, 0, 0, 0, 0, 0, 0, 0, 0, 0, 0, 0, 0, 0, 0, 0, 0, 0, 0, 0, 0, 0, 0, 0, 0, 0, 0, 0]	[0, 0, 0, 0, 0, 0, 0, 0, 0, 0, 0, 0, 0, 0, 0, 0, 0, 0, 0, 0, 0, 0, 0, 0, 0, 0, 0, 0, 0, 0, 0, 0]	[47, 95, 226, 46, 67, 55, 40, 220, 240, 244, 95, 206, 214, 187, 19, 85, 37, 37, 7, 40, 200, 136, 170, 187, 237, 19, 41, 25, 72, 166, 72, 3]	[0, 0, 0, 0, 0, 0, 0, 0, 0, 0, 0, 0, 0, 0, 0, 0, 0, 0, 0, 0, 0, 0, 0, 0, 0, 0, 0, 0, 0, 0, 0, 0]
BEGIN	range/20260909/16/2/ip-only-response
OBS	[78, 6, 52, 73, 175, 231, 114, 196, 55, 168, 230, 113, 141, 100, 161, 245, 220, 161, 38, 200, 148, 225, 147, 244, 202, 59, 224, 94, 159, 106, 41, 72]	[0, 0, 0, 0, 0, 0, 0, 0, 0, 0, 0, 0, 0, 0, 0, 0, 0, 0, 0, 0, 0, 0, 0, 0, 0, 0, 0, 0, 0, 0, 0, 0]	[42, 6, 144, 37, 95, 106, 144, 8, 39, 215, 136, 116, 107, 159, 121, 202, 95, 225, 191, 32, 116, 60, 109, 4, 188, 143, 155, 80, 72, 217, 216, 10]	[78, 6, 52, 73, 175, 231, 114, 196, 55, 168, 230, 113, 141, 100, 161, 245, 220, 161, 38, 200, 148, 225, 147, 244, 202, 59, 224, 94, 159, 106, 41, 72]
BEGIN	range/20260909/16/2/wrong-domain
OBS	[188, 198, 38, 228, 243, 194, 55, 16, 103, 43, 156, 181, 43, 3, 10, 25, 219, 44, 255, 104, 44, 115, 158, 176, 101, 125, 209, 10, 216, 123, 221, 82]	[152, 211, 109, 13, 72, 149, 171, 80, 81, 213, 33, 37, 24, 166, 121, 178, 235, 152, 235, 135, 214, 46, 113, 254, 48, 88, 186, 114, 136, 23, 108, 108]	[221, 68, 26, 230, 119, 86, 151, 164, 132, 42, 85, 206, 39, 162, 211, 23, 156, 123, 183, 126, 148, 42, 109, 177, 224, 218, 132, 153, 212, 238, 84, 15]	[130, 155, 51, 53, 236, 211, 208, 26, 152, 115, 228, 45, 205, 250, 92, 147, 19, 140, 89, 188, 109, 44, 41, 13, 211, 178, 212, 137, 157, 127, 142, 119]
BEGIN	range/20260909/16/4/valid
OBS	[0, 0, 0, 0, 0, 0, 0, 0, 0, 0, 0, 0, 0, 0, 0, 0, 0, 0, 0, 0, 0, 0, 0, 0, 0, 0, 0, 0, 0, 0, 0, 0]	[0, 0, 0, 0, 0, 0, 0, 0, 0, 0, 0, 0, 0, 0, 0, 0, 0, 0, 0, 0, 0, 0, 0, 0, 0, 0, 0, 0, 0, 0, 0, 0]	[143, 25, 58, 147, 42, 24, 233, 135, 147, 88, 247, 82, 41, 118, 89, 109, 161, 37, 134, 199, 35, 216, 109, 211, 223, 208, 182, 100, 252, 86, 242, 8]	[0, 0, 0, 0, 0, 0, 0, 0, 0, 0, 0, 0, 0, 0, 0, 0, 0, 0, 0, 0, 0, 0, 0, 0, 0, 0, 0, 0, 0, 0, 0, 0]
BEGIN	range/20260909/16/4/ip-only-response
OBS	[184, 244, 29, 42, 57, 220, 49, 82, 245, 81, 76, 23, 24, 237, 75, 27, 47, 40, 250, 81, 27, 167, 42, 44, 224, 19, 128, 7, 61, 238, 204, 27]	[0, 0, 0, 0, 0, 0, 0, 0, 0, 0, 0, 0, 0, 0, 0, 0, 0, 0, 0, 0, 0, 0, 0, 0, 0, 0, 0, 0, 0, 0, 0, 0]	[1, 2, 48, 68, 102, 247, 31, 197, 165, 103, 161, 100, 196, 207, 198, 184, 105, 139, 59, 185, 178, 102, 164, 205, 74, 78, 193, 185, 199, 231, 189, 6]	[184, 244, 29, 42, 57, 220, 49, 82, 245, 81, 76, 23, 24, 237, 75, 27, 47, 40, 250, 81, 27, 167, 42, 44, 224, 19, 128, 7, 61, 238, 204, 27]
BEGIN	range/20260909/16/4/wrong-domain
OBS	[186, 244, 246, 95, 92, 80, 213, 252, 67, 204, 47, 84, 126, 51, 227, 167, 202, 251, 249, 59, 154, 116, 10, 48, 146, 191, 85, 215, 220, 190, 45, 68]	[158, 110, 18, 200, 204, 176, 140, 192, 78, 50, 55, 184, 228, 219, 186, 54, 162, 54, 140, 187, 88, 150, 249, 64, 117, 229, 96, 85, 157, 167, 210, 35]	[138, 105, 237, 193, 108, 91, 50, 125, 18, 58, 228, 89, 76, 181, 184, 148, 170, 53, 239, 164, 209, 43, 108, 192, 254, 255, 155, 135, 127, 253, 160, 0]	[120, 245, 79, 239, 134, 176, 198, 73, 137, 224, 1, 48, 38, 178, 25, 205, 178, 200, 133, 97, 165, 116, 121, 155, 50, 74, 222, 217, 176, 205, 95, 85]
BEGIN	range/20260909/16/8/valid
OBS	[0, 0, 0, 0, 0, 0, 0, 0, 0, 0, 0, 0, 0, 0, 0, 0, 0, 0, 0, 0, 0, 0, 0, 0, 0, 0, 0, 0, 0, 0, 0, 0]	[0, 0, 0, 0, 0, 0, 0, 0, 0, 0, 0, 0, 0, 0, 0, 0, 0, 0, 0, 0, 0, 0, 0, 0, 0, 0, 0, 0, 0, 0, 0, 0]	[68, 249, 116, 152, 253, 20, 24, 220, 224, 8, 115, 238, 140, 59, 39, 158, 64, 79, 130, 49, 68, 26, 195, 146, 159, 93, 5, 57, 94, 50, 228, 3]	[0, 0, 0, 0, 0, 0, 0, 0, 0, 0, 0, 0, 0, 0, 0, 0, 0, 0, 0, 0, 0, 0, 0, 0, 0, 0, 0, 0, 0, 0, 0, 0]
BEGIN	range/20260909/16/8/ip-only-response
OBS	[58, 80, 38, 14, 0, 22, 101, 21, 99, 114, 228, 179, 224, 116, 106, 139, 241, 60, 72, 136, 151, 68, 73, 238, 99, 92, 237, 39, 237, 65, 127, 65]	[0, 0, 0, 0, 0, 0, 0, 0, 0, 0, 0, 0, 0, 0, 0, 0, 0, 0, 0, 0, 0, 0, 0, 0, 0, 0, 0, 0, 0, 0, 0, 0]	[130, 140, 36, 242, 148, 61, 223, 218, 237, 4, 238, 155, 182, 34, 121, 142, 66, 89, 1, 129, 36, 8, 34, 59, 220, 231, 144, 147, 129, 65, 225, 5]	[58, 80, 38, 14, 0, 22, 101, 21, 99, 114, 228, 179, 224, 116, 106, 139, 241, 60, 72, 136, 151, 68, 73, 238, 99, 92, 237, 39, 237, 65, 127, 65]
BEGIN	range/20260909/16/8/wrong-domain
OBS	[70, 128, 199, 47, 111, 213, 199, 113, 198, 126, 165, 170, 240, 58, 52, 28, 187, 237, 141, 211, 53, 214, 157, 148, 255, 107, 224, 110, 185, 58, 13, 14]	[18, 207, 2, 140, 253, 48, 222, 177, 87, 21, 102, 18, 231, 139, 72, 187, 139, 171, 224, 153, 143, 218, 60, 210, 235, 31, 185, 57, 155, 221, 15, 102]	[98, 118, 21, 73, 66, 20, 107, 52, 199, 100, 103, 131, 149, 216, 225, 189, 98, 210, 82, 115, 16, 211, 159, 38, 198, 59, 43, 37, 50, 182, 27, 0]	[194, 206, 19, 228, 66, 216, 171, 204, 2, 104, 49, 231, 156, 231, 214, 176, 132, 203, 178, 16, 156, 116, 117, 19, 161, 242, 19, 241, 205, 178, 47, 70]
BEGIN	range/20260909/16/16/valid
OBS	[0, 0, 0, 0, 0, 0, 0, 0, 0, 0, 0, 0, 0, 0, 0, 0, 0, 0, 0, 0, 0, 0, 0, 0, 0, 0, 0, 0, 0, 0, 0, 0]	[0, 0, 0, 0, 0, 0, 0, 0, 0, 0, 0, 0, 0, 0, 0, 0, 0, 0, 0, 0, 0, 0, 0, 0, 0, 0, 0, 0, 0, 0, 0, 0]	[56, 169, 223, 214, 24, 100, 130, 89, 53, 137, 153, 7, 51, 231, 54, 209, 205, 142, 108, 82, 18, 244, 105, 109, 105, 56, 62, 134, 41, 188, 232, 5]	[0, 0, 0, 0, 0, 0, 0, 0, 0, 0, 0, 0, 0, 0, 0, 0, 0, 0, 0, 0, 0, 0, 0, 0, 0, 0, 0, 0, 0, 0, 0, 0]
BEGIN	range/20260909/16/16/ip-only-response
OBS	[200, 36, 108, 121, 137, 91, 6, 251, 116, 114, 158, 116, 141, 185, 246, 211, 253, 255, 99, 154, 96, 42, 63, 83, 110, 186, 143, 162, 74, 119, 181, 69]	[0, 0, 0, 0, 0, 0, 0, 0, 0, 0, 0, 0, 0, 0, 0, 0, 0, 0, 0, 0, 0, 0, 0, 0, 0, 0, 0, 0, 0, 0, 0, 0]	[164, 94, 119, 95, 149, 108, 199, 199, 233, 220, 171, 227, 249, 119, 91, 115, 44, 7, 79, 179, 208, 197, 25, 143, 249, 109, 211, 221, 63, 86, 4, 13]	[200, 36, 108, 121, 137, 91, 6, 251, 116, 114, 158, 116, 141, 185, 246, 211, 253, 255, 99, 154, 96, 42, 63, 83, 110, 186, 143, 162, 74, 119, 181, 69]
BEGIN	range/20260909/16/16/wrong-domain
OBS	[34, 115, 182, 148, 170, 248, 245, 95, 50, 230, 192, 241, 35, 120, 35, 116, 194, 205, 119, 129, 42, 44, 44, 62, 53, 129, 200, 64, 185, 139, 136, 28]	[226, 177, 140, 109, 134, 39, 213, 189, 240, 252, 222, 14, 153, 254, 77, 54, 223, 7, 81, 211, 19, 144, 175, 72, 162, 236, 232, 160, 243, 60, 203, 8]	[35, 229, 148, 44, 68, 141, 24, 69, 89, 244, 93, 237, 241, 56, 112, 190, 245, 180, 211, 174, 30, 86, 52, 44, 206, 82, 208, 95, 88, 123, 10, 15]	[226, 159, 82, 191, 54, 191, 52, 174, 107, 107, 119, 81, 251, 31, 94, 18, 227, 148, 153, 115, 157, 122, 225, 100, 120, 176, 209, 162, 218, 253, 1, 0]
BEGIN	range/20260909/16/32/valid
OBS	[0, 0, 0, 0, 0, 0, 0, 0, 0, 0, 0, 0, 0, 0, 0, 0, 0, 0, 0, 0, 0, 0, 0, 0, 0, 0, 0, 0, 0, 0, 0, 0]	[0, 0, 0, 0, 0, 0, 0, 0, 0, 0, 0, 0, 0, 0, 0, 0, 0, 0, 0, 0, 0, 0, 0, 0, 0, 0, 0, 0, 0, 0, 0, 0]	[64, 71, 100, 113, 121, 245, 121, 142, 211, 15, 33, 200, 57, 51, 130, 211, 135, 63, 228, 255, 76, 218, 136, 96, 125, 2, 213, 241, 48, 243, 158, 2]	[0, 0, 0, 0, 0, 0, 0, 0, 0, 0, 0, 0, 0, 0, 0, 0, 0, 0, 0, 0, 0, 0, 0, 0, 0, 0, 0, 0, 0, 0, 0, 0]
BEGIN	range/20260909/16/32/ip-only-response
OBS	[242, 124, 39, 68, 56, 6, 184, 67, 171, 127, 192, 155, 80, 84, 129, 49, 160, 235, 233, 4, 140, 119, 95, 191, 231, 156, 158, 156, 235, 147, 94, 4]	[0, 0, 0, 0, 0, 0, 0, 0, 0, 0, 0, 0, 0, 0, 0, 0, 0, 0, 0, 0, 0, 0, 0, 0, 0, 0, 0, 0, 0, 0, 0, 0]	[152, 169, 198, 220, 154, 138, 141, 98, 238, 239, 79, 102, 6, 4, 152, 128, 89, 118, 194, 225, 90, 1, 181, 232, 88, 68, 53, 117, 122, 73, 17, 11]	[242, 124, 39, 68, 56, 6, 184, 67, 171, 127, 192, 155, 80, 84, 129, 49, 160, 235, 233, 4, 140, 119, 95, 191, 231, 156, 158, 156, 235, 147, 94, 4]
BEGIN	range/20260909/16/32/wrong-domain
OBS	[172, 180, 250, 201, 156, 195, 74, 118, 87, 190, 30, 75, 108, 74, 81, 38, 81, 231, 104, 101, 173, 215, 28, 81, 32, 134, 119, 155, 195, 134, 4, 110]	[214, 56, 58, 68, 177, 51, 108, 9, 200, 163, 243, 67, 241, 157, 8, 214, 255, 37, 184, 121, 232, 130, 21, 199, 121, 59, 216, 41, 34, 138, 22, 61]	[250, 238, 105, 114, 156, 49, 92, 191, 235, 178, 0, 73, 225, 46, 138, 184, 80, 175, 243, 37, 58, 91, 103, 143, 255, 97, 82, 95, 45, 112, 159, 4]	[212, 2, 222, 15, 42, 190, 197, 19, 18, 102, 147, 58, 96, 171, 220, 95, 136, 210, 175, 192, 70, 148, 10, 30, 3, 100, 61, 68, 198, 177, 54, 65]
BEGIN	range/20260909/32/1/valid
OBS	[0, 0, 0, 0, 0, 0, 0, 0, 0, 0, 0, 0, 0, 0, 0, 0, 0, 0, 0, 0, 0, 0, 0, 0, 0, 0, 0, 0, 0, 0, 0, 0]	[0, 0, 0, 0, 0, 0, 0, 0, 0, 0, 0, 0, 0, 0, 0, 0, 0, 0, 0, 0, 0, 0, 0, 0, 0, 0, 0, 0, 0, 0, 0, 0]	[117, 251, 29, 160, 129, 25, 46, 0, 37, 12, 68, 26, 114, 174, 208, 66, 229, 101, 232, 75, 73, 107, 243, 237, 135, 255, 215, 120, 48, 52, 186, 9]	[0, 0, 0, 0, 0, 0, 0, 0, 0, 0, 0, 0, 0, 0, 0, 0, 0, 0, 0, 0, 0, 0, 0, 0, 0, 0, 0, 0, 0, 0, 0, 0]
BEGIN	range/20260909/32/1/ip-only-response
OBS	[96, 234, 213, 11, 108, 214, 0, 162, 227, 205, 105, 108, 219, 184, 147, 198, 146, 160, 39, 142, 172, 251, 171, 147, 221, 173, 132, 225, 110, 209, 97, 44]	[0, 0, 0, 0, 0, 0, 0, 0, 0, 0, 0, 0, 0, 0, 0, 0, 0, 0, 0, 0, 0, 0, 0, 0, 0, 0, 0, 0, 0, 0, 0, 0]	[190, 63, 184, 111, 167, 56, 81, 203, 234, 187, 2, 172, 114, 217, 5, 113, 189, 193, 71, 59, 53, 156, 121, 62, 73, 202, 136, 115, 230, 23, 110, 3]	[96, 234, 213, 11, 108, 214, 0, 162, 227, 205, 105, 108, 219, 184, 147, 198, 146, 160, 39, 142, 172, 251, 171, 147, 221, 173, 132, 225, 110, 209, 97, 44]
BEGIN	range/20260909/32/1/wrong-domain
OBS	[176, 30, 190, 169, 115, 203, 86, 29, 69, 227, 110, 87, 2, 253, 158, 127, 223, 192, 236, 184, 169, 214, 10, 1, 232, 255, 79, 140, 147, 73, 91, 19]	[164, 52, 58, 251, 247, 3, 230, 136, 22, 249, 244, 137, 107, 145, 89, 136, 32, 8, 143, 123, 245, 166, 180, 202, 140, 251, 218, 201, 18, 44, 47, 117]	[200, 134, 254, 81, 192, 207, 14, 85, 251, 29, 196, 189, 109, 42, 117, 61, 17, 211, 89, 144, 55, 50, 130, 169, 186, 15, 216, 253, 40, 183, 225, 3]	[248, 57, 62, 127, 44, 253, 33, 82, 50, 25, 51, 234, 139, 136, 67, 147, 155, 248, 145, 207, 75, 84, 61, 189, 195, 34, 77, 136, 70, 4, 164, 123]
BEGIN	range/20260909/32/2/valid
OBS	[0, 0, 0, 0, 0, 0, 0, 0, 0, 0, 0, 0, 0, 0, 0, 0, 0, 0, 0, 0, 0, 0, 0, 0, 0, 0, 0, 0, 0, 0, 0, 0]	[0, 0, 0, 0, 0, 0, 0, 0, 0, 0, 0, 0, 0, 0, 0, 0, 0, 0, 0, 0, 0, 0, 0, 0, 0, 0, 0, 0, 0, 0, 0, 0]	[186, 167, 126, 165, 22, 204, 162, 243, 133, 202, 185, 211, 218, 180, 194, 225, 96, 9, 93, 126, 11, 94, 251, 127, 184, 45, 175, 10, 11, 40, 165, 10]	[0, 0, 0, 0, 0, 0, 0, 0, 0, 0, 0, 0, 0, 0, 0, 0, 0, 0, 0, 0, 0, 0, 0, 0, 0, 0, 0, 0, 0, 0, 0, 0]
BEGIN	range/20260909/32/2/ip-only-response
OBS	[196, 115, 153, 214, 50, 133, 253, 163, 52, 214, 19, 50, 224, 221, 32, 201, 243, 95, 238, 23, 0, 104, 222, 195, 79, 195, 81, 20, 119, 140, 165, 84]	[0, 0, 0, 0, 0, 0, 0, 0, 0, 0, 0, 0, 0, 0, 0, 0, 0, 0, 0, 0, 0, 0, 0, 0, 0, 0, 0, 0, 0, 0, 0, 0]	[220, 198, 20, 82, 236, 96, 247, 25, 55, 207, 160, 120, 139, 234, 21, 22, 47, 236, 202, 113, 228, 218, 226, 29, 0, 60, 215, 202, 226, 96, 238, 5]	[196, 115, 153, 214, 50, 133, 253, 163, 52, 214, 19, 50, 224, 221, 32, 201, 243, 95, 238, 23, 0, 104, 222, 195, 79, 195, 81, 20, 119, 140, 165, 84]
BEGIN	range/20260909/32/2/wrong-domain
OBS	[102, 238, 113, 132, 242, 84, 255, 255, 34, 171, 12, 66, 228, 6, 204, 244, 230, 208, 89, 68, 33, 205, 75, 141, 196, 17, 176, 72, 43, 139, 113, 80]	[18, 202, 67, 223, 186, 9, 124, 32, 194, 117, 134, 62, 139, 33, 222, 72, 215, 60, 253, 110, 135, 88, 81, 182, 189, 135, 132, 102, 207, 74, 185, 70]	[14, 161, 161, 138, 1, 88, 142, 95, 67, 36, 105, 117, 241, 27, 108, 57, 198, 110, 124, 45, 166, 19, 146, 166, 38, 184, 0, 126, 221, 81, 3, 8]	[54, 85, 88, 121, 199, 129, 150, 225, 103, 38, 251, 114, 123, 80, 243, 183, 124, 7, 225, 145, 62, 78, 119, 91, 138, 178, 0, 240, 182, 0, 166, 0]
BEGIN	range/20260909/32/4/valid
OBS	[0, 0, 0, 0, 0, 0, 0, 0, 0, 0, 0, 0, 0, 0, 0, 0, 0, 0, 0, 0, 0, 0, 0, 0, 0, 0, 0, 0, 0, 0, 0, 0]	[0, 0, 0, 0, 0, 0, 0, 0, 0, 0, 0, 0, 0, 0, 0, 0, 0, 0, 0, 0, 0, 0, 0, 0, 0, 0, 0, 0, 0, 0, 0, 0]	[75, 160, 19, 208, 216, 240, 122, 137, 14, 86, 53, 7, 61, 149, 144, 223, 120, 235, 116, 122, 120, 82, 15, 125, 220, 235, 253, 179, 144, 190, 20, 0]	[0, 0, 0, 0, 0, 0, 0, 0, 0, 0, 0, 0, 0, 0, 0, 0, 0, 0, 0, 0, 0, 0, 0, 0, 0, 0, 0, 0, 0, 0, 0, 0]
BEGIN	range/20260909/32/4/ip-only-response
OBS	[102, 26, 253, 53, 64, 136, 12, 74, 50, 58, 12, 226, 241, 64, 27, 162, 33, 106, 61, 185, 136, 54, 38, 76, 99, 84, 240, 238, 2, 176, 85, 14]	[0, 0, 0, 0, 0, 0, 0, 0, 0, 0, 0, 0, 0, 0, 0, 0, 0, 0, 0, 0, 0, 0, 0, 0, 0, 0, 0, 0, 0, 0, 0, 0]	[16, 240, 42, 35, 8, 75, 213, 206, 166, 116, 160, 146, 207, 81, 16, 207, 133, 224, 12, 254, 215, 223, 62, 220, 131, 222, 87, 227, 74, 144, 228, 3]	[102, 26, 253, 53, 64, 136, 12, 74, 50, 58, 12, 226, 241, 64, 27, 162, 33, 106, 61, 185, 136, 54, 38, 76, 99, 84, 240, 238, 2, 176, 85, 14]
BEGIN	range/20260909/32/4/wrong-domain
OBS	[84, 190, 94, 223, 57, 231, 223, 249, 248, 158, 213, 103, 230, 141, 39, 57, 61, 117, 160, 43, 96, 2, 209, 219, 164, 174, 221, 128, 50, 193, 204, 97]	[202, 108, 42, 128, 222, 160, 89, 212, 233, 252, 73, 183, 32, 244, 89, 90, 247, 205, 183, 150, 212, 72, 32, 185, 76, 124, 71, 238, 108, 140, 101, 105]	[120, 175, 245, 1, 143, 105, 87, 87, 66, 45, 62, 31, 204, 196, 249, 140, 249, 227, 102, 44, 137, 125, 250, 102, 129, 96, 32, 148, 164, 168, 14, 2]	[94, 223, 80, 0, 21, 44, 169, 22, 195, 17, 192, 82, 127, 186, 234, 117, 241, 117, 55, 29, 67, 12, 56, 196, 192, 105, 66, 116, 196, 184, 43, 101]
BEGIN	range/20260909/32/8/valid
OBS	[0, 0, 0, 0, 0, 0, 0, 0, 0, 0, 0, 0, 0, 0, 0, 0, 0, 0, 0, 0, 0, 0, 0, 0, 0, 0, 0, 0, 0, 0, 0, 0]	[0, 0, 0, 0, 0, 0, 0, 0, 0, 0, 0, 0, 0, 0, 0, 0, 0, 0, 0, 0, 0, 0, 0, 0, 0, 0, 0, 0, 0, 0, 0, 0]	[75, 226, 143, 190, 53, 129, 33, 210, 70, 76, 237, 145, 75, 61, 48, 14, 135, 64, 4, 111, 156, 42, 66, 238, 248, 71, 82, 30, 162, 197, 153, 4]	[0, 0, 0, 0, 0, 0, 0, 0, 0, 0, 0, 0, 0, 0, 0, 0, 0, 0, 0, 0, 0, 0, 0, 0, 0, 0, 0, 0, 0, 0, 0, 0]
BEGIN	range/20260909/32/8/ip-only-response
OBS	[100, 213, 64, 138, 246, 133, 179, 214, 139, 96, 210, 140, 242, 8, 66, 234, 94, 146, 238, 164, 95, 41, 145, 12, 164, 171, 82, 190, 70, 121, 240, 114]	[0, 0, 0, 0, 0, 0, 0, 0, 0, 0, 0, 0, 0, 0, 0, 0, 0, 0, 0, 0, 0, 0, 0, 0, 0, 0, 0, 0, 0, 0, 0, 0]	[41, 184, 18, 127, 239, 175, 96, 145, 134, 74, 29, 155, 235, 196, 221, 239, 221, 30, 28, 8, 151, 142, 27, 0, 50, 165, 107, 207, 60, 34, 177, 11]	[100, 213, 64, 138, 246, 133, 179, 214, 139, 96, 210, 140, 242, 8, 66, 234, 94, 146, 238, 164, 95, 41, 145, 12, 164, 171, 82, 190, 70, 121, 240, 114]
BEGIN	range/20260909/32/8/wrong-domain
OBS	[4, 201, 57, 86, 84, 120, 174, 29, 132, 192, 225, 166, 245, 179, 132, 239, 87, 48, 130, 173, 160, 110, 143, 218, 46, 130, 76, 45, 130, 252, 166, 65]	[112, 172, 21, 90, 185, 30, 127, 254, 10, 99, 246, 35, 28, 14, 80, 94, 28, 190, 7, 224, 113, 205, 124, 233, 43, 116, 147, 94, 7, 11, 40, 92]	[167, 80, 49, 212, 235, 103, 127, 156, 211, 129, 66, 52, 53, 214, 13, 105, 164, 229, 168, 164, 111, 128, 118, 144, 173, 166, 253, 97, 74, 85, 127, 14]	[182, 215, 238, 100, 175, 9, 144, 42, 2, 17, 87, 129, 29, 8, 91, 179, 58, 193, 88, 64, 167, 48, 228, 97, 144, 196, 201, 39, 191, 65, 6, 89]
BEGIN	range/20260909/32/16/valid
OBS	[0, 0, 0, 0, 0, 0, 0, 0, 0, 0, 0, 0, 0, 0, 0, 0, 0, 0, 0, 0, 0, 0, 0, 0, 0, 0, 0, 0, 0, 0, 0, 0]	[0, 0, 0, 0, 0, 0, 0, 0, 0, 0, 0, 0, 0, 0, 0, 0, 0, 0, 0, 0, 0, 0, 0, 0, 0, 0, 0, 0, 0, 0, 0, 0]	[60, 217, 169, 41, 172, 131, 104, 170, 236, 120, 58, 35, 14, 58, 177, 8, 143, 225, 237, 27, 216, 104, 242, 139, 160, 2, 113, 99, 99, 128, 111, 9]	[0, 0, 0, 0, 0, 0, 0, 0, 0, 0, 0, 0, 0, 0, 0, 0, 0, 0, 0, 0, 0, 0, 0, 0, 0, 0, 0, 0, 0, 0, 0, 0]
BEGIN	range/20260909/32/16/ip-only-response
OBS	[224, 98, 123, 120, 95, 242, 220, 18, 43, 114, 91, 254, 171, 207, 214, 149, 51, 248, 134, 218, 194, 119, 23, 66, 44, 163, 83, 145, 194, 76, 249, 22]	[0, 0, 0, 0, 0, 0, 0, 0, 0, 0, 0, 0, 0, 0, 0, 0, 0, 0, 0, 0, 0, 0, 0, 0, 0, 0, 0, 0, 0, 0, 0, 0]	[166, 214, 46, 246, 235, 1, 32, 77, 228, 211, 177, 236, 221, 211, 43, 241, 71, 172, 223, 92, 107, 9, 20, 127, 51, 198, 79, 1, 46, 219, 63, 0]	[224, 98, 123, 120, 95, 242, 220, 18, 43, 114, 91, 254, 171, 207, 214, 149, 51, 248, 134, 218, 194, 119, 23, 66, 44, 163, 83, 145, 194, 76, 249, 22]
BEGIN	range/20260909/32/16/wrong-domain
OBS	[118, 124, 23, 28, 92, 224, 99, 26, 181, 97, 224, 252, 143, 15, 41, 103, 139, 206, 6, 32, 138, 184, 121, 31, 209, 16, 139, 242, 60, 123, 206, 74]	[118, 53, 154, 93, 24, 131, 84, 92, 68, 202, 32, 105, 148, 14, 76, 175, 78, 88, 153, 29, 82, 146, 172, 242, 28, 84, 39, 44, 135, 68, 66, 111]	[162, 47, 226, 125, 171, 215, 182, 101, 81, 130, 177, 144, 168, 168, 197, 23, 72, 113, 153, 245, 249, 162, 216, 50, 220, 37, 85, 142, 211, 174, 204, 11]	[152, 134, 25, 135, 239, 137, 94, 33, 8, 147, 164, 45, 139, 137, 150, 41, 112, 26, 188, 96, 188, 24, 83, 156, 228, 21, 77, 244, 22, 92, 202, 113]
BEGIN	range/20260909/32/32/valid
OBS	[0, 0, 0, 0, 0, 0, 0, 0, 0, 0, 0, 0, 0, 0, 0, 0, 0, 0, 0, 0, 0, 0, 0, 0, 0, 0, 0, 0, 0, 0, 0, 0]	[0, 0, 0, 0, 0, 0, 0, 0, 0, 0, 0, 0, 0, 0, 0, 0, 0, 0, 0, 0, 0, 0, 0, 0, 0, 0, 0, 0, 0, 0, 0, 0]	[76, 240, 207, 98, 198, 131, 193, 32, 193, 17, 124, 102, 0, 136, 139, 122, 22, 67, 130, 151, 130, 166, 119, 107, 100, 127, 191, 95, 246, 160, 82, 2]	[0, 0, 0, 0, 0, 0, 0, 0, 0, 0, 0, 0, 0, 0, 0, 0, 0, 0, 0, 0, 0, 0, 0, 0, 0, 0, 0, 0, 0, 0, 0, 0]
BEGIN	range/20260909/32/32/ip-only-response
OBS	[108, 126, 151, 69, 147, 247, 58, 97, 210, 72, 70, 54, 11, 38, 191, 166, 32, 85, 44, 190, 64, 244, 166, 158, 106, 253, 251, 153, 223, 71, 174, 55]	[0, 0, 0, 0, 0, 0, 0, 0, 0, 0, 0, 0, 0, 0, 0, 0, 0, 0, 0, 0, 0, 0, 0, 0, 0, 0, 0, 0, 0, 0, 0, 0]	[226, 28, 75, 68, 6, 1, 75, 25, 55, 75, 214, 36, 110, 27, 196, 184, 211, 166, 65, 94, 159, 156, 94, 233, 234, 28, 36, 180, 99, 218, 93, 10]	[108, 126, 151, 69, 147, 247, 58, 97, 210, 72, 70, 54, 11, 38, 191, 166, 32, 85, 44, 190, 64, 244, 166, 158, 106, 253, 251, 153, 223, 71, 174, 55]
BEGIN	range/20260909/32/32/wrong-domain
OBS	[246, 9, 203, 219, 173, 58, 250, 234, 199, 16, 145, 168, 14, 136, 85, 175, 237, 64, 239, 216, 19, 40, 149, 47, 253, 90, 187, 108, 93, 30, 173, 83]	[56, 32, 189, 85, 26, 197, 214, 100, 104, 59, 91, 250, 222, 114, 243, 173, 49, 169, 238, 122, 4, 66, 146, 160, 85, 136, 207, 112, 34, 80, 110, 62]	[98, 30, 110, 176, 113, 161, 58, 116, 215, 28, 202, 113, 23, 203, 94, 130, 64, 138, 98, 243, 12, 199, 78, 23, 40, 243, 168, 163, 248, 130, 35, 1]	[250, 74, 112, 71, 204, 228, 17, 206, 77, 172, 53, 172, 50, 34, 253, 112, 116, 235, 125, 174, 186, 106, 228, 73, 252, 72, 131, 56, 79, 122, 205, 84]
BEGIN	range/20260909/64/1/valid
OBS	[0, 0, 0, 0, 0, 0, 0, 0, 0, 0, 0, 0, 0, 0, 0, 0, 0, 0, 0, 0, 0, 0, 0, 0, 0, 0, 0, 0, 0, 0, 0, 0]	[0, 0, 0, 0, 0, 0, 0, 0, 0, 0, 0, 0, 0, 0, 0, 0, 0, 0, 0, 0, 0, 0, 0, 0, 0, 0, 0, 0, 0, 0, 0, 0]	[1, 52, 252, 77, 191, 98, 8, 141, 179, 47, 224, 39, 17, 149, 193, 115, 138, 185, 130, 181, 37, 50, 105, 180, 39, 77, 53, 79, 39, 49, 207, 2]	[0, 0, 0, 0, 0, 0, 0, 0, 0, 0, 0, 0, 0, 0, 0, 0, 0, 0, 0, 0, 0, 0, 0, 0, 0, 0, 0, 0, 0, 0, 0, 0]
BEGIN	range/20260909/64/1/ip-only-response
OBS	[98, 38, 248, 227, 234, 220, 169, 74, 67, 23, 168, 114, 247, 191, 22, 144, 241, 95, 247, 132, 176, 202, 31, 250, 29, 210, 133, 197, 85, 245, 36, 42]	[0, 0, 0, 0, 0, 0, 0, 0, 0, 0, 0, 0, 0, 0, 0, 0, 0, 0, 0, 0, 0, 0, 0, 0, 0, 0, 0, 0, 0, 0, 0, 0]	[50, 198, 142, 114, 247, 98, 33, 13, 170, 56, 102, 25, 254, 124, 43, 10, 25, 250, 54, 74, 51, 99, 182, 11, 61, 120, 125, 180, 199, 210, 103, 9]	[98, 38, 248, 227, 234, 220, 169, 74, 67, 23, 168, 114, 247, 191, 22, 144, 241, 95, 247, 132, 176, 202, 31, 250, 29, 210, 133, 197, 85, 245, 36, 42]
BEGIN	range/20260909/64/1/wrong-domain
OBS	[58, 118, 25, 9, 53, 102, 216, 180, 52, 193, 221, 3, 87, 89, 218, 7, 98, 179, 21, 62, 251, 195, 192, 118, 96, 151, 116, 243, 64, 56, 180, 80]	[32, 222, 84, 116, 169, 237, 55, 76, 73, 128, 227, 133, 28, 27, 100, 184, 129, 40, 115, 63, 108, 117, 217, 121, 208, 28, 214, 115, 91, 224, 55, 117]	[117, 223, 191, 166, 162, 15, 252, 211, 112, 178, 10, 250, 206, 248, 162, 175, 24, 97, 165, 56, 164, 99, 142, 116, 2, 83, 151, 218, 171, 95, 224, 5]	[228, 152, 80, 200, 243, 48, 17, 231, 82, 173, 62, 117, 214, 206, 220, 119, 6, 169, 60, 86, 148, 143, 100, 237, 231, 185, 120, 48, 28, 101, 143, 101]
BEGIN	range/20260909/64/2/valid
OBS	[0, 0, 0, 0, 0, 0, 0, 0, 0, 0, 0, 0, 0, 0, 0, 0, 0, 0, 0, 0, 0, 0, 0, 0, 0, 0, 0, 0, 0, 0, 0, 0]	[0, 0, 0, 0, 0, 0, 0, 0, 0, 0, 0, 0, 0, 0, 0, 0, 0, 0, 0, 0, 0, 0, 0, 0, 0, 0, 0, 0, 0, 0, 0, 0]	[17, 184, 201, 116, 142, 245, 234, 169, 132, 223, 86, 100, 77, 97, 40, 140, 159, 43, 180, 175, 108, 44, 210, 24, 153, 235, 106, 25, 77, 62, 114, 9]	[0, 0, 0, 0, 0, 0, 0, 0, 0, 0, 0, 0, 0, 0, 0, 0, 0, 0, 0, 0, 0, 0, 0, 0, 0, 0, 0, 0, 0, 0, 0, 0]
BEGIN	range/20260909/64/2/ip-only-response
OBS	[64, 240, 164, 127, 89, 18, 42, 106, 31, 143, 242, 76, 50, 226, 230, 254, 58, 181, 228, 145, 105, 199, 152, 135, 176, 49, 248, 41, 121, 72, 158, 114]	[0, 0, 0, 0, 0, 0, 0, 0, 0, 0, 0, 0, 0, 0, 0, 0, 0, 0, 0, 0, 0, 0, 0, 0, 0, 0, 0, 0, 0, 0, 0, 0]	[210, 199, 158, 26, 47, 78, 39, 31, 132, 78, 116, 124, 101, 192, 167, 39, 136, 70, 225, 203, 177, 33, 202, 199, 191, 212, 87, 150, 99, 117, 92, 4]	[64, 240, 164, 127, 89, 18, 42, 106, 31, 143, 242, 76, 50, 226, 230, 254, 58, 181, 228, 145, 105, 199, 152, 135, 176, 49, 248, 41, 121, 72, 158, 114]
BEGIN	range/20260909/64/2/wrong-domain
OBS	[242, 190, 161, 19, 180, 112, 200, 107, 36, 17, 203, 107, 189, 254, 181, 44, 29, 139, 114, 175, 219, 212, 51, 222, 124, 91, 238, 190, 152, 205, 52, 49]	[0, 23, 105, 192, 5, 106, 0, 21, 183, 197, 212, 88, 142, 51, 58, 23, 47, 79, 82, 234, 27, 101, 195, 167, 21, 1, 110, 34, 120, 193, 175, 40]	[10, 78, 105, 90, 92, 108, 97, 245, 21, 182, 130, 205, 92, 5, 44, 121, 85, 13, 237, 181, 120, 86, 187, 41, 203, 242, 142, 172, 165, 44, 154, 10]	[212, 19, 241, 170, 245, 222, 209, 51, 150, 168, 141, 226, 103, 155, 74, 101, 153, 29, 238, 216, 236, 123, 192, 41, 80, 72, 231, 144, 6, 51, 177, 45]
BEGIN	range/20260909/64/4/valid
OBS	[0, 0, 0, 0, 0, 0, 0, 0, 0, 0, 0, 0, 0, 0, 0, 0, 0, 0, 0, 0, 0, 0, 0, 0, 0, 0, 0, 0, 0, 0, 0, 0]	[0, 0, 0, 0, 0, 0, 0, 0, 0, 0, 0, 0, 0, 0, 0, 0, 0, 0, 0, 0, 0, 0, 0, 0, 0, 0, 0, 0, 0, 0, 0, 0]	[82, 238, 254, 239, 51, 223, 160, 21, 167, 67, 33, 114, 210, 66, 16, 249, 99, 180, 88, 3, 33, 212, 48, 92, 117, 83, 15, 235, 65, 209, 221, 3]	[0, 0, 0, 0, 0, 0, 0, 0, 0, 0, 0, 0, 0, 0, 0, 0, 0, 0, 0, 0, 0, 0, 0, 0, 0, 0, 0, 0, 0, 0, 0, 0]
BEGIN	range/20260909/64/4/ip-only-response
OBS	[88, 20, 62, 132, 167, 99, 205, 71, 139, 80, 187, 65, 144, 100, 227, 180, 81, 200, 185, 137, 57, 143, 51, 170, 79, 139, 154, 142, 247, 161, 242, 3]	[0, 0, 0, 0, 0, 0, 0, 0, 0, 0, 0, 0, 0, 0, 0, 0, 0, 0, 0, 0, 0, 0, 0, 0, 0, 0, 0, 0, 0, 0, 0, 0]	[189, 1, 34, 172, 19, 52, 207, 101, 229, 248, 1, 48, 248, 203, 19, 107, 48, 195, 26, 148, 144, 176, 86, 171, 230, 173, 138, 9, 177, 15, 147, 12]	[88, 20, 62, 132, 167, 99, 205, 71, 139, 80, 187, 65, 144, 100, 227, 180, 81, 200, 185, 137, 57, 143, 51, 170, 79, 139, 154, 142, 247, 161, 242, 3]
BEGIN	range/20260909/64/4/wrong-domain
OBS	[36, 223, 82, 167, 196, 38, 9, 87, 66, 227, 102, 57, 108, 26, 111, 234, 134, 209, 148, 79, 155, 226, 27, 44, 190, 200, 118, 132, 248, 217, 89, 123]	[92, 161, 101, 129, 134, 135, 104, 87, 125, 61, 33, 200, 255, 19, 60, 197, 2, 221, 118, 207, 123, 120, 250, 123, 133, 98, 226, 82, 47, 119, 174, 122]	[255, 131, 172, 63, 237, 222, 116, 140, 44, 188, 37, 138, 177, 237, 197, 126, 14, 100, 103, 80, 187, 117, 199, 57, 132, 38, 11, 236, 26, 74, 54, 2]	[2, 54, 75, 19, 38, 67, 132, 230, 244, 126, 220, 153, 57, 52, 245, 73, 96, 109, 14, 140, 128, 51, 196, 212, 201, 81, 112, 227, 37, 155, 246, 102]
BEGIN	range/20260909/64/8/valid
OBS	[0, 0, 0, 0, 0, 0, 0, 0, 0, 0, 0, 0, 0, 0, 0, 0, 0, 0, 0, 0, 0, 0, 0, 0, 0, 0, 0, 0, 0, 0, 0, 0]	[0, 0, 0, 0, 0, 0, 0, 0, 0, 0, 0, 0, 0, 0, 0, 0, 0, 0, 0, 0, 0, 0, 0, 0, 0, 0, 0, 0, 0, 0, 0, 0]	[2, 8, 122, 211, 44, 155, 48, 126, 143, 82, 250, 122, 135, 108, 31, 130, 73, 95, 87, 120, 221, 231, 180, 202, 52, 229, 56, 208, 170, 156, 146, 4]	[0, 0, 0, 0, 0, 0, 0, 0, 0, 0, 0, 0, 0, 0, 0, 0, 0, 0, 0, 0, 0, 0, 0, 0, 0, 0, 0, 0, 0, 0, 0, 0]
BEGIN	range/20260909/64/8/ip-only-response
OBS	[170, 9, 254, 63, 35, 191, 102, 24, 242, 106, 47, 65, 33, 106, 172, 29, 121, 158, 108, 68, 82, 110, 222, 57, 152, 122, 112, 249, 59, 29, 12, 0]	[0, 0, 0, 0, 0, 0, 0, 0, 0, 0, 0, 0, 0, 0, 0, 0, 0, 0, 0, 0, 0, 0, 0, 0, 0, 0, 0, 0, 0, 0, 0, 0]	[65, 32, 250, 236, 246, 71, 79, 236, 131, 157, 193, 206, 98, 183, 112, 138, 128, 240, 170, 70, 150, 60, 2, 188, 89, 167, 226, 112, 113, 183, 206, 8]	[170, 9, 254, 63, 35, 191, 102, 24, 242, 106, 47, 65, 33, 106, 172, 29, 121, 158, 108, 68, 82, 110, 222, 57, 152, 122, 112, 249, 59, 29, 12, 0]
BEGIN	range/20260909/64/8/wrong-domain
OBS	[104, 99, 97, 16, 116, 143, 228, 54, 68, 126, 51, 43, 243, 127, 82, 240, 234, 206, 17, 230, 27, 56, 228, 33, 194, 36, 156, 78, 126, 16, 105, 101]	[16, 129, 212, 169, 84, 212, 110, 35, 80, 123, 37, 202, 30, 54, 122, 119, 146, 22, 106, 17, 28, 76, 123, 210, 223, 42, 155, 132, 107, 115, 102, 2]	[33, 103, 59, 185, 128, 6, 223, 169, 0, 25, 122, 69, 252, 50, 98, 161, 96, 178, 73, 61, 241, 141, 184, 193, 191, 66, 203, 193, 92, 120, 227, 4]	[12, 208, 17, 111, 63, 50, 216, 230, 172, 224, 71, 24, 38, 232, 125, 210, 71, 88, 188, 3, 41, 211, 137, 198, 203, 29, 136, 77, 205, 172, 115, 102]
BEGIN	range/20260909/64/16/valid
OBS	[0, 0, 0, 0, 0, 0, 0, 0, 0, 0, 0, 0, 0, 0, 0, 0, 0, 0, 0, 0, 0, 0, 0, 0, 0, 0, 0, 0, 0, 0, 0, 0]	[0, 0, 0, 0, 0, 0, 0, 0, 0, 0, 0, 0, 0, 0, 0, 0, 0, 0, 0, 0, 0, 0, 0, 0, 0, 0, 0, 0, 0, 0, 0, 0]	[66, 88, 116, 155, 150, 58, 190, 165, 93, 114, 218, 47, 139, 225, 35, 60, 215, 57, 60, 229, 79, 91, 248, 240, 121, 168, 35, 124, 37, 106, 78, 12]	[0, 0, 0, 0, 0, 0, 0, 0, 0, 0, 0, 0, 0, 0, 0, 0, 0, 0, 0, 0, 0, 0, 0, 0, 0, 0, 0, 0, 0, 0, 0, 0]
BEGIN	range/20260909/64/16/ip-only-response
OBS	[242, 67, 252, 98, 197, 62, 250, 161, 174, 165, 96, 176, 32, 181, 134, 207, 99, 34, 242, 92, 93, 155, 215, 219, 242, 157, 166, 165, 187, 90, 207, 95]	[0, 0, 0, 0, 0, 0, 0, 0, 0, 0, 0, 0, 0, 0, 0, 0, 0, 0, 0, 0, 0, 0, 0, 0, 0, 0, 0, 0, 0, 0, 0, 0]	[161, 206, 174, 47, 237, 16, 250, 30, 58, 114, 191, 161, 96, 81, 73, 19, 206, 2, 179, 0, 93, 193, 134, 180, 232, 234, 118, 140, 166, 175, 164, 9]	[242, 67, 252, 98, 197, 62, 250, 161, 174, 165, 96, 176, 32, 181, 134, 207, 99, 34, 242, 92, 93, 155, 215, 219, 242, 157, 166, 165, 187, 90, 207, 95]
BEGIN	range/20260909/64/16/wrong-domain
OBS	[224, 241, 16, 11, 180, 159, 139, 90, 166, 194, 138, 115, 142, 117, 136, 51, 126, 63, 12, 200, 219, 255, 150, 68, 203, 61, 206, 78, 185, 253, 14, 56]	[68, 193, 210, 163, 25, 147, 107, 1, 246, 38, 88, 36, 230, 201, 115, 105, 114, 142, 105, 206, 3, 123, 231, 225, 192, 136, 91, 46, 24, 79, 117, 3]	[100, 145, 177, 50, 233, 162, 94, 138, 46, 196, 233, 11, 82, 122, 202, 68, 68, 96, 228, 150, 212, 23, 218, 127, 123, 29, 26, 111, 144, 200, 57, 3]	[116, 232, 190, 222, 210, 153, 114, 254, 18, 215, 249, 46, 23, 76, 240, 119, 7, 48, 163, 170, 102, 21, 39, 219, 53, 69, 187, 177, 209, 200, 139, 13]
BEGIN	range/20260909/64/32/valid
OBS	[0, 0, 0, 0, 0, 0, 0, 0, 0, 0, 0, 0, 0, 0, 0, 0, 0, 0, 0, 0, 0, 0, 0, 0, 0, 0, 0, 0, 0, 0, 0, 0]	[0, 0, 0, 0, 0, 0, 0, 0, 0, 0, 0, 0, 0, 0, 0, 0, 0, 0, 0, 0, 0, 0, 0, 0, 0, 0, 0, 0, 0, 0, 0, 0]	[64, 126, 68, 226, 42, 220, 74, 126, 4, 180, 170, 96, 194, 23, 133, 130, 156, 224, 93, 252, 219, 218, 24, 85, 88, 231, 207, 177, 247, 156, 52, 5]	[0, 0, 0, 0, 0, 0, 0, 0, 0, 0, 0, 0, 0, 0, 0, 0, 0, 0, 0, 0, 0, 0, 0, 0, 0, 0, 0, 0, 0, 0, 0, 0]
BEGIN	range/20260909/64/32/ip-only-response
OBS	[130, 155, 188, 73, 106, 27, 46, 170, 194, 199, 199, 117, 144, 97, 35, 242, 87, 97, 60, 208, 100, 153, 151, 134, 225, 97, 97, 137, 60, 26, 124, 58]	[0, 0, 0, 0, 0, 0, 0, 0, 0, 0, 0, 0, 0, 0, 0, 0, 0, 0, 0, 0, 0, 0, 0, 0, 0, 0, 0, 0, 0, 0, 0, 0]	[102, 194, 219, 112, 128, 35, 168, 252, 2, 48, 159, 178, 240, 131, 255, 7, 152, 229, 176, 234, 141, 208, 16, 102, 206, 171, 43, 250, 53, 96, 159, 3]	[130, 155, 188, 73, 106, 27, 46, 170, 194, 199, 199, 117, 144, 97, 35, 242, 87, 97, 60, 208, 100, 153, 151, 134, 225, 97, 97, 137, 60, 26, 124, 58]
BEGIN	range/20260909/64/32/wrong-domain
OBS	[196, 83, 88, 84, 198, 159, 40, 253, 13, 10, 222, 103, 116, 250, 77, 193, 176, 65, 13, 55, 12, 129, 13, 122, 195, 241, 88, 86, 87, 151, 152, 55]	[174, 56, 67, 20, 195, 149, 221, 251, 37, 8, 70, 112, 2, 222, 43, 227, 40, 127, 127, 124, 156, 82, 83, 74, 248, 96, 180, 245, 251, 243, 40, 18]	[163, 206, 25, 62, 193, 30, 95, 125, 165, 255, 248, 110, 119, 158, 94, 188, 27, 224, 196, 90, 226, 111, 199, 153, 213, 153, 40, 101, 162, 185, 187, 2]	[78, 90, 246, 52, 134, 31, 2, 206, 19, 79, 215, 62, 80, 192, 109, 222, 14, 3, 160, 77, 127, 12, 65, 75, 11, 245, 111, 151, 250, 156, 161, 104]
