BEGIN	range/0/8/1/valid
OBS	[0, 0, 0, 0, 0, 0, 0, 0, 0, 0, 0, 0, 0, 0, 0, 0, 0, 0, 0, 0, 0, 0, 0, 0, 0, 0, 0, 0, 0, 0, 0, 0]	[194, 9, 214, 100, 153, 242, 107, 232, 50, 230, 97, 245, 5, 253, 238, 137, 227, 225, 220, 42, 156, 125, 71, 208, 221, 184, 165, 8, 27, 74, 87, 97]	[38, 138, 198, 134, 119, 135, 26, 209, 241, 151, 148, 27, 79, 98, 144, 93, 234, 143, 53, 86, 73, 15, 128, 187, 115, 183, 175, 66, 171, 49, 88, 5]	[180, 115, 140, 50, 113, 9, 87, 46, 56, 195, 133, 9, 39, 1, 184, 10, 245, 90, 177, 64, 121, 110, 38, 100, 8, 12, 87, 143, 238, 49, 138, 113]
BEGIN	range/0/8/1/ip-only-response
OBS	[108, 78, 155, 40, 33, 199, 229, 254, 225, 172, 118, 1, 221, 49, 215, 35, 165, 211, 189, 19, 237, 197, 112, 94, 175, 119, 60, 214, 92, 185, 185, 96]	[194, 9, 214, 100, 153, 242, 107, 232, 50, 230, 97, 245, 5, 253, 238, 137, 227, 225, 220, 42, 156, 125, 71, 208, 221, 184, 165, 8, 27, 74, 87, 97]	[142, 35, 19, 163, 113, 17, 231, 95, 99, 234, 145, 220, 200, 109, 86, 244, 131, 232, 76, 219, 252, 51, 220, 32, 181, 174, 128, 251, 5, 185, 36, 12]	[188, 203, 89, 246, 96, 24, 47, 82, 52, 59, 46, 157, 135, 232, 47, 233, 189, 19, 148, 41, 113, 182, 216, 24, 34, 246, 7, 142, 230, 111, 74, 102]
BEGIN	range/0/8/1/wrong-domain
OBS	[48, 113, 150, 65, 41, 35, 57, 58, 223, 84, 196, 90, 235, 152, 164, 212, 125, 149, 187, 193, 22, 167, 31, 88, 204, 201, 113, 83, 8, 202, 181, 74]	[78, 240, 95, 128, 230, 237, 105, 65, 122, 137, 27, 234, 186, 98, 148, 146, 179, 75, 94, 120, 242, 107, 10, 228, 11, 187, 134, 102, 190, 35, 54, 63]	[63, 104, 55, 33, 227, 64, 127, 235, 129, 14, 85, 248, 29, 56, 15, 183, 22, 7, 246, 237, 89, 122, 22, 64, 236, 213, 213, 234, 31, 176, 133, 15]	[72, 177, 175, 0, 170, 192, 60, 200, 11, 221, 27, 52, 99, 127, 146, 116, 197, 26, 46, 71, 144, 37, 216, 153, 199, 108, 105, 248, 69, 17, 204, 126]
BEGIN	range/0/8/1/field-0-zero
BEGIN	range/0/8/1/field-0-invalid
BEGIN	range/0/8/1/field-0-point
OBS	[74, 36, 191, 168, 178, 252, 129, 138, 21, 67, 157, 70, 130, 26, 121, 150, 121, 154, 104, 156, 211, 232, 180, 29, 219, 115, 128, 139, 132, 108, 28, 63]	[66, 231, 213, 253, 87, 210, 50, 118, 181, 109, 253, 156, 219, 11, 241, 146, 131, 93, 47, 89, 60, 94, 34, 110, 164, 117, 177, 235, 240, 224, 5, 35]	[239, 39, 34, 51, 55, 28, 86, 242, 226, 12, 196, 169, 184, 14, 25, 202, 250, 43, 51, 66, 59, 210, 62, 32, 161, 231, 4, 82, 49, 102, 25, 5]	[28, 3, 133, 140, 187, 147, 239, 104, 165, 116, 133, 144, 109, 96, 131, 59, 237, 70, 243, 29, 126, 127, 97, 28, 173, 87, 253, 138, 114, 50, 233, 37]
BEGIN	range/0/8/1/field-1-zero
BEGIN	range/0/8/1/field-1-invalid
BEGIN	range/0/8/1/field-1-point
OBS	[122, 67, 11, 37, 151, 228, 189, 27, 207, 95, 218, 4, 229, 135, 166, 183, 171, 240, 75, 139, 186, 171, 205, 185, 103, 77, 114, 137, 159, 5, 54, 1]	[2, 137, 138, 165, 213, 143, 50, 170, 128, 82, 91, 2, 46, 128, 70, 94, 100, 158, 120, 195, 135, 43, 65, 21, 47, 191, 237, 73, 58, 190, 57, 7]	[38, 244, 67, 208, 208, 235, 55, 150, 64, 223, 199, 176, 184, 70, 153, 249, 115, 16, 80, 18, 247, 240, 250, 158, 173, 181, 59, 4, 60, 110, 159, 10]	[100, 169, 212, 136, 53, 42, 163, 88, 183, 245, 220, 182, 26, 178, 252, 210, 199, 128, 214, 28, 238, 108, 132, 38, 85, 69, 231, 230, 50, 134, 15, 26]
BEGIN	range/0/8/1/field-2-zero
BEGIN	range/0/8/1/field-2-invalid
BEGIN	range/0/8/1/field-2-point
OBS	[104, 104, 87, 111, 94, 42, 59, 144, 147, 93, 13, 91, 137, 203, 124, 27, 40, 105, 151, 45, 70, 243, 28, 247, 40, 11, 72, 89, 94, 45, 110, 35]	[208, 215, 253, 227, 224, 134, 190, 239, 146, 179, 195, 220, 104, 86, 138, 54, 234, 221, 208, 236, 96, 243, 216, 172, 186, 70, 137, 200, 248, 242, 193, 65]	[124, 126, 113, 222, 33, 240, 0, 155, 65, 147, 193, 41, 238, 223, 90, 129, 113, 50, 114, 192, 68, 198, 47, 65, 70, 184, 46, 127, 69, 61, 148, 2]	[162, 7, 57, 94, 4, 56, 133, 230, 194, 92, 58, 181, 153, 147, 47, 138, 179, 86, 248, 117, 113, 34, 19, 14, 10, 133, 4, 57, 125, 35, 139, 126]
BEGIN	range/0/8/1/field-3-zero
BEGIN	range/0/8/1/field-3-invalid
BEGIN	range/0/8/1/field-3-point
OBS	[204, 90, 180, 181, 109, 255, 250, 81, 156, 88, 190, 79, 199, 21, 131, 197, 160, 200, 181, 155, 12, 236, 67, 203, 194, 43, 19, 26, 58, 6, 56, 27]	[76, 16, 14, 47, 39, 219, 178, 53, 6, 18, 53, 167, 252, 14, 23, 244, 219, 194, 246, 18, 226, 212, 19, 207, 46, 250, 35, 219, 196, 87, 113, 126]	[192, 182, 150, 129, 67, 18, 10, 46, 143, 225, 73, 103, 129, 216, 245, 113, 228, 1, 50, 1, 37, 21, 95, 56, 17, 224, 68, 144, 200, 245, 58, 12]	[250, 38, 111, 56, 123, 229, 232, 236, 53, 231, 148, 213, 248, 138, 96, 81, 175, 224, 222, 29, 159, 122, 59, 178, 223, 95, 26, 166, 251, 130, 224, 110]
BEGIN	range/0/8/1/field-4-zero
OBS	[24, 15, 124, 32, 216, 166, 228, 75, 67, 23, 97, 72, 146, 91, 133, 23, 128, 251, 125, 222, 154, 113, 136, 145, 190, 82, 79, 228, 108, 193, 88, 91]	[114, 152, 219, 197, 26, 145, 58, 120, 232, 8, 48, 31, 204, 217, 51, 138, 164, 104, 241, 64, 68, 147, 61, 204, 146, 73, 45, 126, 55, 102, 90, 33]	[249, 247, 147, 216, 91, 19, 72, 206, 50, 59, 211, 109, 107, 133, 25, 75, 175, 12, 26, 95, 41, 68, 9, 61, 83, 172, 110, 110, 237, 147, 35, 12]	[50, 85, 154, 102, 166, 140, 212, 110, 127, 197, 250, 61, 176, 119, 161, 136, 7, 42, 224, 72, 228, 55, 81, 150, 132, 198, 51, 1, 200, 17, 31, 82]
BEGIN	range/0/8/1/field-4-invalid
BEGIN	range/0/8/1/field-4-point
BEGIN	range/0/8/1/field-5-zero
OBS	[100, 94, 125, 83, 151, 205, 107, 124, 225, 95, 92, 18, 190, 233, 107, 196, 78, 57, 240, 229, 39, 183, 174, 182, 132, 115, 234, 203, 176, 230, 133, 66]	[166, 116, 24, 16, 154, 52, 235, 27, 200, 63, 113, 190, 44, 201, 121, 241, 85, 85, 193, 36, 190, 21, 93, 6, 6, 213, 178, 118, 245, 71, 162, 125]	[119, 104, 176, 166, 36, 189, 179, 246, 88, 160, 65, 71, 209, 3, 182, 91, 15, 56, 227, 194, 237, 43, 133, 84, 176, 205, 25, 51, 230, 83, 12, 11]	[222, 15, 156, 67, 97, 179, 28, 245, 47, 19, 18, 237, 112, 240, 171, 244, 81, 251, 119, 125, 96, 109, 41, 59, 96, 197, 46, 30, 20, 50, 82, 87]
BEGIN	range/0/8/1/field-5-invalid
BEGIN	range/0/8/1/field-5-point
BEGIN	range/0/8/1/field-6-zero
OBS	[66, 155, 46, 155, 199, 67, 140, 226, 20, 187, 91, 48, 29, 19, 76, 87, 211, 128, 202, 120, 11, 75, 247, 225, 146, 242, 119, 151, 86, 112, 208, 7]	[194, 9, 214, 100, 153, 242, 107, 232, 50, 230, 97, 245, 5, 253, 238, 137, 227, 225, 220, 42, 156, 125, 71, 208, 221, 184, 165, 8, 27, 74, 87, 97]	[132, 59, 158, 240, 174, 66, 177, 201, 117, 151, 137, 190, 122, 138, 173, 192, 83, 50, 162, 183, 110, 245, 183, 113, 121, 214, 152, 40, 119, 167, 15, 3]	[98, 169, 181, 49, 76, 180, 6, 123, 46, 95, 14, 77, 79, 119, 226, 80, 8, 49, 74, 141, 37, 221, 224, 183, 218, 64, 13, 12, 138, 228, 108, 74]
BEGIN	range/0/8/1/field-6-invalid
BEGIN	range/0/8/1/field-6-point
BEGIN	range/0/8/1/field-7-zero
BEGIN	range/0/8/1/field-7-invalid
BEGIN	range/0/8/1/field-7-point
OBS	[238, 143, 93, 254, 249, 98, 244, 244, 96, 120, 77, 65, 216, 134, 205, 16, 42, 229, 12, 133, 134, 177, 214, 11, 8, 25, 210, 193, 155, 15, 194, 45]	[194, 9, 214, 100, 153, 242, 107, 232, 50, 230, 97, 245, 5, 253, 238, 137, 227, 225, 220, 42, 156, 125, 71, 208, 221, 184, 165, 8, 27, 74, 87, 97]	[74, 201, 212, 119, 225, 168, 199, 105, 111, 218, 36, 232, 93, 141, 196, 108, 63, 122, 33, 47, 10, 111, 40, 51, 69, 222, 169, 38, 149, 173, 51, 1]	[6, 162, 187, 92, 115, 60, 105, 148, 238, 176, 101, 228, 51, 38, 246, 177, 119, 233, 220, 218, 244, 160, 26, 138, 182, 208, 50, 57, 191, 142, 176, 88]
BEGIN	range/0/8/1/field-8-zero
BEGIN	range/0/8/1/field-8-invalid
BEGIN	range/0/8/1/field-8-point
OBS	[90, 214, 42, 241, 133, 184, 166, 66, 220, 125, 85, 109, 209, 189, 35, 163, 250, 70, 3, 243, 249, 245, 119, 114, 116, 111, 229, 165, 185, 59, 56, 90]	[194, 9, 214, 100, 153, 242, 107, 232, 50, 230, 97, 245, 5, 253, 238, 137, 227, 225, 220, 42, 156, 125, 71, 208, 221, 184, 165, 8, 27, 74, 87, 97]	[87, 216, 154, 232, 98, 225, 101, 139, 149, 249, 88, 43, 188, 133, 42, 131, 80, 181, 211, 32, 63, 211, 133, 124, 221, 117, 46, 73, 169, 236, 225, 9]	[92, 190, 250, 205, 156, 253, 3, 159, 53, 237, 169, 63, 67, 30, 192, 124, 117, 43, 2, 204, 134, 195, 189, 217, 106, 179, 110, 159, 184, 60, 63, 111]
BEGIN	range/0/8/1/field-9-zero
BEGIN	range/0/8/1/field-9-invalid
BEGIN	range/0/8/1/field-9-point
OBS	[190, 14, 203, 128, 100, 134, 178, 33, 17, 136, 161, 210, 136, 179, 103, 245, 222, 24, 30, 212, 136, 57, 183, 162, 144, 102, 59, 24, 30, 55, 203, 10]	[194, 9, 214, 100, 153, 242, 107, 232, 50, 230, 97, 245, 5, 253, 238, 137, 227, 225, 220, 42, 156, 125, 71, 208, 221, 184, 165, 8, 27, 74, 87, 97]	[198, 222, 179, 111, 112, 14, 60, 181, 158, 199, 61, 90, 115, 169, 234, 56, 47, 92, 139, 186, 216, 72, 45, 62, 84, 227, 210, 190, 71, 146, 9, 3]	[8, 235, 42, 8, 10, 95, 4, 58, 62, 171, 66, 147, 87, 145, 208, 78, 69, 61, 127, 183, 25, 198, 156, 72, 22, 71, 126, 163, 154, 77, 50, 114]
BEGIN	range/0/8/1/field-10-zero
BEGIN	range/0/8/1/field-10-invalid
BEGIN	range/0/8/1/field-10-point
OBS	[226, 38, 78, 23, 216, 98, 182, 30, 214, 203, 167, 176, 72, 252, 1, 224, 192, 225, 196, 251, 102, 238, 71, 9, 22, 46, 74, 189, 144, 160, 87, 27]	[194, 9, 214, 100, 153, 242, 107, 232, 50, 230, 97, 245, 5, 253, 238, 137, 227, 225, 220, 42, 156, 125, 71, 208, 221, 184, 165, 8, 27, 74, 87, 97]	[56, 250, 136, 29, 226, 76, 138, 29, 81, 43, 213, 119, 224, 61, 144, 168, 219, 235, 5, 119, 234, 27, 46, 196, 185, 10, 114, 233, 25, 8, 242, 12]	[174, 216, 129, 45, 119, 132, 72, 36, 13, 216, 122, 163, 184, 52, 224, 94, 240, 128, 79, 125, 170, 134, 152, 98, 219, 209, 249, 48, 81, 13, 246, 18]
BEGIN	range/0/8/1/field-11-zero
BEGIN	range/0/8/1/field-11-invalid
BEGIN	range/0/8/1/field-11-point
OBS	[234, 159, 64, 189, 190, 89, 101, 49, 5, 8, 79, 59, 102, 11, 238, 230, 4, 198, 92, 134, 251, 141, 52, 144, 28, 146, 64, 49, 129, 231, 179, 55]	[194, 9, 214, 100, 153, 242, 107, 232, 50, 230, 97, 245, 5, 253, 238, 137, 227, 225, 220, 42, 156, 125, 71, 208, 221, 184, 165, 8, 27, 74, 87, 97]	[177, 153, 52, 188, 135, 77, 60, 139, 228, 61, 61, 2, 186, 232, 239, 8, 204, 87, 222, 37, 106, 102, 245, 13, 76, 190, 211, 71, 177, 108, 150, 10]	[178, 129, 93, 166, 195, 75, 29, 249, 1, 73, 73, 246, 65, 112, 196, 57, 128, 247, 253, 47, 179, 89, 164, 207, 28, 72, 245, 135, 254, 65, 0, 95]
BEGIN	range/0/8/1/field-12-zero
BEGIN	range/0/8/1/field-12-invalid
BEGIN	range/0/8/1/field-12-point
OBS	[156, 240, 64, 122, 17, 83, 206, 99, 40, 69, 24, 33, 231, 74, 20, 55, 67, 207, 120, 23, 86, 205, 222, 44, 93, 188, 206, 175, 124, 25, 252, 54]	[194, 9, 214, 100, 153, 242, 107, 232, 50, 230, 97, 245, 5, 253, 238, 137, 227, 225, 220, 42, 156, 125, 71, 208, 221, 184, 165, 8, 27, 74, 87, 97]	[101, 25, 2, 46, 4, 96, 62, 205, 28, 122, 46, 254, 195, 71, 52, 87, 176, 131, 243, 207, 146, 168, 105, 16, 220, 99, 26, 86, 149, 89, 175, 5]	[84, 192, 83, 123, 188, 38, 117, 197, 125, 220, 64, 85, 201, 68, 139, 66, 47, 187, 5, 96, 106, 108, 65, 193, 166, 155, 74, 123, 67, 113, 197, 108]
BEGIN	range/0/8/1/field-13-zero
OBS	[220, 201, 72, 69, 22, 108, 99, 133, 89, 16, 146, 227, 173, 7, 62, 141, 7, 62, 187, 58, 1, 25, 162, 242, 251, 121, 67, 220, 251, 200, 168, 83]	[194, 9, 214, 100, 153, 242, 107, 232, 50, 230, 97, 245, 5, 253, 238, 137, 227, 225, 220, 42, 156, 125, 71, 208, 221, 184, 165, 8, 27, 74, 87, 97]	[74, 20, 108, 17, 174, 16, 20, 236, 234, 112, 166, 46, 247, 172, 226, 26, 32, 66, 38, 2, 136, 252, 173, 220, 215, 162, 96, 0, 182, 81, 13, 5]	[224, 40, 190, 56, 96, 207, 182, 67, 205, 212, 245, 236, 178, 145, 29, 87, 192, 78, 235, 243, 117, 55, 38, 162, 42, 140, 230, 162, 183, 149, 194, 42]
BEGIN	range/0/8/1/field-13-invalid
BEGIN	range/0/8/1/field-13-point
BEGIN	range/0/8/1/field-14-zero
OBS	[8, 240, 66, 240, 24, 212, 83, 241, 34, 236, 203, 68, 16, 61, 166, 191, 102, 156, 159, 86, 134, 153, 36, 56, 109, 71, 23, 169, 62, 33, 182, 46]	[194, 9, 214, 100, 153, 242, 107, 232, 50, 230, 97, 245, 5, 253, 238, 137, 227, 225, 220, 42, 156, 125, 71, 208, 221, 184, 165, 8, 27, 74, 87, 97]	[132, 134, 84, 13, 220, 244, 73, 75, 98, 75, 214, 249, 144, 29, 16, 95, 155, 59, 179, 128, 52, 141, 91, 55, 37, 38, 156, 128, 21, 39, 7, 0]	[44, 11, 84, 198, 100, 254, 223, 159, 226, 67, 229, 99, 0, 183, 123, 189, 157, 136, 96, 20, 219, 226, 140, 244, 103, 189, 125, 93, 134, 23, 245, 79]
BEGIN	range/0/8/1/field-14-invalid
BEGIN	range/0/8/1/field-14-point
BEGIN	range/0/8/1/commitment-0-invalid
BEGIN	range/0/8/1/commitment-0-point
OBS	[18, 141, 8, 240, 77, 237, 147, 166, 96, 204, 43, 111, 212, 200, 142, 158, 159, 167, 238, 82, 178, 57, 175, 158, 71, 109, 137, 35, 211, 68, 32, 102]	[206, 244, 80, 152, 197, 85, 106, 57, 240, 42, 135, 248, 97, 251, 216, 173, 25, 217, 148, 207, 105, 47, 114, 224, 131, 166, 198, 211, 119, 179, 170, 40]	[66, 207, 43, 254, 86, 157, 53, 113, 89, 240, 47, 92, 230, 124, 29, 59, 231, 36, 12, 251, 53, 47, 240, 4, 82, 108, 55, 125, 39, 142, 181, 3]	[204, 188, 168, 242, 96, 132, 131, 123, 97, 136, 82, 74, 179, 76, 185, 200, 199, 46, 161, 175, 45, 179, 132, 33, 93, 207, 211, 123, 222, 135, 73, 69]
BEGIN	range/0/8/1/truncated-0
BEGIN	range/0/8/1/truncated-1
BEGIN	range/0/8/1/truncated-479
BEGIN	range/0/8/1/truncated-448
BEGIN	range/0/8/1/trailing
BEGIN	range/0/8/1/invalid-bits
BEGIN	range/0/8/1/short-generators
BEGIN	range/0/8/1/short-parties
BEGIN	range/0/8/1/empty-values
BEGIN	range/0/8/1/nonpower-values
BEGIN	range/0/8/2/valid
OBS	[0, 0, 0, 0, 0, 0, 0, 0, 0, 0, 0, 0, 0, 0, 0, 0, 0, 0, 0, 0, 0, 0, 0, 0, 0, 0, 0, 0, 0, 0, 0, 0]	[16, 175, 76, 50, 165, 104, 11, 109, 4, 17, 126, 154, 64, 228, 172, 236, 113, 196, 23, 28, 125, 195, 80, 93, 59, 164, 161, 222, 61, 137, 211, 117]	[186, 48, 126, 88, 125, 172, 43, 214, 221, 111, 196, 201, 182, 151, 238, 183, 102, 123, 239, 7, 15, 58, 149, 221, 180, 51, 175, 227, 105, 251, 226, 3]	[54, 207, 22, 55, 44, 85, 141, 106, 14, 123, 90, 18, 237, 168, 81, 230, 131, 132, 214, 76, 116, 2, 112, 70, 222, 163, 125, 38, 56, 229, 120, 18]
BEGIN	range/0/8/2/ip-only-response
OBS	[80, 233, 12, 223, 183, 67, 66, 123, 97, 158, 199, 197, 251, 100, 157, 252, 164, 251, 88, 10, 227, 196, 33, 151, 65, 86, 214, 212, 6, 250, 77, 84]	[16, 175, 76, 50, 165, 104, 11, 109, 4, 17, 126, 154, 64, 228, 172, 236, 113, 196, 23, 28, 125, 195, 80, 93, 59, 164, 161, 222, 61, 137, 211, 117]	[184, 97, 110, 72, 233, 17, 230, 6, 206, 2, 17, 42, 91, 213, 129, 241, 223, 79, 100, 222, 130, 217, 207, 220, 55, 144, 184, 139, 110, 91, 214, 9]	[240, 67, 145, 94, 241, 113, 179, 225, 92, 108, 248, 208, 153, 62, 130, 103, 116, 80, 230, 165, 11, 210, 85, 154, 49, 5, 155, 91, 206, 72, 82, 8]
BEGIN	range/0/8/2/wrong-domain
OBS	[186, 232, 65, 192, 228, 85, 8, 135, 61, 24, 100, 4, 233, 152, 224, 238, 237, 44, 8, 9, 190, 76, 135, 142, 198, 239, 190, 54, 177, 125, 99, 68]	[234, 239, 247, 206, 74, 207, 248, 171, 119, 126, 113, 208, 218, 157, 116, 118, 169, 29, 150, 29, 2, 17, 168, 10, 69, 0, 104, 231, 118, 198, 55, 125]	[2, 238, 149, 91, 82, 195, 133, 161, 206, 218, 192, 246, 34, 125, 29, 135, 247, 60, 52, 123, 79, 10, 127, 49, 169, 15, 206, 173, 39, 69, 149, 14]	[20, 160, 90, 35, 72, 77, 112, 205, 45, 210, 127, 226, 166, 175, 157, 49, 166, 0, 224, 37, 243, 134, 32, 196, 134, 188, 94, 180, 166, 81, 82, 27]
BEGIN	range/0/8/4/valid
OBS	[0, 0, 0, 0, 0, 0, 0, 0, 0, 0, 0, 0, 0, 0, 0, 0, 0, 0, 0, 0, 0, 0, 0, 0, 0, 0, 0, 0, 0, 0, 0, 0]	[44, 192, 20, 29, 121, 209, 93, 17, 38, 185, 5, 179, 105, 58, 13, 45, 125, 162, 182, 33, 93, 169, 111, 55, 145, 53, 133, 9, 22, 121, 120, 92]	[190, 56, 195, 31, 207, 51, 72, 247, 166, 93, 114, 63, 2, 40, 50, 76, 138, 154, 122, 80, 8, 165, 177, 233, 191, 204, 17, 37, 36, 163, 253, 4]	[152, 10, 175, 79, 180, 247, 20, 173, 136, 81, 185, 247, 236, 2, 114, 142, 21, 19, 244, 50, 166, 217, 46, 76, 143, 86, 174, 40, 79, 253, 48, 40]
BEGIN	range/0/8/4/ip-only-response
OBS	[12, 80, 171, 154, 238, 14, 3, 181, 33, 223, 40, 156, 103, 123, 253, 164, 101, 152, 19, 242, 250, 216, 254, 103, 36, 5, 229, 88, 100, 44, 105, 108]	[44, 192, 20, 29, 121, 209, 93, 17, 38, 185, 5, 179, 105, 58, 13, 45, 125, 162, 182, 33, 93, 169, 111, 55, 145, 53, 133, 9, 22, 121, 120, 92]	[171, 86, 32, 88, 138, 205, 24, 196, 177, 54, 44, 51, 107, 191, 63, 54, 202, 24, 226, 70, 29, 233, 238, 111, 168, 79, 125, 160, 166, 220, 218, 10]	[138, 39, 138, 78, 186, 15, 184, 140, 161, 93, 231, 197, 205, 244, 3, 72, 199, 178, 107, 16, 37, 28, 208, 123, 254, 154, 22, 134, 175, 188, 98, 40]
BEGIN	range/0/8/4/wrong-domain
OBS	[82, 222, 158, 53, 38, 141, 55, 7, 207, 70, 39, 110, 254, 111, 189, 75, 63, 197, 20, 149, 79, 23, 221, 245, 143, 113, 35, 222, 165, 192, 143, 41]	[90, 130, 47, 127, 44, 12, 180, 109, 82, 128, 41, 244, 99, 86, 156, 72, 239, 240, 184, 201, 196, 70, 220, 254, 103, 203, 84, 147, 189, 153, 86, 38]	[246, 179, 35, 212, 75, 27, 15, 211, 96, 162, 244, 196, 22, 24, 185, 162, 89, 122, 191, 205, 191, 171, 133, 245, 119, 44, 127, 194, 167, 21, 59, 6]	[90, 165, 132, 150, 237, 117, 0, 37, 110, 13, 83, 71, 97, 117, 180, 196, 227, 228, 63, 142, 41, 175, 106, 203, 89, 12, 61, 84, 139, 5, 191, 5]
BEGIN	range/0/8/8/valid
OBS	[0, 0, 0, 0, 0, 0, 0, 0, 0, 0, 0, 0, 0, 0, 0, 0, 0, 0, 0, 0, 0, 0, 0, 0, 0, 0, 0, 0, 0, 0, 0, 0]	[88, 57, 47, 251, 140, 189, 193, 183, 146, 170, 40, 174, 143, 166, 176, 57, 169, 4, 34, 65, 251, 202, 165, 116, 130, 233, 107, 57, 41, 217, 167, 44]	[196, 118, 253, 73, 49, 233, 243, 104, 177, 248, 72, 198, 81, 138, 192, 218, 211, 6, 124, 211, 235, 28, 153, 191, 125, 7, 138, 203, 63, 179, 122, 14]	[68, 125, 35, 121, 188, 129, 163, 109, 25, 77, 176, 21, 70, 138, 93, 237, 233, 191, 119, 63, 71, 221, 110, 220, 188, 55, 32, 221, 139, 8, 250, 126]
BEGIN	range/0/8/8/ip-only-response
OBS	[50, 152, 122, 88, 144, 100, 213, 107, 140, 218, 235, 24, 119, 217, 174, 19, 93, 213, 148, 189, 82, 105, 111, 61, 131, 229, 147, 185, 176, 131, 74, 33]	[88, 57, 47, 251, 140, 189, 193, 183, 146, 170, 40, 174, 143, 166, 176, 57, 169, 4, 34, 65, 251, 202, 165, 116, 130, 233, 107, 57, 41, 217, 167, 44]	[125, 183, 5, 149, 87, 163, 117, 68, 128, 26, 39, 73, 108, 36, 60, 39, 62, 12, 46, 117, 142, 157, 255, 155, 139, 169, 163, 131, 70, 252, 58, 1]	[52, 9, 133, 36, 71, 128, 233, 42, 232, 202, 133, 57, 168, 213, 62, 89, 177, 184, 210, 69, 30, 137, 217, 187, 179, 141, 136, 111, 187, 84, 12, 22]
BEGIN	range/0/8/8/wrong-domain
OBS	[110, 198, 247, 107, 127, 152, 108, 255, 237, 177, 195, 65, 56, 246, 19, 179, 143, 101, 104, 152, 61, 230, 125, 57, 40, 219, 227, 200, 138, 224, 233, 63]	[234, 194, 131, 129, 224, 26, 39, 86, 223, 238, 167, 162, 231, 137, 237, 24, 61, 189, 70, 13, 247, 246, 94, 113, 128, 79, 64, 99, 109, 113, 132, 107]	[87, 74, 154, 4, 147, 102, 216, 223, 135, 44, 241, 178, 137, 255, 147, 125, 197, 219, 89, 252, 185, 158, 93, 159, 116, 161, 51, 104, 14, 102, 200, 1]	[72, 48, 206, 36, 39, 51, 98, 161, 54, 127, 186, 63, 204, 8, 139, 193, 34, 166, 83, 141, 97, 183, 61, 119, 155, 155, 230, 249, 164, 21, 2, 122]
BEGIN	range/0/8/16/valid
OBS	[0, 0, 0, 0, 0, 0, 0, 0, 0, 0, 0, 0, 0, 0, 0, 0, 0, 0, 0, 0, 0, 0, 0, 0, 0, 0, 0, 0, 0, 0, 0, 0]	[118, 11, 20, 202, 29, 145, 125, 217, 239, 211, 125, 42, 127, 129, 241, 207, 247, 205, 114, 254, 177, 144, 104, 162, 173, 185, 40, 210, 233, 122, 35, 4]	[97, 102, 251, 116, 154, 62, 3, 134, 165, 253, 7, 11, 193, 130, 124, 198, 20, 161, 102, 139, 73, 3, 15, 221, 131, 203, 122, 163, 192, 95, 173, 13]	[184, 68, 207, 232, 90, 48, 144, 31, 38, 115, 247, 242, 203, 146, 164, 128, 39, 173, 244, 22, 124, 182, 127, 216, 164, 241, 94, 46, 224, 232, 156, 119]
BEGIN	range/0/8/16/ip-only-response
OBS	[138, 104, 12, 185, 237, 67, 83, 10, 222, 186, 167, 63, 57, 214, 165, 223, 141, 192, 83, 4, 53, 26, 86, 221, 129, 67, 34, 170, 76, 140, 240, 103]	[118, 11, 20, 202, 29, 145, 125, 217, 239, 211, 125, 42, 127, 129, 241, 207, 247, 205, 114, 254, 177, 144, 104, 162, 173, 185, 40, 210, 233, 122, 35, 4]	[60, 170, 200, 174, 180, 148, 14, 160, 176, 39, 143, 241, 205, 155, 84, 235, 225, 197, 95, 199, 202, 184, 155, 97, 21, 75, 128, 13, 231, 35, 183, 10]	[126, 69, 3, 81, 3, 219, 38, 212, 118, 136, 51, 31, 216, 135, 106, 236, 133, 177, 115, 171, 82, 15, 86, 95, 184, 228, 35, 129, 15, 227, 20, 111]
BEGIN	range/0/8/16/wrong-domain
OBS	[224, 104, 240, 58, 166, 190, 226, 126, 156, 101, 124, 39, 91, 164, 48, 245, 38, 241, 17, 230, 227, 85, 206, 107, 210, 165, 192, 105, 102, 98, 241, 22]	[250, 4, 8, 254, 103, 161, 68, 20, 221, 122, 60, 48, 38, 15, 2, 64, 75, 130, 238, 231, 55, 93, 71, 183, 232, 135, 122, 191, 173, 92, 167, 112]	[229, 73, 133, 201, 177, 236, 110, 21, 163, 26, 251, 185, 242, 178, 164, 42, 112, 27, 26, 240, 225, 92, 47, 0, 114, 62, 117, 177, 255, 82, 203, 7]	[182, 104, 124, 11, 66, 137, 46, 100, 216, 37, 249, 153, 25, 38, 30, 31, 122, 162, 84, 91, 147, 90, 155, 232, 17, 94, 233, 79, 227, 17, 121, 74]
BEGIN	range/0/8/32/valid
OBS	[0, 0, 0, 0, 0, 0, 0, 0, 0, 0, 0, 0, 0, 0, 0, 0, 0, 0, 0, 0, 0, 0, 0, 0, 0, 0, 0, 0, 0, 0, 0, 0]	[176, 242, 114, 166, 216, 24, 162, 61, 22, 62, 133, 145, 58, 191, 33, 21, 137, 164, 44, 75, 185, 18, 208, 172, 194, 105, 173, 100, 142, 236, 122, 30]	[38, 211, 160, 181, 38, 37, 252, 124, 90, 216, 78, 241, 228, 207, 54, 132, 5, 189, 65, 5, 96, 35, 185, 207, 117, 123, 246, 96, 137, 180, 239, 14]	[10, 184, 254, 80, 198, 76, 25, 212, 76, 36, 25, 250, 228, 224, 106, 188, 129, 155, 86, 218, 178, 87, 241, 144, 33, 74, 22, 149, 161, 166, 72, 63]
BEGIN	range/0/8/32/ip-only-response
OBS	[124, 198, 35, 157, 184, 125, 181, 20, 192, 55, 203, 139, 53, 192, 16, 37, 204, 250, 232, 139, 146, 189, 241, 181, 250, 142, 1, 232, 25, 255, 170, 119]	[176, 242, 114, 166, 216, 24, 162, 61, 22, 62, 133, 145, 58, 191, 33, 21, 137, 164, 44, 75, 185, 18, 208, 172, 194, 105, 173, 100, 142, 236, 122, 30]	[238, 87, 5, 97, 137, 234, 137, 71, 31, 221, 181, 171, 187, 255, 78, 74, 88, 188, 166, 72, 251, 64, 216, 9, 95, 74, 255, 11, 4, 95, 135, 14]	[16, 209, 187, 218, 171, 72, 143, 213, 9, 187, 133, 159, 237, 143, 200, 101, 8, 201, 110, 151, 191, 35, 59, 220, 126, 223, 90, 125, 96, 203, 246, 90]
BEGIN	range/0/8/32/wrong-domain
OBS	[16, 106, 199, 106, 28, 71, 34, 16, 252, 126, 112, 5, 40, 3, 45, 59, 38, 216, 81, 124, 43, 168, 52, 118, 127, 102, 94, 118, 120, 202, 1, 45]	[114, 212, 148, 120, 136, 136, 191, 28, 165, 199, 159, 46, 157, 100, 131, 144, 113, 200, 170, 97, 124, 204, 150, 221, 199, 14, 54, 132, 67, 239, 51, 59]	[228, 37, 150, 250, 233, 13, 243, 174, 47, 208, 14, 223, 85, 40, 178, 88, 147, 94, 100, 197, 128, 210, 59, 26, 68, 196, 205, 50, 84, 166, 49, 14]	[178, 28, 216, 191, 40, 169, 229, 157, 218, 71, 73, 55, 142, 62, 251, 190, 188, 52, 84, 253, 116, 50, 24, 33, 75, 203, 87, 187, 171, 76, 93, 34]
BEGIN	range/0/16/1/valid
OBS	[0, 0, 0, 0, 0, 0, 0, 0, 0, 0, 0, 0, 0, 0, 0, 0, 0, 0, 0, 0, 0, 0, 0, 0, 0, 0, 0, 0, 0, 0, 0, 0]	[236, 86, 70, 113, 7, 189, 185, 47, 178, 28, 106, 193, 110, 108, 184, 29, 135, 32, 106, 225, 139, 38, 92, 89, 32, 254, 59, 176, 222, 25, 43, 72]	[76, 178, 38, 191, 234, 8, 42, 51, 154, 224, 101, 206, 115, 192, 116, 111, 163, 101, 244, 5, 205, 67, 126, 217, 83, 174, 212, 147, 27, 193, 9, 8]	[14, 40, 131, 237, 67, 74, 28, 51, 217, 197, 133, 171, 138, 126, 66, 18, 152, 185, 49, 189, 87, 157, 25, 145, 81, 231, 222, 173, 220, 67, 228, 75]
BEGIN	range/0/16/1/ip-only-response
OBS	[86, 219, 161, 245, 67, 62, 148, 55, 119, 60, 155, 98, 169, 133, 217, 186, 104, 205, 78, 190, 254, 210, 20, 154, 229, 48, 125, 134, 58, 224, 13, 80]	[236, 86, 70, 113, 7, 189, 185, 47, 178, 28, 106, 193, 110, 108, 184, 29, 135, 32, 106, 225, 139, 38, 92, 89, 32, 254, 59, 176, 222, 25, 43, 72]	[140, 155, 121, 186, 100, 176, 214, 19, 198, 29, 100, 135, 148, 23, 128, 101, 153, 121, 52, 170, 60, 163, 153, 0, 101, 240, 212, 248, 173, 202, 105, 14]	[208, 254, 59, 40, 162, 241, 73, 73, 161, 47, 2, 228, 29, 113, 229, 167, 152, 56, 166, 174, 4, 205, 102, 49, 225, 246, 244, 62, 217, 206, 1, 71]
BEGIN	range/0/16/1/wrong-domain
OBS	[4, 101, 252, 139, 12, 242, 204, 132, 206, 130, 0, 246, 133, 210, 79, 180, 17, 237, 96, 12, 224, 68, 237, 94, 43, 166, 36, 98, 73, 130, 83, 57]	[54, 251, 247, 7, 223, 33, 223, 190, 168, 71, 1, 116, 223, 118, 78, 81, 115, 161, 169, 217, 229, 184, 156, 42, 122, 62, 185, 136, 20, 41, 72, 0]	[95, 125, 235, 168, 136, 149, 171, 255, 151, 109, 86, 31, 85, 197, 62, 245, 140, 83, 4, 43, 101, 177, 199, 125, 112, 255, 18, 155, 50, 77, 123, 8]	[70, 88, 9, 232, 42, 12, 140, 154, 29, 136, 52, 22, 176, 44, 176, 3, 67, 142, 163, 135, 57, 192, 164, 19, 150, 132, 235, 80, 55, 239, 76, 63]
BEGIN	range/0/16/2/valid
OBS	[0, 0, 0, 0, 0, 0, 0, 0, 0, 0, 0, 0, 0, 0, 0, 0, 0, 0, 0, 0, 0, 0, 0, 0, 0, 0, 0, 0, 0, 0, 0, 0]	[242, 164, 53, 179, 149, 46, 54, 62, 176, 13, 104, 10, 42, 51, 187, 179, 149, 27, 191, 231, 115, 122, 12, 124, 172, 84, 208, 157, 141, 138, 87, 58]	[84, 110, 134, 246, 21, 203, 133, 77, 188, 207, 15, 34, 151, 207, 1, 137, 71, 34, 171, 61, 14, 25, 209, 79, 75, 234, 245, 96, 64, 104, 69, 15]	[64, 120, 129, 177, 224, 44, 228, 156, 250, 6, 50, 153, 137, 201, 7, 130, 8, 52, 162, 242, 176, 60, 40, 247, 184, 40, 131, 65, 129, 230, 18, 99]
BEGIN	range/0/16/2/ip-only-response
OBS	[158, 45, 115, 168, 129, 169, 169, 58, 100, 221, 6, 167, 200, 255, 12, 207, 209, 143, 162, 166, 29, 108, 48, 93, 59, 159, 102, 116, 238, 122, 7, 45]	[242, 164, 53, 179, 149, 46, 54, 62, 176, 13, 104, 10, 42, 51, 187, 179, 149, 27, 191, 231, 115, 122, 12, 124, 172, 84, 208, 157, 141, 138, 87, 58]	[33, 10, 192, 101, 246, 22, 246, 88, 212, 250, 15, 248, 121, 180, 99, 213, 114, 243, 67, 69, 110, 131, 242, 18, 172, 254, 223, 213, 156, 172, 204, 12]	[132, 55, 235, 202, 128, 40, 6, 64, 95, 226, 160, 183, 34, 163, 13, 210, 234, 34, 103, 161, 213, 225, 188, 159, 87, 102, 12, 5, 198, 54, 169, 10]
BEGIN	range/0/16/2/wrong-domain
OBS	[34, 5, 181, 70, 71, 255, 0, 238, 114, 139, 96, 128, 159, 19, 52, 107, 74, 39, 131, 107, 68, 72, 156, 207, 244, 204, 165, 254, 169, 192, 196, 115]	[158, 149, 82, 18, 235, 174, 228, 225, 18, 12, 79, 131, 39, 63, 61, 85, 153, 232, 181, 184, 20, 56, 95, 56, 72, 101, 139, 220, 213, 11, 185, 59]	[179, 11, 61, 242, 162, 251, 111, 243, 179, 185, 129, 68, 81, 165, 132, 147, 191, 143, 251, 216, 200, 232, 114, 228, 214, 180, 237, 239, 126, 183, 156, 2]	[216, 141, 117, 185, 192, 248, 251, 94, 252, 27, 136, 220, 230, 219, 82, 60, 117, 124, 199, 148, 246, 95, 204, 170, 44, 249, 188, 46, 250, 251, 106, 38]
BEGIN	range/0/16/4/valid
OBS	[0, 0, 0, 0, 0, 0, 0, 0, 0, 0, 0, 0, 0, 0, 0, 0, 0, 0, 0, 0, 0, 0, 0, 0, 0, 0, 0, 0, 0, 0, 0, 0]	[198, 76, 22, 33, 24, 48, 253, 124, 69, 54, 246, 207, 119, 64, 141, 22, 138, 120, 215, 46, 234, 151, 19, 189, 18, 42, 73, 202, 248, 93, 84, 39]	[81, 214, 207, 74, 110, 238, 232, 183, 13, 138, 133, 24, 56, 149, 180, 98, 130, 208, 6, 197, 242, 0, 165, 81, 20, 67, 244, 7, 146, 208, 70, 14]	[152, 51, 254, 193, 238, 29, 199, 50, 76, 127, 166, 224, 102, 240, 98, 81, 116, 141, 158, 107, 9, 223, 118, 50, 162, 195, 35, 34, 90, 179, 24, 68]
BEGIN	range/0/16/4/ip-only-response
OBS	[34, 179, 3, 80, 14, 89, 72, 180, 132, 0, 255, 246, 184, 248, 228, 252, 132, 237, 147, 34, 19, 149, 117, 93, 210, 255, 248, 131, 224, 56, 126, 57]	[198, 76, 22, 33, 24, 48, 253, 124, 69, 54, 246, 207, 119, 64, 141, 22, 138, 120, 215, 46, 234, 151, 19, 189, 18, 42, 73, 202, 248, 93, 84, 39]	[130, 254, 18, 88, 133, 147, 171, 70, 147, 87, 243, 131, 143, 228, 52, 127, 255, 186, 29, 158, 29, 27, 85, 247, 20, 204, 0, 165, 100, 63, 185, 4]	[62, 248, 11, 29, 199, 140, 237, 119, 33, 10, 227, 132, 114, 130, 125, 90, 239, 182, 109, 84, 22, 200, 168, 130, 217, 57, 10, 68, 59, 53, 63, 39]
BEGIN	range/0/16/4/wrong-domain
OBS	[198, 79, 248, 37, 213, 184, 215, 165, 150, 23, 165, 77, 176, 176, 35, 171, 15, 25, 131, 169, 58, 145, 15, 175, 30, 255, 126, 7, 126, 65, 48, 51]	[26, 94, 115, 65, 219, 70, 102, 122, 219, 207, 55, 208, 98, 108, 186, 226, 241, 185, 25, 77, 183, 83, 21, 194, 53, 155, 45, 133, 206, 28, 122, 28]	[169, 154, 55, 120, 232, 57, 64, 218, 230, 190, 152, 139, 59, 201, 251, 106, 243, 195, 144, 155, 229, 149, 67, 121, 168, 15, 107, 9, 98, 98, 234, 9]	[192, 107, 33, 30, 169, 19, 118, 125, 98, 216, 202, 80, 47, 60, 45, 102, 149, 71, 109, 62, 204, 94, 63, 130, 192, 104, 125, 43, 243, 207, 38, 103]
BEGIN	range/0/16/8/valid
OBS	[0, 0, 0, 0, 0, 0, 0, 0, 0, 0, 0, 0, 0, 0, 0, 0, 0, 0, 0, 0, 0, 0, 0, 0, 0, 0, 0, 0, 0, 0, 0, 0]	[68, 99, 201, 200, 100, 196, 195, 122, 120, 78, 71, 246, 12, 9, 112, 134, 34, 97, 105, 199, 212, 55, 22, 73, 129, 214, 36, 19, 240, 30, 119, 18]	[236, 105, 33, 108, 74, 66, 29, 124, 202, 210, 158, 42, 145, 123, 72, 247, 181, 54, 14, 152, 82, 217, 232, 141, 93, 177, 23, 241, 24, 16, 28, 6]	[126, 189, 114, 56, 218, 234, 1, 177, 45, 75, 45, 117, 168, 246, 246, 139, 134, 112, 129, 28, 196, 50, 138, 24, 53, 250, 179, 223, 170, 136, 247, 100]
BEGIN	range/0/16/8/ip-only-response
OBS	[248, 65, 224, 127, 255, 90, 70, 215, 92, 0, 0, 80, 135, 99, 154, 142, 105, 112, 6, 249, 34, 190, 1, 183, 197, 90, 234, 54, 16, 173, 192, 101]	[68, 99, 201, 200, 100, 196, 195, 122, 120, 78, 71, 246, 12, 9, 112, 134, 34, 97, 105, 199, 212, 55, 22, 73, 129, 214, 36, 19, 240, 30, 119, 18]	[179, 158, 77, 42, 105, 88, 255, 43, 41, 46, 176, 48, 211, 166, 82, 87, 4, 167, 175, 61, 108, 230, 160, 145, 67, 81, 205, 169, 142, 150, 9, 11]	[26, 72, 141, 198, 168, 228, 77, 118, 97, 111, 16, 128, 154, 237, 183, 14, 59, 230, 221, 150, 144, 176, 84, 145, 168, 8, 23, 23, 71, 1, 212, 36]
BEGIN	range/0/16/8/wrong-domain
OBS	[68, 53, 181, 134, 10, 54, 49, 87, 243, 33, 243, 242, 132, 21, 91, 145, 14, 26, 40, 255, 173, 19, 110, 139, 149, 157, 155, 178, 134, 120, 193, 74]	[208, 46, 131, 144, 108, 128, 221, 29, 174, 84, 128, 52, 252, 118, 9, 207, 102, 225, 150, 79, 60, 248, 28, 222, 205, 24, 253, 183, 33, 177, 127, 29]	[142, 62, 66, 50, 181, 255, 250, 243, 126, 165, 157, 116, 8, 33, 226, 185, 200, 88, 147, 233, 78, 219, 148, 88, 122, 21, 155, 211, 240, 216, 89, 0]	[84, 15, 95, 113, 89, 38, 172, 135, 219, 157, 100, 152, 15, 53, 107, 221, 208, 195, 13, 191, 25, 247, 9, 4, 99, 63, 155, 124, 238, 119, 116, 84]
BEGIN	range/0/16/16/valid
OBS	[0, 0, 0, 0, 0, 0, 0, 0, 0, 0, 0, 0, 0, 0, 0, 0, 0, 0, 0, 0, 0, 0, 0, 0, 0, 0, 0, 0, 0, 0, 0, 0]	[76, 241, 220, 249, 180, 117, 174, 139, 123, 47, 236, 211, 120, 155, 92, 1, 175, 109, 190, 249, 22, 196, 137, 121, 150, 117, 78, 157, 255, 26, 87, 112]	[204, 34, 21, 104, 196, 202, 169, 138, 223, 52, 15, 78, 82, 152, 54, 84, 133, 81, 168, 31, 229, 160, 235, 197, 110, 226, 105, 138, 149, 50, 54, 5]	[94, 89, 92, 161, 227, 179, 19, 15, 219, 183, 100, 104, 97, 1, 88, 64, 113, 13, 61, 55, 129, 116, 214, 106, 192, 96, 13, 165, 29, 1, 230, 15]
BEGIN	range/0/16/16/ip-only-response
OBS	[102, 124, 11, 130, 56, 202, 248, 60, 118, 172, 55, 191, 3, 37, 168, 250, 64, 220, 192, 113, 36, 235, 121, 147, 30, 135, 13, 217, 133, 255, 30, 12]	[76, 241, 220, 249, 180, 117, 174, 139, 123, 47, 236, 211, 120, 155, 92, 1, 175, 109, 190, 249, 22, 196, 137, 121, 150, 117, 78, 157, 255, 26, 87, 112]	[65, 59, 68, 65, 124, 36, 110, 195, 45, 177, 52, 84, 88, 116, 211, 51, 183, 89, 86, 141, 214, 218, 237, 193, 227, 84, 127, 151, 239, 2, 83, 9]	[154, 47, 38, 178, 109, 33, 76, 140, 236, 148, 118, 131, 123, 114, 185, 171, 60, 248, 183, 50, 120, 14, 49, 247, 142, 230, 231, 212, 105, 160, 110, 49]
BEGIN	range/0/16/16/wrong-domain
OBS	[232, 35, 181, 86, 201, 54, 109, 80, 244, 45, 191, 240, 246, 242, 180, 122, 45, 95, 219, 24, 197, 90, 56, 182, 247, 154, 43, 89, 201, 89, 40, 60]	[102, 120, 144, 141, 127, 96, 33, 45, 36, 92, 186, 193, 208, 12, 125, 97, 116, 179, 84, 104, 96, 117, 160, 12, 91, 115, 116, 141, 192, 72, 39, 102]	[84, 145, 189, 119, 99, 76, 169, 212, 62, 157, 42, 133, 145, 196, 55, 31, 110, 186, 9, 12, 242, 1, 221, 138, 192, 121, 186, 195, 163, 119, 208, 13]	[10, 89, 62, 93, 36, 210, 203, 32, 118, 31, 29, 158, 201, 83, 103, 165, 109, 17, 79, 132, 242, 81, 134, 255, 96, 152, 57, 84, 31, 86, 255, 78]
BEGIN	range/0/16/32/valid
OBS	[0, 0, 0, 0, 0, 0, 0, 0, 0, 0, 0, 0, 0, 0, 0, 0, 0, 0, 0, 0, 0, 0, 0, 0, 0, 0, 0, 0, 0, 0, 0, 0]	[184, 44, 107, 118, 0, 164, 249, 110, 144, 161, 79, 229, 163, 25, 31, 151, 27, 7, 10, 39, 177, 160, 239, 63, 171, 35, 214, 48, 86, 177, 245, 92]	[41, 95, 76, 56, 145, 198, 233, 3, 48, 243, 104, 191, 39, 139, 67, 98, 234, 169, 199, 73, 147, 162, 2, 112, 129, 251, 239, 94, 15, 115, 152, 3]	[210, 198, 64, 185, 75, 149, 173, 246, 51, 195, 222, 209, 26, 46, 91, 228, 148, 189, 248, 33, 9, 160, 56, 129, 59, 199, 102, 113, 174, 160, 73, 26]
BEGIN	range/0/16/32/ip-only-response
OBS	[90, 172, 133, 61, 116, 10, 64, 196, 15, 195, 32, 107, 192, 11, 247, 111, 159, 190, 48, 203, 48, 45, 222, 45, 99, 247, 53, 202, 243, 49, 131, 64]	[184, 44, 107, 118, 0, 164, 249, 110, 144, 161, 79, 229, 163, 25, 31, 151, 27, 7, 10, 39, 177, 160, 239, 63, 171, 35, 214, 48, 86, 177, 245, 92]	[215, 194, 185, 164, 29, 250, 172, 70, 199, 186, 193, 2, 91, 130, 163, 3, 218, 139, 119, 98, 45, 254, 136, 154, 36, 0, 200, 217, 152, 88, 248, 15]	[176, 157, 25, 237, 3, 14, 166, 223, 123, 80, 142, 204, 161, 39, 135, 76, 67, 248, 154, 36, 194, 102, 141, 137, 149, 212, 84, 123, 151, 54, 123, 126]
BEGIN	range/0/16/32/wrong-domain
OBS	[228, 216, 219, 220, 66, 92, 50, 213, 77, 54, 251, 241, 12, 203, 6, 29, 205, 41, 189, 118, 20, 199, 155, 224, 56, 78, 14, 68, 168, 89, 17, 91]	[70, 178, 73, 158, 112, 115, 143, 224, 183, 172, 15, 218, 112, 15, 80, 231, 243, 213, 179, 83, 31, 189, 39, 71, 213, 251, 52, 182, 159, 181, 92, 121]	[254, 20, 145, 26, 99, 102, 17, 61, 214, 222, 177, 143, 61, 131, 250, 181, 50, 75, 81, 50, 168, 226, 91, 218, 149, 70, 231, 3, 148, 62, 214, 7]	[90, 195, 232, 189, 50, 70, 68, 177, 245, 12, 194, 58, 47, 166, 117, 73, 140, 82, 215, 135, 49, 203, 208, 137, 207, 232, 244, 117, 238, 73, 2, 87]
BEGIN	range/0/32/1/valid
OBS	[0, 0, 0, 0, 0, 0, 0, 0, 0, 0, 0, 0, 0, 0, 0, 0, 0, 0, 0, 0, 0, 0, 0, 0, 0, 0, 0, 0, 0, 0, 0, 0]	[36, 173, 179, 51, 151, 226, 20, 156, 2, 209, 4, 145, 117, 179, 105, 102, 113, 182, 247, 223, 99, 60, 176, 222, 18, 254, 151, 75, 48, 16, 243, 82]	[178, 79, 238, 30, 180, 7, 207, 209, 214, 190, 7, 70, 47, 112, 193, 99, 92, 76, 78, 24, 90, 208, 108, 71, 181, 92, 227, 108, 43, 130, 47, 1]	[252, 231, 27, 255, 185, 245, 76, 131, 8, 247, 191, 155, 41, 30, 23, 230, 166, 9, 219, 15, 226, 115, 103, 117, 175, 77, 32, 230, 219, 48, 72, 37]
BEGIN	range/0/32/1/ip-only-response
OBS	[164, 35, 221, 48, 92, 230, 172, 35, 114, 170, 232, 34, 182, 104, 58, 217, 142, 107, 6, 212, 208, 60, 136, 101, 230, 128, 43, 207, 242, 121, 227, 116]	[36, 173, 179, 51, 151, 226, 20, 156, 2, 209, 4, 145, 117, 179, 105, 102, 113, 182, 247, 223, 99, 60, 176, 222, 18, 254, 151, 75, 48, 16, 243, 82]	[88, 208, 202, 19, 105, 228, 202, 125, 21, 242, 222, 32, 117, 156, 25, 87, 163, 191, 51, 106, 5, 10, 107, 75, 212, 74, 49, 227, 67, 186, 138, 6]	[218, 235, 24, 68, 133, 147, 51, 101, 61, 204, 198, 30, 41, 92, 100, 50, 118, 67, 202, 140, 173, 206, 208, 84, 251, 6, 138, 211, 126, 153, 198, 15]
BEGIN	range/0/32/1/wrong-domain
OBS	[20, 248, 61, 45, 232, 229, 231, 7, 140, 84, 133, 62, 112, 33, 126, 104, 59, 91, 96, 40, 127, 239, 230, 69, 232, 181, 173, 148, 226, 111, 192, 89]	[164, 163, 169, 139, 174, 20, 68, 125, 189, 180, 183, 171, 253, 168, 41, 127, 24, 221, 189, 117, 32, 138, 214, 63, 240, 188, 5, 240, 215, 197, 67, 68]	[101, 135, 68, 193, 21, 111, 190, 53, 71, 135, 230, 0, 190, 63, 109, 191, 90, 225, 211, 170, 120, 158, 73, 10, 82, 193, 157, 234, 17, 252, 158, 14]	[118, 215, 48, 127, 20, 198, 27, 12, 234, 93, 107, 245, 195, 153, 240, 172, 16, 69, 244, 173, 193, 210, 29, 205, 204, 130, 5, 66, 229, 48, 15, 42]
BEGIN	range/0/32/2/valid
OBS	[0, 0, 0, 0, 0, 0, 0, 0, 0, 0, 0, 0, 0, 0, 0, 0, 0, 0, 0, 0, 0, 0, 0, 0, 0, 0, 0, 0, 0, 0, 0, 0]	[250, 74, 142, 112, 176, 48, 207, 140, 224, 186, 251, 107, 239, 246, 15, 178, 62, 105, 158, 227, 148, 253, 110, 41, 41, 29, 183, 4, 87, 73, 141, 12]	[86, 24, 213, 8, 179, 25, 211, 203, 87, 186, 117, 186, 134, 40, 214, 72, 166, 50, 223, 208, 70, 237, 86, 171, 217, 180, 39, 146, 121, 22, 16, 14]	[178, 150, 198, 159, 231, 253, 214, 58, 80, 68, 45, 129, 122, 178, 119, 204, 245, 61, 105, 38, 46, 171, 16, 247, 172, 2, 20, 212, 72, 111, 139, 89]
BEGIN	range/0/32/2/ip-only-response
OBS	[68, 68, 190, 115, 175, 44, 210, 251, 165, 110, 194, 112, 190, 198, 52, 100, 99, 50, 143, 39, 3, 89, 26, 31, 170, 161, 254, 178, 59, 99, 244, 86]	[250, 74, 142, 112, 176, 48, 207, 140, 224, 186, 251, 107, 239, 246, 15, 178, 62, 105, 158, 227, 148, 253, 110, 41, 41, 29, 183, 4, 87, 73, 141, 12]	[38, 155, 46, 112, 109, 10, 84, 216, 54, 92, 94, 0, 135, 59, 187, 83, 209, 133, 135, 191, 25, 244, 227, 53, 91, 63, 178, 245, 130, 142, 96, 12]	[22, 117, 56, 125, 206, 144, 68, 155, 10, 42, 127, 201, 141, 210, 104, 90, 196, 155, 5, 57, 207, 35, 126, 240, 209, 38, 135, 35, 229, 219, 39, 52]
BEGIN	range/0/32/2/wrong-domain
OBS	[226, 116, 211, 172, 123, 23, 22, 119, 123, 55, 204, 45, 59, 12, 247, 220, 215, 18, 70, 10, 133, 193, 107, 243, 6, 146, 228, 94, 154, 47, 53, 123]	[234, 197, 65, 0, 137, 58, 190, 83, 221, 46, 77, 115, 36, 84, 173, 52, 35, 251, 50, 62, 106, 196, 65, 191, 132, 3, 69, 67, 20, 34, 101, 79]	[19, 179, 210, 209, 59, 69, 190, 210, 251, 248, 19, 135, 82, 67, 178, 158, 29, 253, 139, 50, 194, 50, 97, 246, 153, 75, 109, 19, 153, 78, 32, 14]	[228, 13, 227, 38, 71, 150, 189, 94, 172, 201, 254, 47, 149, 130, 29, 217, 223, 154, 39, 173, 238, 253, 97, 94, 210, 163, 157, 55, 49, 121, 88, 66]
BEGIN	range/0/32/4/valid
OBS	[0, 0, 0, 0, 0, 0, 0, 0, 0, 0, 0, 0, 0, 0, 0, 0, 0, 0, 0, 0, 0, 0, 0, 0, 0, 0, 0, 0, 0, 0, 0, 0]	[140, 149, 176, 85, 86, 23, 220, 131, 68, 250, 246, 150, 154, 103, 87, 33, 230, 17, 13, 165, 67, 253, 150, 56, 59, 23, 69, 225, 206, 72, 102, 51]	[95, 218, 28, 138, 119, 54, 169, 82, 44, 175, 169, 33, 82, 143, 90, 85, 158, 247, 74, 79, 198, 70, 67, 126, 2, 254, 100, 97, 159, 147, 107, 2]	[136, 112, 127, 104, 207, 191, 220, 248, 70, 53, 232, 27, 159, 6, 85, 13, 74, 164, 147, 78, 118, 220, 88, 51, 217, 68, 123, 198, 163, 87, 193, 85]
BEGIN	range/0/32/4/ip-only-response
OBS	[46, 216, 115, 26, 23, 86, 180, 5, 208, 10, 46, 200, 198, 95, 44, 245, 151, 141, 79, 169, 49, 118, 120, 160, 137, 164, 126, 123, 39, 78, 195, 78]	[140, 149, 176, 85, 86, 23, 220, 131, 68, 250, 246, 150, 154, 103, 87, 33, 230, 17, 13, 165, 67, 253, 150, 56, 59, 23, 69, 225, 206, 72, 102, 51]	[149, 27, 15, 140, 238, 77, 139, 225, 140, 85, 68, 51, 185, 114, 242, 131, 223, 133, 24, 41, 177, 64, 252, 37, 227, 60, 215, 219, 25, 131, 35, 12]	[160, 63, 10, 192, 151, 110, 197, 206, 27, 208, 253, 255, 63, 107, 245, 152, 154, 133, 83, 224, 95, 236, 94, 48, 181, 243, 113, 172, 92, 237, 176, 111]
BEGIN	range/0/32/4/wrong-domain
OBS	[228, 79, 57, 152, 233, 177, 204, 47, 127, 68, 78, 29, 221, 191, 136, 104, 196, 44, 141, 196, 170, 35, 97, 211, 255, 13, 159, 116, 225, 130, 203, 123]	[162, 19, 1, 228, 162, 175, 141, 150, 180, 66, 126, 216, 41, 204, 149, 129, 29, 198, 124, 33, 80, 139, 101, 108, 229, 223, 51, 36, 63, 104, 210, 60]	[73, 32, 117, 118, 148, 206, 255, 152, 6, 143, 98, 139, 61, 130, 46, 216, 79, 12, 119, 201, 18, 208, 75, 223, 91, 68, 18, 177, 205, 108, 60, 1]	[194, 116, 211, 166, 2, 171, 143, 125, 199, 138, 208, 135, 239, 253, 159, 146, 34, 127, 92, 93, 93, 62, 101, 58, 56, 113, 217, 190, 206, 203, 42, 103]
BEGIN	range/0/32/8/valid
OBS	[0, 0, 0, 0, 0, 0, 0, 0, 0, 0, 0, 0, 0, 0, 0, 0, 0, 0, 0, 0, 0, 0, 0, 0, 0, 0, 0, 0, 0, 0, 0, 0]	[44, 218, 209, 106, 110, 146, 36, 171, 234, 136, 90, 130, 240, 215, 154, 200, 43, 148, 122, 111, 241, 67, 180, 13, 63, 42, 6, 15, 28, 133, 68, 114]	[255, 102, 109, 35, 174, 101, 193, 6, 6, 41, 16, 130, 252, 155, 133, 44, 50, 139, 84, 216, 129, 107, 136, 137, 233, 142, 223, 160, 240, 248, 210, 3]	[16, 71, 130, 30, 237, 249, 4, 245, 34, 254, 12, 251, 22, 218, 142, 16, 224, 201, 9, 65, 211, 23, 170, 252, 43, 248, 55, 242, 127, 82, 231, 21]
BEGIN	range/0/32/8/ip-only-response
OBS	[48, 104, 1, 154, 224, 40, 50, 159, 136, 232, 64, 46, 205, 198, 159, 228, 137, 253, 140, 143, 171, 215, 53, 77, 12, 60, 223, 123, 74, 12, 86, 19]	[44, 218, 209, 106, 110, 146, 36, 171, 234, 136, 90, 130, 240, 215, 154, 200, 43, 148, 122, 111, 241, 67, 180, 13, 63, 42, 6, 15, 28, 133, 68, 114]	[203, 239, 243, 238, 180, 71, 46, 135, 213, 26, 254, 137, 53, 17, 191, 24, 173, 200, 253, 44, 112, 15, 130, 121, 91, 254, 167, 246, 127, 46, 64, 7]	[154, 156, 77, 169, 227, 249, 125, 242, 189, 43, 0, 184, 152, 91, 152, 211, 6, 167, 166, 198, 113, 237, 120, 214, 206, 140, 192, 3, 150, 227, 58, 115]
BEGIN	range/0/32/8/wrong-domain
OBS	[168, 187, 60, 75, 215, 191, 12, 34, 84, 57, 93, 229, 56, 90, 117, 203, 161, 240, 140, 28, 71, 79, 251, 251, 177, 90, 136, 32, 39, 202, 192, 34]	[136, 77, 230, 192, 142, 2, 65, 115, 22, 77, 169, 209, 248, 154, 171, 45, 138, 185, 215, 18, 170, 29, 173, 45, 243, 35, 248, 37, 17, 74, 29, 86]	[0, 213, 50, 26, 97, 161, 217, 85, 86, 12, 28, 176, 22, 8, 237, 230, 41, 3, 133, 48, 156, 98, 219, 30, 49, 167, 255, 72, 127, 164, 78, 6]	[154, 191, 242, 215, 21, 103, 31, 247, 230, 168, 205, 22, 32, 42, 211, 120, 37, 98, 207, 35, 188, 152, 36, 17, 107, 182, 148, 112, 64, 22, 185, 55]
BEGIN	range/0/32/16/valid
OBS	[0, 0, 0, 0, 0, 0, 0, 0, 0, 0, 0, 0, 0, 0, 0, 0, 0, 0, 0, 0, 0, 0, 0, 0, 0, 0, 0, 0, 0, 0, 0, 0]	[144, 201, 217, 123, 179, 240, 143, 165, 192, 48, 87, 237, 252, 67, 68, 185, 109, 162, 198, 152, 249, 188, 59, 189, 130, 183, 252, 172, 94, 114, 146, 35]	[216, 77, 122, 110, 118, 23, 65, 179, 170, 43, 61, 181, 115, 25, 191, 51, 34, 51, 106, 180, 55, 251, 22, 18, 189, 132, 79, 246, 74, 73, 205, 13]	[10, 25, 242, 126, 96, 146, 65, 184, 128, 135, 180, 194, 220, 110, 170, 54, 184, 208, 39, 109, 50, 110, 145, 8, 73, 204, 153, 57, 224, 160, 92, 10]
BEGIN	range/0/32/16/ip-only-response
OBS	[114, 25, 154, 26, 154, 209, 93, 148, 18, 119, 211, 230, 159, 211, 135, 133, 118, 64, 213, 112, 142, 96, 124, 19, 252, 208, 182, 170, 33, 4, 197, 18]	[144, 201, 217, 123, 179, 240, 143, 165, 192, 48, 87, 237, 252, 67, 68, 185, 109, 162, 198, 152, 249, 188, 59, 189, 130, 183, 252, 172, 94, 114, 146, 35]	[0, 164, 7, 3, 29, 20, 115, 16, 121, 69, 191, 54, 173, 144, 74, 23, 134, 87, 172, 167, 21, 192, 65, 194, 117, 209, 21, 81, 232, 246, 84, 12]	[122, 205, 219, 24, 73, 159, 42, 231, 239, 93, 246, 195, 128, 202, 56, 184, 130, 190, 77, 37, 74, 207, 213, 159, 126, 162, 215, 38, 174, 196, 99, 2]
BEGIN	range/0/32/16/wrong-domain
OBS	[160, 81, 153, 164, 225, 53, 158, 54, 105, 51, 218, 76, 126, 252, 177, 252, 183, 8, 167, 203, 68, 225, 196, 190, 172, 223, 70, 57, 224, 76, 53, 117]	[28, 200, 255, 227, 97, 53, 252, 242, 97, 186, 160, 205, 90, 7, 24, 196, 184, 152, 29, 101, 243, 182, 71, 20, 101, 196, 121, 250, 212, 245, 48, 68]	[99, 95, 130, 26, 184, 176, 235, 226, 149, 185, 120, 26, 73, 134, 86, 128, 210, 211, 58, 125, 151, 165, 214, 225, 247, 218, 245, 165, 137, 189, 15, 7]	[84, 233, 122, 206, 200, 3, 53, 216, 218, 55, 83, 241, 233, 15, 181, 178, 190, 99, 119, 202, 2, 65, 230, 123, 254, 92, 91, 16, 191, 211, 182, 93]
BEGIN	range/0/32/32/valid
OBS	[0, 0, 0, 0, 0, 0, 0, 0, 0, 0, 0, 0, 0, 0, 0, 0, 0, 0, 0, 0, 0, 0, 0, 0, 0, 0, 0, 0, 0, 0, 0, 0]	[170, 36, 132, 120, 19, 64, 129, 21, 77, 180, 43, 149, 12, 194, 199, 86, 78, 232, 22, 193, 30, 198, 95, 90, 243, 2, 144, 128, 74, 105, 153, 81]	[237, 182, 39, 41, 8, 206, 241, 17, 207, 198, 89, 213, 50, 27, 25, 175, 224, 36, 250, 0, 0, 5, 60, 117, 104, 7, 221, 213, 238, 168, 207, 6]	[234, 159, 156, 78, 253, 66, 146, 67, 5, 142, 133, 132, 16, 184, 252, 202, 65, 54, 17, 62, 135, 48, 179, 103, 131, 228, 93, 249, 193, 42, 56, 98]
BEGIN	range/0/32/32/ip-only-response
OBS	[78, 116, 122, 213, 8, 133, 135, 205, 220, 159, 77, 191, 111, 2, 144, 126, 158, 244, 88, 77, 230, 139, 205, 169, 90, 121, 202, 220, 236, 145, 205, 49]	[170, 36, 132, 120, 19, 64, 129, 21, 77, 180, 43, 149, 12, 194, 199, 86, 78, 232, 22, 193, 30, 198, 95, 90, 243, 2, 144, 128, 74, 105, 153, 81]	[60, 240, 49, 48, 100, 73, 96, 31, 13, 88, 139, 141, 124, 210, 254, 5, 31, 131, 157, 197, 165, 98, 73, 187, 148, 121, 129, 244, 89, 232, 170, 0]	[10, 185, 235, 120, 186, 244, 78, 73, 165, 223, 129, 232, 213, 189, 50, 215, 218, 241, 110, 159, 51, 138, 147, 87, 29, 228, 131, 80, 78, 101, 60, 14]
BEGIN	range/0/32/32/wrong-domain
OBS	[84, 3, 224, 39, 1, 244, 229, 13, 144, 253, 59, 112, 4, 127, 176, 93, 119, 166, 29, 255, 96, 241, 5, 51, 215, 245, 67, 68, 252, 219, 79, 82]	[52, 35, 71, 56, 175, 16, 66, 25, 182, 9, 219, 221, 133, 206, 185, 46, 176, 160, 200, 190, 98, 121, 22, 81, 79, 55, 15, 224, 8, 204, 80, 64]	[85, 49, 38, 57, 94, 139, 240, 94, 215, 167, 195, 64, 56, 22, 158, 196, 185, 12, 163, 58, 190, 40, 57, 22, 182, 233, 115, 18, 163, 43, 209, 15]	[100, 215, 10, 209, 223, 61, 247, 116, 195, 93, 204, 145, 86, 240, 63, 96, 169, 20, 55, 136, 81, 68, 186, 167, 76, 218, 171, 237, 238, 14, 61, 13]
BEGIN	range/0/64/1/valid
OBS	[0, 0, 0, 0, 0, 0, 0, 0, 0, 0, 0, 0, 0, 0, 0, 0, 0, 0, 0, 0, 0, 0, 0, 0, 0, 0, 0, 0, 0, 0, 0, 0]	[254, 6, 28, 204, 106, 211, 225, 22, 66, 136, 101, 170, 96, 52, 248, 35, 96, 1, 149, 65, 203, 155, 227, 118, 71, 135, 168, 168, 149, 122, 12, 90]	[139, 101, 66, 172, 119, 147, 181, 247, 189, 60, 52, 55, 148, 124, 180, 191, 90, 254, 145, 192, 175, 41, 50, 87, 200, 177, 5, 25, 53, 208, 172, 9]	[150, 52, 35, 151, 8, 121, 155, 151, 47, 184, 121, 202, 48, 187, 245, 191, 248, 61, 172, 186, 239, 234, 193, 81, 196, 208, 40, 139, 22, 184, 224, 3]
BEGIN	range/0/64/1/ip-only-response
OBS	[6, 145, 55, 190, 53, 108, 118, 134, 36, 94, 44, 195, 252, 69, 204, 211, 17, 158, 148, 66, 75, 184, 104, 65, 35, 215, 210, 149, 47, 59, 146, 109]	[254, 6, 28, 204, 106, 211, 225, 22, 66, 136, 101, 170, 96, 52, 248, 35, 96, 1, 149, 65, 203, 155, 227, 118, 71, 135, 168, 168, 149, 122, 12, 90]	[10, 60, 92, 251, 250, 246, 63, 13, 130, 165, 9, 79, 69, 201, 12, 192, 56, 17, 114, 167, 66, 136, 74, 32, 112, 224, 50, 132, 160, 96, 194, 14]	[172, 171, 222, 119, 241, 227, 138, 6, 219, 36, 20, 132, 6, 255, 198, 171, 214, 194, 29, 168, 83, 156, 195, 133, 53, 93, 24, 131, 28, 31, 124, 13]
BEGIN	range/0/64/1/wrong-domain
OBS	[28, 84, 204, 178, 111, 215, 202, 178, 201, 103, 90, 123, 159, 143, 2, 114, 6, 9, 59, 58, 247, 110, 190, 46, 163, 243, 110, 235, 132, 103, 97, 29]	[240, 43, 73, 121, 227, 186, 28, 235, 223, 113, 7, 27, 52, 27, 169, 62, 69, 181, 188, 21, 140, 97, 109, 205, 40, 36, 88, 121, 200, 204, 232, 59]	[50, 33, 205, 91, 143, 114, 112, 252, 142, 134, 247, 222, 16, 167, 4, 136, 246, 81, 210, 178, 198, 38, 177, 52, 59, 125, 168, 244, 44, 53, 113, 4]	[36, 172, 43, 112, 142, 137, 4, 113, 240, 158, 196, 71, 46, 222, 250, 167, 74, 217, 36, 93, 134, 167, 238, 99, 83, 50, 32, 76, 223, 66, 216, 28]
BEGIN	range/0/64/2/valid
OBS	[0, 0, 0, 0, 0, 0, 0, 0, 0, 0, 0, 0, 0, 0, 0, 0, 0, 0, 0, 0, 0, 0, 0, 0, 0, 0, 0, 0, 0, 0, 0, 0]	[160, 232, 203, 220, 120, 49, 4, 66, 34, 127, 218, 65, 85, 76, 172, 161, 159, 105, 78, 43, 230, 52, 237, 85, 236, 35, 67, 56, 106, 0, 241, 43]	[143, 132, 133, 1, 38, 19, 253, 86, 126, 122, 167, 20, 107, 218, 149, 6, 159, 158, 147, 234, 55, 109, 65, 55, 126, 113, 181, 134, 219, 199, 77, 8]	[14, 137, 110, 60, 164, 32, 129, 169, 188, 69, 126, 96, 10, 66, 243, 223, 104, 116, 213, 41, 242, 118, 35, 18, 169, 164, 71, 97, 219, 100, 110, 91]
BEGIN	range/0/64/2/ip-only-response
OBS	[220, 105, 163, 205, 45, 118, 188, 146, 14, 111, 227, 111, 42, 203, 65, 181, 204, 206, 193, 198, 216, 141, 120, 217, 110, 156, 124, 235, 35, 195, 27, 2]	[160, 232, 203, 220, 120, 49, 4, 66, 34, 127, 218, 65, 85, 76, 172, 161, 159, 105, 78, 43, 230, 52, 237, 85, 236, 35, 67, 56, 106, 0, 241, 43]	[223, 7, 223, 9, 70, 22, 249, 116, 227, 13, 136, 39, 196, 116, 149, 99, 19, 194, 159, 100, 185, 197, 90, 112, 220, 35, 64, 239, 229, 33, 253, 5]	[182, 156, 131, 83, 64, 60, 231, 146, 249, 60, 128, 37, 224, 206, 227, 150, 18, 28, 176, 255, 177, 168, 156, 254, 58, 198, 240, 158, 181, 59, 0, 24]
BEGIN	range/0/64/2/wrong-domain
OBS	[124, 204, 48, 89, 143, 176, 14, 93, 171, 150, 21, 190, 247, 35, 195, 19, 7, 237, 30, 238, 185, 236, 165, 76, 108, 45, 135, 67, 37, 9, 146, 89]	[62, 130, 243, 211, 105, 151, 26, 168, 69, 149, 184, 145, 97, 173, 57, 31, 117, 255, 72, 198, 72, 1, 199, 58, 83, 14, 145, 219, 172, 3, 34, 65]	[2, 140, 43, 24, 128, 208, 214, 252, 81, 49, 137, 185, 217, 118, 64, 219, 12, 203, 64, 100, 20, 98, 184, 193, 252, 21, 66, 20, 118, 142, 91, 6]	[242, 81, 45, 92, 46, 234, 71, 211, 244, 28, 80, 175, 221, 40, 23, 176, 48, 35, 9, 74, 60, 21, 121, 33, 143, 156, 223, 85, 193, 90, 100, 8]
BEGIN	range/0/64/2/field-0-zero
BEGIN	range/0/64/2/field-0-invalid
BEGIN	range/0/64/2/field-0-point
OBS	[138, 234, 30, 80, 29, 185, 141, 168, 200, 167, 72, 234, 204, 136, 69, 13, 39, 182, 224, 144, 222, 171, 35, 220, 153, 105, 68, 175, 15, 166, 84, 60]	[138, 168, 119, 1, 199, 34, 18, 75, 86, 113, 55, 23, 83, 182, 26, 251, 229, 30, 227, 13, 144, 194, 147, 251, 119, 154, 144, 108, 147, 64, 88, 40]	[88, 104, 217, 249, 111, 236, 139, 158, 104, 191, 108, 5, 78, 155, 88, 255, 241, 175, 252, 174, 243, 138, 76, 252, 253, 29, 2, 75, 218, 21, 53, 7]	[28, 225, 206, 184, 243, 23, 99, 74, 165, 74, 34, 248, 78, 108, 146, 181, 244, 38, 244, 135, 225, 83, 129, 245, 214, 140, 35, 112, 75, 232, 169, 125]
BEGIN	range/0/64/2/field-1-zero
BEGIN	range/0/64/2/field-1-invalid
BEGIN	range/0/64/2/field-1-point
OBS	[168, 154, 164, 43, 57, 249, 188, 87, 15, 102, 106, 126, 177, 185, 243, 4, 53, 111, 0, 16, 41, 117, 147, 16, 197, 225, 151, 76, 86, 96, 46, 101]	[122, 7, 252, 225, 100, 38, 48, 202, 206, 151, 65, 73, 17, 139, 25, 199, 99, 171, 20, 156, 72, 30, 106, 138, 177, 136, 114, 238, 155, 216, 161, 91]	[135, 161, 13, 82, 148, 224, 83, 182, 112, 68, 86, 16, 157, 154, 173, 98, 135, 236, 156, 68, 172, 41, 117, 209, 40, 214, 150, 163, 166, 232, 12, 9]	[158, 142, 145, 106, 45, 87, 226, 232, 195, 172, 33, 161, 56, 195, 187, 10, 250, 62, 247, 100, 181, 95, 153, 68, 5, 212, 136, 222, 177, 161, 41, 4]
BEGIN	range/0/64/2/field-2-zero
BEGIN	range/0/64/2/field-2-invalid
BEGIN	range/0/64/2/field-2-point
OBS	[30, 52, 50, 234, 51, 190, 59, 131, 117, 62, 2, 254, 25, 240, 120, 52, 73, 79, 43, 22, 42, 17, 224, 151, 210, 167, 231, 104, 140, 30, 80, 46]	[236, 116, 216, 218, 82, 139, 36, 239, 201, 231, 226, 139, 56, 91, 193, 27, 34, 75, 102, 44, 177, 162, 51, 152, 247, 33, 57, 239, 132, 196, 119, 84]	[27, 10, 197, 104, 18, 113, 24, 175, 74, 173, 46, 180, 40, 158, 13, 214, 231, 161, 68, 18, 8, 180, 171, 244, 27, 255, 132, 95, 74, 245, 232, 3]	[64, 170, 106, 232, 207, 74, 134, 250, 147, 45, 85, 210, 188, 161, 179, 4, 21, 8, 112, 123, 108, 36, 119, 83, 230, 160, 36, 152, 7, 192, 148, 90]
BEGIN	range/0/64/2/field-3-zero
BEGIN	range/0/64/2/field-3-invalid
BEGIN	range/0/64/2/field-3-point
OBS	[156, 140, 136, 225, 209, 227, 48, 39, 118, 118, 200, 67, 36, 136, 68, 129, 56, 151, 176, 242, 246, 190, 125, 206, 42, 244, 23, 238, 107, 151, 233, 125]	[168, 108, 210, 9, 137, 188, 241, 202, 26, 126, 225, 172, 176, 185, 226, 45, 113, 147, 66, 253, 178, 2, 227, 112, 177, 51, 229, 214, 137, 143, 200, 59]	[110, 113, 167, 219, 186, 81, 188, 31, 126, 39, 85, 228, 80, 94, 65, 134, 177, 135, 51, 168, 204, 189, 194, 253, 179, 214, 48, 239, 194, 73, 251, 0]	[222, 7, 118, 51, 156, 1, 144, 192, 177, 135, 5, 221, 191, 175, 114, 116, 148, 91, 169, 153, 76, 240, 47, 254, 163, 91, 64, 122, 140, 5, 27, 5]
BEGIN	range/0/64/2/field-4-zero
OBS	[4, 197, 36, 84, 220, 203, 151, 132, 134, 131, 145, 38, 177, 46, 160, 168, 203, 250, 187, 252, 36, 34, 161, 134, 162, 111, 21, 77, 244, 104, 148, 41]	[102, 83, 222, 222, 134, 45, 209, 201, 82, 197, 237, 124, 106, 116, 12, 20, 151, 68, 16, 92, 122, 160, 186, 92, 146, 250, 71, 226, 108, 255, 24, 74]	[31, 210, 17, 97, 182, 31, 207, 71, 153, 98, 215, 181, 20, 238, 39, 253, 237, 90, 187, 27, 73, 196, 160, 106, 155, 191, 246, 189, 21, 15, 9, 7]	[230, 68, 197, 236, 166, 15, 203, 124, 35, 221, 212, 231, 0, 97, 178, 144, 248, 245, 198, 7, 139, 77, 25, 69, 238, 208, 232, 80, 237, 121, 64, 79]
BEGIN	range/0/64/2/field-4-invalid
BEGIN	range/0/64/2/field-4-point
BEGIN	range/0/64/2/field-5-zero
OBS	[36, 194, 102, 56, 228, 233, 57, 233, 224, 164, 82, 84, 132, 231, 125, 219, 248, 33, 90, 5, 15, 82, 47, 238, 208, 236, 180, 50, 52, 124, 145, 81]	[182, 165, 234, 103, 189, 176, 146, 46, 45, 85, 47, 47, 116, 138, 68, 215, 91, 230, 80, 219, 133, 166, 253, 7, 210, 132, 178, 250, 171, 228, 99, 96]	[58, 64, 136, 131, 19, 225, 78, 113, 166, 36, 145, 46, 209, 188, 12, 189, 33, 25, 125, 249, 194, 182, 96, 29, 153, 70, 138, 59, 200, 197, 69, 5]	[104, 155, 108, 183, 212, 214, 105, 218, 183, 223, 200, 131, 172, 223, 3, 250, 176, 66, 245, 188, 47, 194, 216, 0, 58, 206, 156, 223, 129, 107, 96, 52]
BEGIN	range/0/64/2/field-5-invalid
BEGIN	range/0/64/2/field-5-point
BEGIN	range/0/64/2/field-6-zero
OBS	[130, 25, 241, 67, 40, 70, 216, 9, 44, 252, 64, 36, 21, 138, 102, 15, 77, 45, 166, 153, 41, 152, 136, 172, 18, 122, 207, 196, 149, 32, 5, 127]	[160, 232, 203, 220, 120, 49, 4, 66, 34, 127, 218, 65, 85, 76, 172, 161, 159, 105, 78, 43, 230, 52, 237, 85, 236, 35, 67, 56, 106, 0, 241, 43]	[186, 171, 43, 153, 21, 231, 124, 76, 77, 165, 216, 7, 242, 203, 150, 29, 73, 44, 245, 109, 57, 149, 56, 160, 73, 155, 83, 92, 34, 87, 100, 12]	[194, 132, 155, 11, 34, 133, 60, 17, 253, 106, 226, 8, 177, 165, 148, 80, 23, 157, 234, 34, 12, 227, 188, 133, 158, 172, 62, 55, 107, 82, 249, 70]
BEGIN	range/0/64/2/field-6-invalid
BEGIN	range/0/64/2/field-6-point
BEGIN	range/0/64/2/field-7-zero
BEGIN	range/0/64/2/field-7-invalid
BEGIN	range/0/64/2/field-7-point
OBS	[40, 21, 243, 105, 249, 172, 184, 68, 93, 108, 162, 7, 160, 123, 131, 107, 0, 118, 206, 246, 71, 116, 58, 204, 19, 173, 229, 41, 121, 98, 77, 70]	[160, 232, 203, 220, 120, 49, 4, 66, 34, 127, 218, 65, 85, 76, 172, 161, 159, 105, 78, 43, 230, 52, 237, 85, 236, 35, 67, 56, 106, 0, 241, 43]	[15, 200, 157, 54, 28, 184, 158, 132, 37, 196, 163, 12, 178, 124, 221, 205, 64, 242, 141, 50, 223, 102, 82, 191, 54, 89, 102, 170, 127, 34, 166, 2]	[82, 246, 84, 78, 141, 26, 45, 62, 82, 112, 185, 133, 223, 244, 227, 131, 30, 57, 3, 6, 17, 221, 247, 146, 235, 79, 157, 15, 230, 29, 144, 21]
BEGIN	range/0/64/2/field-8-zero
BEGIN	range/0/64/2/field-8-invalid
BEGIN	range/0/64/2/field-8-point
OBS	[126, 130, 198, 209, 122, 136, 247, 112, 162, 227, 155, 252, 76, 252, 119, 49, 109, 246, 23, 219, 175, 166, 137, 61, 255, 109, 192, 132, 121, 58, 32, 58]	[160, 232, 203, 220, 120, 49, 4, 66, 34, 127, 218, 65, 85, 76, 172, 161, 159, 105, 78, 43, 230, 52, 237, 85, 236, 35, 67, 56, 106, 0, 241, 43]	[123, 179, 194, 89, 47, 134, 83, 72, 103, 45, 184, 20, 78, 212, 15, 44, 36, 53, 80, 27, 80, 218, 2, 140, 90, 36, 3, 171, 245, 19, 18, 9]	[118, 118, 241, 92, 28, 203, 174, 93, 96, 60, 80, 120, 154, 157, 128, 230, 92, 226, 128, 3, 82, 184, 124, 24, 5, 136, 213, 38, 234, 177, 179, 45]
BEGIN	range/0/64/2/field-9-zero
BEGIN	range/0/64/2/field-9-invalid
BEGIN	range/0/64/2/field-9-point
OBS	[86, 212, 57, 71, 221, 28, 17, 237, 73, 145, 169, 240, 87, 182, 107, 1, 85, 148, 10, 128, 179, 171, 114, 59, 162, 105, 222, 71, 156, 47, 54, 38]	[160, 232, 203, 220, 120, 49, 4, 66, 34, 127, 218, 65, 85, 76, 172, 161, 159, 105, 78, 43, 230, 52, 237, 85, 236, 35, 67, 56, 106, 0, 241, 43]	[227, 69, 159, 162, 176, 125, 203, 224, 158, 245, 51, 29, 198, 85, 67, 57, 108, 207, 107, 62, 249, 46, 183, 168, 94, 107, 3, 28, 127, 199, 12, 10]	[204, 137, 88, 225, 103, 53, 39, 122, 128, 85, 206, 19, 77, 198, 62, 116, 191, 34, 21, 228, 196, 215, 239, 202, 150, 151, 240, 191, 33, 255, 118, 4]
BEGIN	range/0/64/2/field-10-zero
BEGIN	range/0/64/2/field-10-invalid
BEGIN	range/0/64/2/field-10-point
OBS	[126, 59, 75, 156, 195, 229, 39, 134, 231, 185, 52, 131, 193, 188, 27, 69, 95, 50, 206, 209, 85, 228, 68, 82, 154, 40, 134, 249, 121, 146, 95, 20]	[160, 232, 203, 220, 120, 49, 4, 66, 34, 127, 218, 65, 85, 76, 172, 161, 159, 105, 78, 43, 230, 52, 237, 85, 236, 35, 67, 56, 106, 0, 241, 43]	[46, 209, 163, 168, 178, 164, 57, 58, 172, 138, 91, 46, 153, 192, 100, 129, 239, 109, 145, 182, 56, 93, 195, 65, 186, 174, 123, 173, 69, 70, 56, 1]	[60, 171, 255, 196, 151, 19, 174, 92, 42, 15, 15, 9, 150, 82, 103, 223, 234, 4, 88, 55, 146, 8, 178, 201, 222, 254, 249, 143, 183, 173, 42, 116]
BEGIN	range/0/64/2/field-11-zero
BEGIN	range/0/64/2/field-11-invalid
BEGIN	range/0/64/2/field-11-point
OBS	[236, 198, 4, 218, 41, 120, 163, 20, 180, 226, 255, 28, 211, 230, 144, 216, 237, 34, 208, 115, 194, 245, 247, 104, 151, 81, 173, 91, 69, 56, 75, 42]	[160, 232, 203, 220, 120, 49, 4, 66, 34, 127, 218, 65, 85, 76, 172, 161, 159, 105, 78, 43, 230, 52, 237, 85, 236, 35, 67, 56, 106, 0, 241, 43]	[247, 247, 188, 170, 79, 159, 218, 58, 233, 249, 199, 115, 2, 86, 238, 212, 60, 51, 37, 182, 157, 68, 218, 127, 152, 155, 2, 178, 235, 250, 79, 8]	[28, 190, 245, 248, 182, 160, 131, 8, 228, 98, 175, 250, 125, 58, 161, 245, 80, 57, 13, 69, 45, 75, 32, 161, 225, 96, 13, 254, 246, 162, 244, 69]
BEGIN	range/0/64/2/field-12-zero
BEGIN	range/0/64/2/field-12-invalid
BEGIN	range/0/64/2/field-12-point
OBS	[44, 18, 40, 243, 7, 219, 210, 140, 220, 208, 27, 137, 119, 178, 24, 210, 28, 59, 221, 96, 160, 121, 235, 121, 165, 245, 93, 30, 111, 249, 254, 112]	[160, 232, 203, 220, 120, 49, 4, 66, 34, 127, 218, 65, 85, 76, 172, 161, 159, 105, 78, 43, 230, 52, 237, 85, 236, 35, 67, 56, 106, 0, 241, 43]	[5, 156, 132, 16, 195, 25, 119, 82, 252, 180, 16, 164, 73, 218, 177, 26, 137, 201, 205, 231, 220, 107, 54, 121, 240, 28, 242, 243, 134, 40, 240, 11]	[22, 178, 167, 121, 246, 132, 99, 242, 231, 225, 229, 24, 46, 15, 83, 19, 143, 62, 67, 210, 163, 226, 73, 103, 15, 203, 157, 116, 241, 74, 97, 0]
BEGIN	range/0/64/2/field-13-zero
BEGIN	range/0/64/2/field-13-invalid
BEGIN	range/0/64/2/field-13-point
OBS	[72, 139, 73, 146, 108, 251, 157, 133, 137, 140, 163, 135, 61, 31, 168, 29, 175, 34, 165, 36, 99, 144, 66, 168, 243, 81, 126, 109, 220, 218, 13, 56]	[160, 232, 203, 220, 120, 49, 4, 66, 34, 127, 218, 65, 85, 76, 172, 161, 159, 105, 78, 43, 230, 52, 237, 85, 236, 35, 67, 56, 106, 0, 241, 43]	[53, 61, 226, 235, 137, 43, 106, 60, 98, 153, 73, 172, 105, 172, 209, 191, 231, 24, 42, 244, 13, 170, 127, 165, 177, 35, 174, 71, 13, 7, 31, 12]	[124, 53, 107, 202, 68, 231, 12, 108, 9, 113, 197, 136, 182, 175, 205, 246, 188, 49, 58, 192, 8, 144, 167, 195, 169, 32, 84, 117, 136, 137, 244, 75]
BEGIN	range/0/64/2/field-14-zero
BEGIN	range/0/64/2/field-14-invalid
BEGIN	range/0/64/2/field-14-point
OBS	[152, 228, 144, 39, 26, 245, 161, 181, 248, 35, 215, 62, 36, 45, 173, 74, 148, 95, 179, 49, 241, 243, 195, 117, 185, 32, 104, 3, 243, 54, 242, 88]	[160, 232, 203, 220, 120, 49, 4, 66, 34, 127, 218, 65, 85, 76, 172, 161, 159, 105, 78, 43, 230, 52, 237, 85, 236, 35, 67, 56, 106, 0, 241, 43]	[20, 75, 251, 40, 35, 69, 97, 210, 242, 113, 187, 114, 203, 231, 90, 79, 4, 222, 140, 170, 87, 146, 112, 182, 250, 194, 252, 39, 23, 42, 109, 2]	[108, 70, 174, 177, 83, 116, 208, 78, 192, 222, 178, 160, 133, 143, 254, 169, 158, 191, 48, 17, 175, 134, 131, 157, 209, 102, 83, 80, 53, 24, 39, 100]
BEGIN	range/0/64/2/field-15-zero
BEGIN	range/0/64/2/field-15-invalid
BEGIN	range/0/64/2/field-15-point
OBS	[82, 255, 255, 67, 25, 16, 45, 144, 6, 77, 229, 59, 66, 143, 73, 182, 58, 159, 251, 140, 6, 34, 37, 110, 98, 84, 119, 247, 115, 154, 186, 39]	[160, 232, 203, 220, 120, 49, 4, 66, 34, 127, 218, 65, 85, 76, 172, 161, 159, 105, 78, 43, 230, 52, 237, 85, 236, 35, 67, 56, 106, 0, 241, 43]	[2, 218, 82, 81, 242, 149, 165, 21, 248, 23, 192, 87, 2, 26, 36, 62, 208, 47, 93, 102, 18, 220, 62, 47, 41, 29, 84, 57, 236, 199, 9, 5]	[214, 247, 218, 253, 166, 243, 52, 184, 28, 45, 238, 186, 168, 216, 110, 255, 42, 235, 182, 115, 34, 69, 144, 175, 181, 119, 182, 185, 171, 108, 164, 72]
BEGIN	range/0/64/2/field-16-zero
BEGIN	range/0/64/2/field-16-invalid
BEGIN	range/0/64/2/field-16-point
OBS	[174, 112, 250, 168, 69, 80, 83, 145, 214, 6, 2, 86, 52, 206, 58, 116, 234, 247, 122, 243, 180, 170, 113, 13, 219, 131, 194, 44, 170, 4, 189, 54]	[160, 232, 203, 220, 120, 49, 4, 66, 34, 127, 218, 65, 85, 76, 172, 161, 159, 105, 78, 43, 230, 52, 237, 85, 236, 35, 67, 56, 106, 0, 241, 43]	[74, 30, 232, 186, 45, 106, 242, 223, 108, 30, 225, 151, 4, 254, 183, 2, 139, 219, 191, 81, 89, 95, 244, 200, 179, 200, 32, 184, 190, 189, 113, 0]	[172, 186, 91, 224, 2, 54, 79, 64, 51, 133, 200, 203, 103, 88, 244, 39, 140, 125, 165, 148, 122, 20, 46, 174, 244, 138, 175, 60, 52, 164, 83, 114]
BEGIN	range/0/64/2/field-17-zero
BEGIN	range/0/64/2/field-17-invalid
BEGIN	range/0/64/2/field-17-point
OBS	[156, 158, 77, 244, 11, 215, 30, 224, 209, 228, 2, 69, 50, 48, 73, 57, 116, 57, 241, 18, 107, 31, 99, 50, 202, 112, 102, 74, 72, 97, 189, 4]	[160, 232, 203, 220, 120, 49, 4, 66, 34, 127, 218, 65, 85, 76, 172, 161, 159, 105, 78, 43, 230, 52, 237, 85, 236, 35, 67, 56, 106, 0, 241, 43]	[150, 181, 0, 28, 187, 165, 125, 91, 168, 22, 169, 194, 67, 180, 60, 235, 38, 254, 248, 32, 208, 35, 28, 204, 102, 246, 55, 125, 168, 129, 142, 11]	[240, 8, 246, 160, 237, 98, 218, 167, 144, 87, 134, 168, 155, 143, 123, 113, 76, 151, 195, 226, 119, 233, 214, 180, 60, 252, 175, 102, 158, 160, 68, 34]
BEGIN	range/0/64/2/field-18-zero
BEGIN	range/0/64/2/field-18-invalid
BEGIN	range/0/64/2/field-18-point
OBS	[72, 96, 60, 247, 243, 213, 210, 51, 113, 10, 59, 218, 81, 100, 232, 103, 100, 26, 139, 131, 8, 147, 28, 139, 162, 190, 90, 99, 101, 67, 141, 113]	[160, 232, 203, 220, 120, 49, 4, 66, 34, 127, 218, 65, 85, 76, 172, 161, 159, 105, 78, 43, 230, 52, 237, 85, 236, 35, 67, 56, 106, 0, 241, 43]	[126, 88, 92, 66, 162, 87, 253, 115, 238, 61, 162, 14, 233, 127, 59, 111, 81, 33, 184, 105, 74, 101, 131, 180, 97, 237, 207, 54, 119, 67, 170, 1]	[36, 12, 30, 22, 84, 169, 113, 60, 224, 41, 115, 21, 232, 140, 20, 141, 227, 5, 203, 129, 14, 31, 161, 16, 248, 220, 92, 155, 187, 29, 110, 118]
BEGIN	range/0/64/2/field-19-zero
BEGIN	range/0/64/2/field-19-invalid
BEGIN	range/0/64/2/field-19-point
OBS	[172, 154, 79, 20, 66, 238, 149, 216, 78, 172, 240, 147, 204, 90, 186, 182, 119, 224, 151, 223, 33, 100, 68, 116, 68, 117, 239, 65, 177, 90, 118, 24]	[160, 232, 203, 220, 120, 49, 4, 66, 34, 127, 218, 65, 85, 76, 172, 161, 159, 105, 78, 43, 230, 52, 237, 85, 236, 35, 67, 56, 106, 0, 241, 43]	[228, 92, 199, 38, 145, 212, 72, 141, 26, 220, 118, 60, 165, 73, 29, 111, 226, 183, 154, 214, 84, 119, 99, 188, 59, 109, 196, 218, 107, 153, 174, 3]	[42, 116, 125, 43, 4, 252, 70, 24, 205, 161, 112, 250, 239, 216, 35, 29, 193, 162, 198, 136, 105, 85, 17, 51, 6, 40, 121, 183, 62, 151, 47, 24]
BEGIN	range/0/64/2/field-20-zero
BEGIN	range/0/64/2/field-20-invalid
BEGIN	range/0/64/2/field-20-point
OBS	[246, 204, 150, 217, 125, 1, 255, 49, 225, 79, 144, 37, 243, 121, 132, 60, 69, 11, 71, 27, 169, 84, 118, 219, 142, 53, 75, 217, 191, 5, 184, 35]	[160, 232, 203, 220, 120, 49, 4, 66, 34, 127, 218, 65, 85, 76, 172, 161, 159, 105, 78, 43, 230, 52, 237, 85, 236, 35, 67, 56, 106, 0, 241, 43]	[97, 144, 13, 80, 101, 245, 33, 172, 225, 74, 77, 57, 67, 200, 224, 201, 125, 65, 26, 117, 112, 156, 56, 39, 204, 164, 200, 98, 94, 96, 121, 15]	[152, 42, 255, 52, 74, 97, 59, 93, 28, 246, 251, 226, 222, 220, 222, 111, 30, 55, 232, 34, 43, 255, 28, 105, 235, 173, 228, 86, 83, 66, 185, 63]
BEGIN	range/0/64/2/field-21-zero
OBS	[134, 174, 228, 146, 84, 74, 79, 131, 82, 156, 193, 253, 47, 180, 94, 126, 126, 195, 233, 96, 136, 218, 218, 43, 234, 226, 225, 141, 72, 98, 31, 91]	[160, 232, 203, 220, 120, 49, 4, 66, 34, 127, 218, 65, 85, 76, 172, 161, 159, 105, 78, 43, 230, 52, 237, 85, 236, 35, 67, 56, 106, 0, 241, 43]	[140, 98, 6, 146, 34, 239, 107, 46, 99, 30, 232, 6, 84, 147, 97, 189, 146, 153, 254, 251, 197, 111, 244, 176, 218, 247, 214, 214, 82, 82, 138, 3]	[128, 236, 72, 60, 243, 12, 120, 5, 104, 83, 172, 231, 223, 249, 115, 75, 108, 149, 147, 175, 181, 211, 94, 145, 71, 183, 121, 158, 38, 94, 208, 96]
BEGIN	range/0/64/2/field-21-invalid
BEGIN	range/0/64/2/field-21-point
BEGIN	range/0/64/2/field-22-zero
OBS	[28, 225, 192, 245, 77, 253, 242, 46, 191, 7, 18, 112, 49, 249, 123, 125, 221, 93, 19, 80, 75, 147, 250, 241, 159, 173, 55, 111, 110, 166, 34, 16]	[160, 232, 203, 220, 120, 49, 4, 66, 34, 127, 218, 65, 85, 76, 172, 161, 159, 105, 78, 43, 230, 52, 237, 85, 236, 35, 67, 56, 106, 0, 241, 43]	[246, 255, 90, 16, 52, 156, 60, 153, 154, 68, 82, 52, 236, 228, 68, 135, 159, 15, 11, 18, 252, 231, 39, 57, 252, 229, 99, 195, 231, 198, 206, 6]	[202, 25, 20, 245, 64, 65, 125, 41, 83, 241, 246, 152, 242, 114, 189, 149, 222, 56, 143, 165, 197, 76, 38, 7, 48, 69, 110, 151, 130, 30, 92, 101]
BEGIN	range/0/64/2/field-22-invalid
BEGIN	range/0/64/2/field-22-point
BEGIN	range/0/64/2/commitment-0-invalid
BEGIN	range/0/64/2/commitment-0-point
OBS	[194, 30, 232, 163, 58, 211, 111, 244, 149, 42, 81, 190, 231, 180, 63, 231, 64, 178, 94, 81, 172, 172, 203, 132, 245, 135, 31, 4, 164, 20, 69, 62]	[142, 86, 40, 127, 63, 43, 55, 229, 64, 8, 84, 76, 84, 166, 34, 26, 208, 218, 213, 113, 172, 174, 13, 5, 43, 191, 232, 85, 158, 60, 181, 118]	[141, 216, 67, 62, 73, 245, 66, 34, 39, 43, 215, 171, 197, 162, 254, 188, 246, 167, 83, 106, 1, 36, 56, 44, 121, 47, 54, 223, 45, 19, 3, 3]	[198, 235, 45, 215, 142, 180, 30, 83, 214, 203, 74, 235, 142, 63, 141, 54, 131, 57, 135, 57, 7, 34, 212, 156, 138, 248, 63, 173, 87, 146, 79, 92]
BEGIN	range/0/64/2/commitment-1-zero
OBS	[224, 111, 239, 193, 138, 109, 169, 37, 91, 1, 88, 116, 237, 31, 67, 109, 127, 211, 72, 211, 24, 113, 136, 122, 91, 193, 77, 241, 112, 115, 232, 69]	[12, 111, 144, 239, 111, 134, 194, 241, 138, 73, 102, 185, 21, 85, 72, 212, 203, 227, 175, 25, 37, 71, 229, 50, 246, 147, 47, 62, 13, 235, 50, 109]	[75, 55, 152, 188, 172, 130, 40, 161, 73, 176, 76, 210, 21, 79, 0, 68, 119, 140, 111, 59, 45, 106, 216, 221, 241, 127, 35, 162, 0, 158, 143, 4]	[158, 60, 247, 204, 213, 150, 142, 94, 30, 18, 1, 67, 100, 75, 24, 53, 233, 71, 103, 2, 208, 50, 100, 11, 151, 189, 147, 241, 67, 140, 117, 38]
BEGIN	range/0/64/2/commitment-1-invalid
BEGIN	range/0/64/2/commitment-1-point
OBS	[248, 97, 219, 160, 38, 114, 13, 93, 22, 46, 58, 186, 92, 176, 236, 81, 197, 243, 196, 165, 50, 184, 82, 232, 32, 192, 165, 253, 226, 84, 39, 40]	[54, 79, 192, 84, 159, 187, 94, 57, 229, 119, 107, 69, 204, 171, 60, 83, 14, 209, 169, 119, 251, 86, 83, 171, 146, 186, 244, 25, 59, 111, 100, 17]	[70, 60, 163, 183, 32, 235, 123, 80, 246, 90, 9, 6, 236, 94, 95, 50, 24, 233, 82, 79, 200, 80, 227, 137, 216, 46, 130, 92, 112, 7, 163, 4]	[248, 247, 47, 152, 137, 30, 157, 65, 5, 196, 159, 71, 177, 2, 180, 181, 86, 17, 90, 70, 232, 101, 234, 176, 239, 130, 136, 193, 246, 92, 45, 47]
BEGIN	range/0/64/2/truncated-0
BEGIN	range/0/64/2/truncated-1
BEGIN	range/0/64/2/truncated-735
BEGIN	range/0/64/2/truncated-704
BEGIN	range/0/64/2/trailing
BEGIN	range/0/64/2/invalid-bits
BEGIN	range/0/64/2/short-generators
BEGIN	range/0/64/2/short-parties
BEGIN	range/0/64/2/empty-values
BEGIN	range/0/64/2/nonpower-values
BEGIN	range/0/64/4/valid
OBS	[0, 0, 0, 0, 0, 0, 0, 0, 0, 0, 0, 0, 0, 0, 0, 0, 0, 0, 0, 0, 0, 0, 0, 0, 0, 0, 0, 0, 0, 0, 0, 0]	[74, 134, 17, 137, 10, 76, 176, 10, 5, 162, 42, 252, 156, 136, 248, 113, 46, 74, 98, 213, 148, 161, 164, 212, 72, 134, 125, 58, 90, 199, 42, 102]	[24, 90, 143, 209, 146, 98, 38, 133, 230, 228, 237, 41, 90, 146, 196, 217, 160, 103, 0, 145, 48, 31, 220, 185, 9, 93, 225, 3, 4, 181, 65, 10]	[14, 255, 224, 242, 90, 85, 245, 51, 214, 109, 198, 119, 168, 227, 25, 5, 230, 214, 225, 189, 236, 174, 85, 52, 178, 142, 133, 116, 83, 43, 118, 8]
BEGIN	range/0/64/4/ip-only-response
OBS	[148, 237, 56, 224, 65, 2, 78, 178, 216, 6, 130, 144, 161, 77, 94, 162, 150, 73, 163, 100, 77, 8, 225, 21, 75, 132, 252, 55, 237, 143, 168, 116]	[74, 134, 17, 137, 10, 76, 176, 10, 5, 162, 42, 252, 156, 136, 248, 113, 46, 74, 98, 213, 148, 161, 164, 212, 72, 134, 125, 58, 90, 199, 42, 102]	[48, 37, 107, 53, 241, 55, 192, 255, 188, 46, 255, 94, 224, 200, 209, 41, 117, 146, 20, 146, 40, 204, 37, 39, 178, 153, 9, 57, 41, 132, 113, 6]	[50, 39, 224, 36, 165, 239, 144, 46, 197, 212, 33, 188, 233, 68, 65, 118, 188, 238, 208, 254, 176, 121, 64, 46, 97, 139, 198, 178, 35, 56, 249, 62]
BEGIN	range/0/64/4/wrong-domain
OBS	[94, 41, 121, 156, 110, 107, 17, 176, 160, 236, 61, 222, 60, 111, 49, 236, 51, 3, 237, 5, 0, 109, 52, 30, 242, 124, 0, 231, 72, 220, 130, 8]	[150, 122, 132, 104, 169, 20, 164, 78, 182, 1, 58, 83, 79, 28, 190, 134, 21, 44, 95, 107, 130, 252, 178, 244, 162, 221, 40, 77, 83, 103, 252, 90]	[87, 139, 82, 6, 177, 141, 53, 140, 113, 11, 201, 138, 123, 202, 187, 136, 18, 99, 178, 38, 48, 107, 18, 39, 158, 212, 128, 62, 56, 83, 29, 1]	[78, 207, 171, 107, 100, 222, 71, 216, 42, 173, 85, 214, 125, 146, 233, 75, 219, 68, 147, 185, 133, 227, 108, 214, 182, 59, 175, 204, 116, 76, 96, 77]
BEGIN	range/0/64/8/valid
OBS	[0, 0, 0, 0, 0, 0, 0, 0, 0, 0, 0, 0, 0, 0, 0, 0, 0, 0, 0, 0, 0, 0, 0, 0, 0, 0, 0, 0, 0, 0, 0, 0]	[122, 245, 105, 19, 201, 154, 193, 78, 50, 43, 165, 14, 196, 255, 191, 218, 228, 205, 215, 144, 172, 190, 59, 53, 132, 153, 187, 222, 12, 189, 53, 9]	[200, 236, 14, 224, 226, 17, 87, 207, 251, 5, 113, 97, 25, 66, 14, 132, 179, 216, 188, 50, 148, 19, 234, 231, 3, 154, 242, 133, 123, 121, 206, 13]	[86, 138, 228, 7, 147, 205, 159, 116, 231, 60, 3, 195, 100, 7, 29, 12, 4, 20, 1, 15, 202, 210, 150, 32, 8, 180, 112, 212, 203, 7, 175, 0]
BEGIN	range/0/64/8/ip-only-response
OBS	[102, 207, 101, 240, 169, 200, 48, 11, 146, 255, 83, 48, 223, 109, 138, 190, 114, 160, 207, 124, 26, 134, 14, 127, 10, 117, 60, 34, 109, 0, 24, 126]	[122, 245, 105, 19, 201, 154, 193, 78, 50, 43, 165, 14, 196, 255, 191, 218, 228, 205, 215, 144, 172, 190, 59, 53, 132, 153, 187, 222, 12, 189, 53, 9]	[21, 126, 26, 237, 62, 44, 218, 154, 246, 111, 132, 212, 174, 120, 109, 15, 121, 131, 63, 171, 243, 112, 230, 25, 97, 15, 185, 226, 250, 249, 206, 14]	[168, 140, 70, 42, 85, 48, 219, 43, 229, 172, 109, 159, 128, 156, 123, 22, 122, 184, 227, 206, 3, 122, 122, 239, 56, 93, 58, 45, 39, 206, 87, 23]
BEGIN	range/0/64/8/wrong-domain
OBS	[26, 239, 168, 168, 81, 123, 44, 156, 232, 59, 39, 133, 238, 157, 76, 150, 15, 61, 2, 238, 152, 155, 146, 169, 197, 218, 148, 100, 44, 69, 24, 88]	[172, 221, 82, 71, 38, 154, 41, 215, 184, 14, 202, 224, 157, 235, 58, 71, 192, 147, 4, 135, 193, 67, 115, 117, 152, 85, 182, 236, 189, 229, 248, 79]	[55, 229, 94, 138, 72, 127, 186, 131, 32, 45, 87, 142, 61, 212, 241, 85, 142, 85, 173, 221, 236, 104, 14, 213, 71, 183, 206, 81, 123, 245, 237, 1]	[152, 36, 61, 71, 46, 235, 242, 73, 9, 93, 65, 33, 245, 68, 227, 187, 216, 188, 57, 141, 14, 216, 140, 182, 27, 210, 122, 129, 70, 121, 181, 19]
BEGIN	range/0/64/16/valid
OBS	[0, 0, 0, 0, 0, 0, 0, 0, 0, 0, 0, 0, 0, 0, 0, 0, 0, 0, 0, 0, 0, 0, 0, 0, 0, 0, 0, 0, 0, 0, 0, 0]	[146, 254, 140, 76, 165, 32, 58, 175, 156, 37, 129, 106, 171, 48, 70, 4, 216, 79, 200, 124, 91, 96, 68, 120, 244, 76, 236, 201, 105, 141, 202, 98]	[210, 250, 182, 22, 165, 97, 12, 40, 66, 159, 236, 69, 130, 188, 69, 241, 107, 85, 118, 167, 160, 15, 145, 95, 79, 115, 97, 218, 14, 222, 110, 14]	[6, 45, 240, 181, 131, 37, 8, 218, 112, 217, 46, 208, 247, 210, 77, 67, 95, 8, 157, 134, 22, 78, 142, 209, 58, 16, 19, 88, 64, 75, 93, 42]
BEGIN	range/0/64/16/ip-only-response
OBS	[206, 120, 192, 93, 178, 163, 130, 29, 86, 179, 239, 28, 242, 61, 143, 152, 124, 187, 175, 95, 20, 168, 154, 81, 182, 109, 39, 170, 20, 138, 111, 83]	[146, 254, 140, 76, 165, 32, 58, 175, 156, 37, 129, 106, 171, 48, 70, 4, 216, 79, 200, 124, 91, 96, 68, 120, 244, 76, 236, 201, 105, 141, 202, 98]	[37, 131, 59, 223, 110, 254, 232, 126, 28, 11, 224, 19, 59, 101, 252, 205, 207, 17, 74, 209, 219, 80, 16, 100, 226, 207, 132, 117, 75, 104, 6, 8]	[216, 123, 59, 8, 49, 137, 148, 158, 85, 81, 115, 49, 249, 74, 96, 87, 51, 102, 76, 247, 159, 171, 215, 38, 137, 242, 249, 164, 28, 84, 200, 35]
BEGIN	range/0/64/16/wrong-domain
OBS	[84, 25, 152, 221, 214, 223, 190, 240, 6, 136, 104, 128, 134, 9, 108, 109, 26, 67, 51, 11, 68, 250, 121, 1, 147, 219, 150, 91, 110, 78, 150, 80]	[26, 253, 39, 233, 127, 150, 110, 158, 144, 6, 107, 63, 187, 216, 211, 233, 20, 86, 234, 254, 62, 46, 26, 8, 131, 3, 76, 47, 62, 216, 120, 36]	[240, 158, 215, 245, 245, 48, 247, 133, 87, 6, 103, 38, 184, 37, 115, 176, 152, 151, 226, 169, 70, 132, 223, 188, 119, 219, 198, 51, 78, 215, 72, 0]	[16, 234, 98, 54, 213, 153, 160, 199, 127, 122, 42, 51, 202, 70, 216, 241, 41, 158, 106, 130, 239, 76, 64, 78, 109, 76, 210, 161, 39, 113, 173, 37]
BEGIN	range/0/64/32/valid
OBS	[0, 0, 0, 0, 0, 0, 0, 0, 0, 0, 0, 0, 0, 0, 0, 0, 0, 0, 0, 0, 0, 0, 0, 0, 0, 0, 0, 0, 0, 0, 0, 0]	[50, 215, 13, 120, 196, 180, 187, 22, 175, 47, 54, 238, 101, 203, 73, 46, 138, 233, 132, 177, 134, 57, 230, 64, 77, 144, 223, 232, 25, 202, 139, 31]	[41, 136, 159, 239, 45, 59, 183, 51, 144, 17, 254, 114, 90, 27, 98, 211, 7, 18, 90, 1, 105, 4, 91, 210, 165, 144, 194, 71, 71, 95, 63, 3]	[138, 226, 105, 154, 234, 125, 236, 41, 49, 2, 88, 201, 132, 211, 139, 108, 199, 25, 251, 120, 146, 63, 71, 54, 58, 73, 41, 250, 156, 48, 23, 26]
BEGIN	range/0/64/32/ip-only-response
OBS	[86, 78, 24, 78, 81, 200, 135, 151, 135, 205, 197, 165, 123, 24, 192, 39, 47, 190, 94, 4, 90, 66, 16, 246, 129, 212, 245, 16, 188, 203, 132, 122]	[50, 215, 13, 120, 196, 180, 187, 22, 175, 47, 54, 238, 101, 203, 73, 46, 138, 233, 132, 177, 134, 57, 230, 64, 77, 144, 223, 232, 25, 202, 139, 31]	[244, 0, 237, 163, 126, 241, 70, 223, 94, 221, 77, 100, 106, 58, 21, 33, 253, 110, 238, 74, 190, 138, 56, 36, 248, 243, 133, 94, 127, 243, 140, 0]	[116, 226, 236, 110, 202, 43, 31, 33, 153, 139, 133, 114, 92, 82, 248, 181, 182, 53, 231, 90, 205, 3, 190, 43, 93, 6, 111, 118, 27, 18, 153, 12]
BEGIN	range/0/64/32/wrong-domain
OBS	[184, 131, 160, 188, 220, 98, 131, 73, 188, 54, 222, 137, 102, 13, 151, 159, 139, 145, 127, 127, 61, 225, 1, 52, 60, 59, 35, 53, 11, 233, 211, 59]	[112, 198, 163, 124, 10, 225, 27, 129, 73, 96, 52, 231, 107, 88, 187, 19, 228, 56, 125, 108, 53, 170, 45, 1, 243, 117, 29, 84, 39, 236, 200, 7]	[15, 75, 11, 178, 6, 57, 9, 186, 253, 78, 72, 200, 134, 252, 163, 155, 163, 55, 108, 123, 167, 67, 102, 57, 11, 114, 250, 51, 187, 176, 178, 12]	[52, 115, 239, 133, 177, 55, 175, 255, 142, 53, 178, 166, 239, 79, 183, 26, 77, 201, 254, 60, 255, 6, 27, 89, 100, 167, 208, 2, 135, 215, 208, 110]
BEGIN	range/1/8/1/valid
OBS	[0, 0, 0, 0, 0, 0, 0, 0, 0, 0, 0, 0, 0, 0, 0, 0, 0, 0, 0, 0, 0, 0, 0, 0, 0, 0, 0, 0, 0, 0, 0, 0]	[128, 184, 173, 188, 33, 171, 166, 129, 96, 51, 155, 190, 216, 144, 92, 212, 148, 92, 118, 21, 131, 225, 162, 89, 96, 170, 233, 99, 81, 109, 63, 97]	[225, 148, 52, 243, 7, 153, 215, 164, 135, 25, 80, 206, 5, 57, 42, 141, 192, 70, 104, 16, 15, 159, 31, 66, 203, 87, 22, 198, 211, 101, 105, 11]	[208, 23, 79, 149, 100, 33, 29, 217, 162, 145, 159, 163, 249, 170, 184, 83, 21, 245, 210, 16, 80, 13, 218, 63, 241, 15, 123, 231, 249, 141, 0, 37]
BEGIN	range/1/8/1/ip-only-response
OBS	[26, 157, 175, 5, 33, 38, 85, 132, 237, 104, 37, 26, 138, 73, 245, 157, 74, 128, 66, 153, 150, 65, 148, 252, 78, 203, 160, 238, 171, 67, 121, 24]	[128, 184, 173, 188, 33, 171, 166, 129, 96, 51, 155, 190, 216, 144, 92, 212, 148, 92, 118, 21, 131, 225, 162, 89, 96, 170, 233, 99, 81, 109, 63, 97]	[29, 37, 149, 105, 132, 83, 24, 175, 37, 114, 132, 200, 190, 229, 102, 29, 131, 251, 121, 100, 90, 226, 194, 85, 170, 86, 179, 97, 60, 7, 216, 7]	[52, 101, 36, 180, 18, 154, 147, 56, 191, 163, 127, 32, 25, 110, 43, 241, 70, 101, 116, 71, 56, 142, 184, 111, 98, 197, 80, 140, 204, 83, 2, 98]
BEGIN	range/1/8/1/wrong-domain
OBS	[0, 195, 5, 2, 99, 34, 219, 49, 97, 167, 129, 36, 14, 207, 188, 191, 177, 208, 146, 10, 120, 82, 232, 125, 72, 196, 235, 104, 45, 144, 36, 113]	[98, 26, 47, 201, 146, 117, 218, 143, 173, 223, 61, 25, 224, 1, 5, 100, 234, 90, 219, 195, 141, 15, 27, 8, 223, 52, 127, 51, 187, 92, 249, 7]	[97, 158, 158, 165, 251, 246, 2, 107, 87, 165, 185, 222, 150, 158, 130, 34, 101, 49, 197, 208, 244, 105, 103, 193, 99, 69, 100, 111, 41, 173, 241, 4]	[218, 116, 29, 74, 122, 226, 206, 93, 52, 28, 67, 44, 35, 55, 40, 225, 175, 37, 244, 63, 82, 25, 220, 200, 15, 218, 47, 131, 196, 116, 93, 86]
BEGIN	range/1/8/2/valid
OBS	[0, 0, 0, 0, 0, 0, 0, 0, 0, 0, 0, 0, 0, 0, 0, 0, 0, 0, 0, 0, 0, 0, 0, 0, 0, 0, 0, 0, 0, 0, 0, 0]	[32, 116, 248, 11, 174, 247, 112, 83, 84, 2, 47, 137, 104, 245, 189, 61, 118, 229, 109, 110, 198, 144, 215, 226, 216, 120, 179, 82, 70, 37, 25, 117]	[172, 166, 77, 165, 234, 161, 1, 227, 90, 143, 21, 39, 243, 151, 178, 196, 241, 84, 242, 208, 43, 178, 7, 204, 152, 205, 227, 245, 94, 82, 26, 3]	[64, 4, 160, 160, 72, 18, 52, 43, 121, 152, 198, 138, 73, 231, 3, 179, 159, 115, 80, 4, 162, 115, 59, 246, 115, 209, 220, 141, 54, 137, 159, 22]
BEGIN	range/1/8/2/ip-only-response
OBS	[60, 111, 52, 169, 211, 140, 253, 78, 50, 77, 80, 95, 202, 222, 44, 166, 37, 104, 227, 180, 13, 101, 121, 105, 222, 152, 65, 29, 195, 182, 98, 119]	[32, 116, 248, 11, 174, 247, 112, 83, 84, 2, 47, 137, 104, 245, 189, 61, 118, 229, 109, 110, 198, 144, 215, 226, 216, 120, 179, 82, 70, 37, 25, 117]	[83, 248, 77, 211, 63, 228, 62, 193, 25, 183, 139, 53, 248, 91, 246, 134, 84, 10, 68, 5, 155, 63, 192, 79, 145, 102, 71, 88, 37, 83, 87, 9]	[244, 194, 89, 111, 68, 235, 208, 250, 131, 54, 133, 63, 29, 144, 78, 164, 234, 113, 198, 233, 73, 106, 247, 148, 11, 0, 216, 63, 78, 96, 218, 13]
BEGIN	range/1/8/2/wrong-domain
OBS	[158, 23, 56, 19, 151, 212, 58, 113, 196, 51, 61, 61, 103, 222, 239, 230, 168, 52, 140, 158, 115, 106, 61, 203, 52, 160, 0, 216, 40, 83, 46, 76]	[228, 143, 254, 7, 107, 37, 43, 224, 251, 103, 248, 37, 163, 199, 195, 6, 12, 13, 185, 95, 68, 150, 211, 189, 198, 114, 200, 255, 116, 181, 135, 54]	[10, 224, 20, 239, 19, 174, 245, 35, 12, 97, 140, 132, 71, 105, 128, 177, 191, 220, 143, 73, 120, 91, 49, 113, 102, 188, 133, 31, 40, 100, 62, 15]	[108, 248, 171, 184, 39, 228, 54, 181, 32, 12, 200, 151, 237, 23, 198, 27, 85, 90, 129, 96, 28, 184, 197, 155, 170, 46, 182, 129, 191, 166, 64, 118]
BEGIN	range/1/8/4/valid
OBS	[0, 0, 0, 0, 0, 0, 0, 0, 0, 0, 0, 0, 0, 0, 0, 0, 0, 0, 0, 0, 0, 0, 0, 0, 0, 0, 0, 0, 0, 0, 0, 0]	[8, 213, 102, 55, 50, 16, 175, 146, 136, 45, 40, 73, 140, 41, 255, 149, 35, 107, 199, 2, 27, 28, 170, 190, 229, 163, 20, 236, 105, 120, 37, 112]	[146, 185, 254, 5, 14, 221, 60, 0, 182, 57, 221, 27, 236, 118, 165, 206, 30, 71, 63, 76, 11, 239, 108, 211, 108, 159, 187, 141, 185, 112, 7, 0]	[154, 67, 147, 56, 199, 206, 186, 62, 174, 138, 191, 196, 158, 56, 98, 106, 93, 24, 76, 117, 213, 231, 3, 147, 230, 145, 111, 176, 75, 200, 0, 83]
BEGIN	range/1/8/4/ip-only-response
OBS	[240, 169, 24, 224, 139, 24, 174, 3, 233, 43, 66, 82, 37, 39, 187, 160, 190, 194, 86, 97, 145, 171, 180, 137, 229, 98, 42, 125, 86, 33, 1, 76]	[8, 213, 102, 55, 50, 16, 175, 146, 136, 45, 40, 73, 140, 41, 255, 149, 35, 107, 199, 2, 27, 28, 170, 190, 229, 163, 20, 236, 105, 120, 37, 112]	[175, 10, 214, 1, 151, 195, 7, 32, 169, 72, 9, 227, 248, 26, 125, 55, 162, 94, 127, 197, 71, 251, 146, 142, 174, 230, 43, 162, 40, 33, 235, 15]	[62, 182, 182, 174, 94, 207, 77, 5, 29, 214, 201, 160, 2, 57, 184, 173, 241, 125, 205, 251, 143, 235, 249, 122, 65, 235, 15, 179, 233, 75, 222, 75]
BEGIN	range/1/8/4/wrong-domain
OBS	[252, 173, 226, 42, 94, 168, 3, 200, 232, 65, 74, 143, 170, 187, 203, 45, 10, 192, 97, 142, 150, 205, 253, 16, 178, 34, 225, 65, 165, 114, 34, 54]	[0, 234, 255, 118, 173, 71, 155, 150, 108, 181, 100, 87, 123, 152, 134, 71, 30, 68, 103, 140, 111, 206, 182, 207, 57, 114, 49, 124, 31, 33, 145, 101]	[79, 23, 43, 187, 190, 139, 239, 127, 136, 243, 202, 232, 20, 146, 133, 54, 84, 144, 50, 172, 126, 115, 65, 200, 143, 31, 220, 150, 185, 224, 217, 10]	[244, 214, 16, 44, 199, 80, 133, 41, 246, 51, 255, 244, 11, 214, 193, 252, 161, 235, 69, 197, 84, 164, 69, 65, 73, 215, 109, 179, 113, 234, 40, 106]
BEGIN	range/1/8/8/valid
OBS	[0, 0, 0, 0, 0, 0, 0, 0, 0, 0, 0, 0, 0, 0, 0, 0, 0, 0, 0, 0, 0, 0, 0, 0, 0, 0, 0, 0, 0, 0, 0, 0]	[70, 68, 246, 107, 14, 151, 221, 187, 17, 203, 80, 41, 138, 160, 87, 190, 73, 168, 4, 111, 251, 42, 2, 166, 197, 231, 138, 214, 46, 70, 157, 64]	[104, 139, 209, 220, 201, 14, 236, 236, 195, 31, 213, 24, 206, 209, 55, 88, 25, 8, 79, 193, 201, 4, 35, 71, 115, 251, 66, 233, 103, 156, 16, 9]	[146, 0, 224, 170, 224, 254, 140, 148, 97, 22, 250, 53, 17, 40, 26, 104, 18, 31, 145, 133, 123, 72, 152, 230, 70, 14, 156, 199, 205, 19, 14, 121]
BEGIN	range/1/8/8/ip-only-response
OBS	[220, 113, 18, 139, 159, 101, 241, 78, 220, 154, 104, 237, 202, 21, 57, 103, 192, 60, 208, 139, 186, 128, 176, 203, 201, 140, 9, 99, 218, 51, 29, 6]	[70, 68, 246, 107, 14, 151, 221, 187, 17, 203, 80, 41, 138, 160, 87, 190, 73, 168, 4, 111, 251, 42, 2, 166, 197, 231, 138, 214, 46, 70, 157, 64]	[255, 112, 243, 145, 132, 79, 138, 173, 217, 230, 145, 76, 213, 74, 188, 24, 119, 39, 250, 107, 14, 238, 63, 97, 140, 119, 165, 255, 199, 234, 184, 9]	[164, 162, 227, 26, 7, 126, 196, 126, 109, 86, 70, 33, 30, 67, 106, 92, 119, 217, 166, 70, 237, 170, 49, 200, 223, 46, 37, 241, 111, 239, 13, 120]
BEGIN	range/1/8/8/wrong-domain
OBS	[50, 218, 242, 238, 249, 121, 249, 184, 35, 77, 161, 135, 233, 54, 13, 32, 209, 161, 199, 127, 37, 53, 51, 44, 15, 141, 52, 151, 19, 194, 99, 107]	[134, 182, 112, 160, 38, 158, 197, 67, 170, 146, 58, 100, 169, 180, 77, 148, 91, 51, 123, 111, 216, 127, 5, 101, 132, 250, 246, 137, 80, 192, 138, 80]	[240, 162, 182, 42, 238, 4, 180, 63, 181, 39, 246, 87, 248, 18, 225, 64, 43, 176, 214, 120, 150, 116, 54, 169, 143, 202, 190, 254, 78, 83, 7, 8]	[40, 147, 19, 49, 75, 248, 47, 175, 200, 108, 31, 43, 223, 21, 203, 165, 104, 49, 90, 152, 178, 140, 239, 196, 136, 93, 241, 106, 251, 62, 195, 55]
BEGIN	range/1/8/16/valid
OBS	[0, 0, 0, 0, 0, 0, 0, 0, 0, 0, 0, 0, 0, 0, 0, 0, 0, 0, 0, 0, 0, 0, 0, 0, 0, 0, 0, 0, 0, 0, 0, 0]	[54, 56, 73, 7, 213, 84, 12, 214, 15, 41, 178, 250, 95, 165, 19, 111, 101, 65, 74, 37, 139, 223, 137, 141, 100, 198, 167, 68, 149, 58, 152, 61]	[186, 222, 202, 123, 187, 2, 250, 47, 142, 78, 122, 14, 12, 226, 230, 60, 171, 235, 38, 37, 156, 225, 8, 136, 207, 138, 144, 107, 34, 119, 26, 13]	[110, 161, 249, 82, 130, 94, 120, 171, 190, 231, 217, 193, 142, 203, 237, 81, 44, 177, 202, 30, 196, 144, 17, 85, 146, 54, 46, 80, 177, 86, 65, 65]
BEGIN	range/1/8/16/ip-only-response
OBS	[130, 19, 124, 61, 8, 156, 192, 64, 138, 201, 230, 228, 144, 230, 156, 84, 67, 144, 241, 126, 244, 246, 156, 146, 67, 201, 200, 147, 184, 96, 177, 77]	[54, 56, 73, 7, 213, 84, 12, 214, 15, 41, 178, 250, 95, 165, 19, 111, 101, 65, 74, 37, 139, 223, 137, 141, 100, 198, 167, 68, 149, 58, 152, 61]	[89, 78, 250, 116, 72, 132, 144, 34, 12, 34, 169, 104, 251, 163, 77, 245, 232, 203, 68, 15, 129, 82, 104, 47, 30, 174, 228, 153, 45, 239, 178, 2]	[154, 225, 220, 162, 188, 224, 73, 77, 99, 112, 72, 237, 198, 131, 79, 233, 67, 114, 224, 99, 44, 62, 104, 239, 175, 246, 226, 9, 229, 122, 244, 86]
BEGIN	range/1/8/16/wrong-domain
OBS	[198, 21, 62, 177, 9, 43, 247, 80, 129, 103, 224, 253, 114, 178, 31, 49, 253, 63, 253, 181, 187, 154, 129, 1, 210, 1, 13, 161, 25, 121, 29, 23]	[120, 125, 23, 189, 56, 162, 94, 186, 183, 76, 228, 29, 14, 14, 214, 159, 179, 56, 157, 233, 108, 147, 89, 190, 82, 83, 145, 146, 237, 138, 114, 19]	[191, 108, 131, 246, 157, 128, 145, 248, 146, 118, 175, 237, 17, 35, 235, 44, 68, 43, 151, 33, 107, 189, 82, 215, 34, 36, 184, 186, 72, 5, 237, 14]	[16, 66, 105, 172, 58, 87, 56, 104, 36, 134, 172, 219, 255, 71, 113, 205, 245, 89, 221, 205, 53, 88, 0, 109, 247, 144, 60, 33, 160, 32, 170, 4]
BEGIN	range/1/8/32/valid
OBS	[0, 0, 0, 0, 0, 0, 0, 0, 0, 0, 0, 0, 0, 0, 0, 0, 0, 0, 0, 0, 0, 0, 0, 0, 0, 0, 0, 0, 0, 0, 0, 0]	[206, 159, 199, 69, 28, 22, 199, 252, 240, 235, 120, 216, 176, 16, 184, 7, 201, 252, 144, 252, 89, 92, 157, 217, 24, 211, 143, 31, 4, 157, 170, 48]	[146, 127, 74, 116, 205, 110, 220, 20, 86, 133, 236, 253, 111, 234, 86, 195, 221, 62, 7, 162, 190, 142, 134, 170, 47, 144, 194, 88, 217, 30, 156, 9]	[200, 220, 11, 74, 25, 49, 232, 113, 5, 127, 136, 122, 151, 157, 132, 48, 234, 210, 156, 106, 63, 41, 232, 95, 163, 122, 92, 66, 198, 196, 161, 95]
BEGIN	range/1/8/32/ip-only-response
OBS	[92, 112, 164, 19, 66, 85, 14, 97, 114, 39, 210, 190, 7, 32, 222, 154, 93, 178, 166, 25, 130, 51, 42, 175, 18, 220, 130, 228, 248, 125, 32, 35]	[206, 159, 199, 69, 28, 22, 199, 252, 240, 235, 120, 216, 176, 16, 184, 7, 201, 252, 144, 252, 89, 92, 157, 217, 24, 211, 143, 31, 4, 157, 170, 48]	[108, 79, 81, 224, 170, 162, 223, 19, 155, 190, 40, 189, 82, 84, 42, 17, 85, 99, 36, 225, 19, 122, 213, 51, 41, 41, 72, 230, 121, 53, 200, 0]	[60, 207, 7, 53, 13, 238, 10, 21, 52, 137, 114, 43, 231, 111, 88, 116, 224, 120, 79, 31, 83, 71, 184, 228, 112, 16, 146, 42, 210, 252, 233, 97]
BEGIN	range/1/8/32/wrong-domain
OBS	[2, 61, 12, 238, 50, 100, 179, 113, 40, 93, 77, 251, 165, 69, 196, 89, 143, 26, 86, 212, 196, 90, 177, 181, 102, 135, 62, 56, 67, 197, 165, 100]	[188, 26, 169, 14, 199, 161, 46, 218, 209, 135, 47, 17, 14, 183, 112, 98, 197, 85, 231, 47, 225, 142, 212, 220, 159, 43, 240, 24, 162, 62, 202, 41]	[241, 189, 202, 188, 232, 155, 220, 59, 35, 210, 138, 106, 252, 5, 126, 194, 11, 232, 10, 163, 109, 95, 44, 193, 28, 136, 198, 106, 99, 123, 164, 7]	[92, 234, 169, 106, 215, 182, 171, 159, 38, 209, 242, 6, 190, 119, 243, 94, 126, 25, 18, 222, 88, 153, 121, 196, 95, 219, 17, 206, 89, 3, 217, 87]
BEGIN	range/1/16/1/valid
OBS	[0, 0, 0, 0, 0, 0, 0, 0, 0, 0, 0, 0, 0, 0, 0, 0, 0, 0, 0, 0, 0, 0, 0, 0, 0, 0, 0, 0, 0, 0, 0, 0]	[242, 198, 94, 11, 149, 55, 44, 64, 231, 146, 18, 47, 21, 53, 80, 149, 208, 199, 200, 242, 105, 220, 251, 75, 10, 193, 105, 176, 238, 216, 61, 80]	[33, 233, 121, 32, 159, 92, 219, 202, 63, 79, 26, 199, 14, 3, 222, 68, 31, 72, 245, 121, 66, 129, 96, 171, 94, 133, 99, 208, 68, 232, 25, 7]	[196, 73, 105, 240, 3, 45, 185, 246, 175, 52, 92, 83, 225, 5, 171, 238, 72, 144, 200, 4, 112, 199, 237, 16, 82, 208, 10, 13, 230, 85, 197, 4]
BEGIN	range/1/16/1/ip-only-response
OBS	[84, 80, 210, 203, 224, 171, 220, 87, 236, 203, 175, 216, 14, 57, 75, 32, 151, 205, 33, 147, 229, 50, 44, 22, 143, 132, 27, 116, 4, 0, 113, 50]	[242, 198, 94, 11, 149, 55, 44, 64, 231, 146, 18, 47, 21, 53, 80, 149, 208, 199, 200, 242, 105, 220, 251, 75, 10, 193, 105, 176, 238, 216, 61, 80]	[46, 226, 163, 208, 194, 56, 170, 234, 168, 78, 175, 75, 167, 155, 245, 190, 213, 252, 48, 166, 208, 136, 237, 176, 131, 151, 227, 41, 58, 183, 115, 11]	[42, 222, 12, 9, 77, 234, 191, 170, 26, 185, 34, 221, 127, 203, 65, 145, 233, 25, 217, 234, 212, 193, 117, 102, 203, 63, 48, 58, 55, 14, 24, 52]
BEGIN	range/1/16/1/wrong-domain
OBS	[144, 154, 215, 25, 158, 228, 221, 34, 107, 14, 222, 100, 159, 80, 236, 240, 119, 154, 142, 1, 229, 4, 121, 91, 136, 90, 78, 188, 6, 111, 58, 8]	[140, 213, 248, 92, 194, 48, 166, 251, 182, 73, 241, 211, 176, 243, 203, 46, 60, 233, 238, 36, 108, 100, 158, 231, 155, 153, 20, 221, 205, 132, 98, 46]	[143, 57, 180, 71, 230, 88, 18, 1, 215, 138, 144, 177, 6, 94, 112, 143, 216, 187, 44, 21, 230, 32, 13, 255, 214, 219, 233, 240, 155, 138, 217, 15]	[146, 149, 167, 43, 204, 26, 23, 106, 180, 96, 113, 170, 209, 4, 51, 24, 103, 72, 243, 135, 207, 252, 24, 209, 165, 123, 71, 255, 139, 95, 2, 82]
BEGIN	range/1/16/2/valid
OBS	[0, 0, 0, 0, 0, 0, 0, 0, 0, 0, 0, 0, 0, 0, 0, 0, 0, 0, 0, 0, 0, 0, 0, 0, 0, 0, 0, 0, 0, 0, 0, 0]	[2, 15, 137, 68, 249, 160, 137, 167, 191, 45, 219, 98, 229, 144, 78, 169, 170, 87, 209, 143, 66, 172, 13, 239, 142, 238, 228, 219, 162, 230, 51, 4]	[38, 123, 146, 17, 162, 47, 167, 168, 220, 173, 236, 232, 165, 108, 90, 173, 82, 88, 254, 49, 119, 132, 105, 37, 46, 158, 9, 28, 206, 49, 160, 2]	[182, 157, 52, 58, 110, 32, 194, 62, 169, 237, 176, 212, 86, 220, 160, 200, 254, 228, 47, 48, 201, 173, 168, 29, 97, 191, 191, 189, 68, 219, 78, 14]
BEGIN	range/1/16/2/ip-only-response
OBS	[218, 133, 54, 8, 16, 37, 87, 74, 28, 145, 138, 229, 247, 70, 140, 20, 169, 132, 120, 18, 59, 160, 141, 60, 29, 187, 250, 208, 68, 137, 71, 35]	[2, 15, 137, 68, 249, 160, 137, 167, 191, 45, 219, 98, 229, 144, 78, 169, 170, 87, 209, 143, 66, 172, 13, 239, 142, 238, 228, 219, 162, 230, 51, 4]	[114, 82, 177, 51, 160, 90, 75, 120, 95, 23, 154, 8, 153, 76, 130, 236, 187, 222, 22, 131, 198, 255, 3, 48, 54, 216, 175, 152, 213, 166, 111, 3]	[14, 216, 42, 197, 60, 112, 205, 182, 97, 66, 145, 217, 26, 89, 217, 179, 102, 122, 81, 140, 163, 101, 92, 226, 229, 233, 80, 246, 217, 158, 134, 44]
BEGIN	range/1/16/2/wrong-domain
OBS	[56, 103, 85, 231, 239, 53, 27, 187, 226, 150, 182, 204, 206, 47, 29, 229, 104, 51, 104, 18, 117, 158, 185, 49, 81, 24, 207, 228, 231, 0, 248, 68]	[168, 98, 32, 177, 85, 94, 33, 184, 44, 147, 2, 210, 195, 131, 25, 91, 150, 202, 5, 57, 122, 223, 134, 66, 158, 80, 76, 110, 242, 28, 8, 104]	[128, 59, 74, 245, 116, 101, 17, 0, 187, 246, 219, 240, 167, 41, 96, 24, 57, 43, 27, 87, 26, 211, 143, 128, 47, 65, 84, 91, 78, 128, 43, 13]	[206, 131, 19, 79, 210, 17, 130, 85, 26, 88, 221, 225, 172, 173, 199, 141, 30, 2, 66, 106, 72, 16, 130, 193, 26, 183, 241, 167, 78, 148, 245, 105]
BEGIN	range/1/16/4/valid
OBS	[0, 0, 0, 0, 0, 0, 0, 0, 0, 0, 0, 0, 0, 0, 0, 0, 0, 0, 0, 0, 0, 0, 0, 0, 0, 0, 0, 0, 0, 0, 0, 0]	[172, 46, 140, 254, 162, 113, 127, 57, 187, 113, 80, 171, 99, 169, 6, 204, 57, 146, 254, 142, 43, 146, 22, 254, 198, 185, 44, 61, 61, 153, 150, 95]	[159, 151, 170, 223, 240, 131, 154, 26, 194, 4, 60, 17, 204, 85, 55, 21, 105, 2, 63, 139, 203, 5, 120, 57, 244, 165, 121, 97, 251, 228, 243, 14]	[254, 99, 177, 69, 253, 73, 55, 194, 230, 159, 5, 190, 158, 106, 142, 87, 8, 102, 216, 97, 255, 167, 242, 93, 76, 34, 177, 44, 88, 58, 252, 38]
BEGIN	range/1/16/4/ip-only-response
OBS	[158, 168, 235, 21, 50, 163, 144, 8, 106, 90, 199, 250, 201, 12, 101, 158, 54, 96, 54, 110, 44, 44, 79, 171, 205, 203, 172, 85, 208, 161, 165, 19]	[172, 46, 140, 254, 162, 113, 127, 57, 187, 113, 80, 171, 99, 169, 6, 204, 57, 146, 254, 142, 43, 146, 22, 254, 198, 185, 44, 61, 61, 153, 150, 95]	[230, 168, 223, 50, 205, 242, 180, 25, 194, 226, 146, 150, 199, 98, 192, 34, 217, 156, 94, 36, 146, 17, 211, 31, 243, 229, 207, 104, 125, 168, 88, 6]	[232, 139, 205, 31, 13, 82, 96, 158, 161, 166, 4, 229, 114, 23, 109, 129, 60, 168, 165, 103, 147, 77, 182, 124, 85, 119, 51, 209, 190, 209, 42, 7]
BEGIN	range/1/16/4/wrong-domain
OBS	[14, 238, 62, 57, 125, 229, 85, 166, 88, 221, 0, 171, 87, 185, 248, 71, 112, 56, 7, 14, 2, 206, 75, 22, 111, 212, 63, 70, 233, 116, 7, 27]	[158, 175, 112, 225, 94, 68, 242, 205, 182, 53, 66, 102, 22, 159, 152, 125, 126, 171, 210, 81, 18, 209, 102, 44, 15, 219, 52, 74, 202, 135, 2, 46]	[168, 194, 232, 91, 174, 142, 240, 27, 217, 17, 252, 191, 186, 217, 255, 99, 149, 84, 195, 157, 192, 175, 5, 181, 200, 226, 178, 238, 57, 122, 222, 1]	[242, 167, 189, 222, 146, 249, 155, 242, 20, 185, 202, 59, 216, 183, 81, 73, 208, 82, 155, 30, 62, 38, 110, 222, 79, 80, 88, 52, 76, 196, 100, 108]
BEGIN	range/1/16/8/valid
OBS	[0, 0, 0, 0, 0, 0, 0, 0, 0, 0, 0, 0, 0, 0, 0, 0, 0, 0, 0, 0, 0, 0, 0, 0, 0, 0, 0, 0, 0, 0, 0, 0]	[242, 226, 97, 148, 103, 25, 126, 148, 179, 177, 114, 147, 39, 208, 25, 94, 40, 28, 105, 231, 57, 98, 245, 84, 213, 184, 98, 48, 27, 224, 135, 87]	[97, 151, 129, 207, 137, 5, 190, 12, 30, 126, 78, 88, 34, 36, 214, 0, 134, 133, 186, 222, 112, 124, 119, 208, 160, 140, 62, 208, 114, 76, 94, 2]	[222, 188, 113, 242, 55, 76, 13, 63, 197, 131, 107, 110, 100, 227, 160, 16, 185, 110, 187, 26, 84, 43, 174, 139, 241, 170, 12, 206, 1, 74, 43, 7]
BEGIN	range/1/16/8/ip-only-response
OBS	[158, 95, 198, 250, 98, 41, 22, 74, 98, 154, 189, 175, 223, 101, 39, 174, 239, 188, 121, 6, 99, 144, 217, 201, 202, 99, 80, 29, 64, 162, 212, 107]	[242, 226, 97, 148, 103, 25, 126, 148, 179, 177, 114, 147, 39, 208, 25, 94, 40, 28, 105, 231, 57, 98, 245, 84, 213, 184, 98, 48, 27, 224, 135, 87]	[10, 12, 215, 37, 235, 40, 217, 134, 103, 164, 224, 59, 160, 73, 253, 157, 58, 39, 250, 75, 221, 242, 178, 154, 166, 72, 105, 110, 228, 54, 200, 7]	[10, 134, 31, 237, 216, 175, 110, 41, 153, 29, 253, 78, 223, 148, 213, 46, 211, 1, 5, 43, 74, 202, 85, 219, 82, 71, 181, 253, 78, 189, 90, 32]
BEGIN	range/1/16/8/wrong-domain
OBS	[222, 17, 255, 195, 171, 239, 122, 30, 73, 249, 86, 249, 34, 53, 185, 190, 228, 93, 133, 129, 141, 158, 250, 212, 232, 192, 104, 68, 87, 183, 249, 111]	[54, 64, 28, 54, 82, 246, 208, 196, 114, 254, 221, 123, 221, 91, 19, 62, 250, 103, 162, 14, 114, 3, 0, 67, 214, 75, 53, 242, 73, 95, 122, 74]	[209, 176, 194, 141, 140, 233, 166, 61, 137, 101, 138, 90, 52, 133, 137, 108, 127, 100, 63, 169, 134, 103, 9, 105, 249, 33, 133, 51, 55, 254, 118, 3]	[164, 205, 169, 254, 187, 13, 153, 117, 159, 14, 25, 111, 231, 210, 15, 243, 50, 108, 224, 202, 58, 238, 173, 177, 38, 148, 143, 165, 63, 210, 205, 44]
BEGIN	range/1/16/16/valid
OBS	[0, 0, 0, 0, 0, 0, 0, 0, 0, 0, 0, 0, 0, 0, 0, 0, 0, 0, 0, 0, 0, 0, 0, 0, 0, 0, 0, 0, 0, 0, 0, 0]	[218, 254, 152, 138, 57, 236, 173, 100, 9, 21, 19, 20, 198, 176, 205, 60, 100, 211, 133, 5, 3, 50, 15, 45, 189, 114, 20, 31, 45, 228, 154, 47]	[151, 125, 229, 173, 88, 244, 121, 117, 223, 223, 121, 233, 217, 45, 231, 62, 148, 113, 171, 63, 20, 105, 75, 199, 198, 206, 15, 225, 151, 255, 45, 12]	[216, 66, 216, 5, 72, 150, 192, 158, 204, 226, 152, 140, 115, 213, 240, 95, 157, 203, 20, 96, 104, 170, 53, 84, 218, 174, 91, 106, 29, 26, 186, 63]
BEGIN	range/1/16/16/ip-only-response
OBS	[56, 119, 196, 4, 30, 146, 26, 117, 190, 118, 109, 167, 73, 189, 226, 237, 55, 79, 230, 121, 152, 97, 60, 159, 49, 205, 244, 173, 19, 233, 50, 31]	[218, 254, 152, 138, 57, 236, 173, 100, 9, 21, 19, 20, 198, 176, 205, 60, 100, 211, 133, 5, 3, 50, 15, 45, 189, 114, 20, 31, 45, 228, 154, 47]	[210, 4, 78, 241, 176, 57, 248, 39, 88, 134, 29, 201, 31, 5, 203, 141, 94, 83, 202, 38, 112, 84, 152, 125, 158, 67, 228, 160, 39, 15, 158, 1]	[0, 24, 169, 71, 86, 250, 251, 234, 41, 242, 100, 175, 81, 204, 206, 28, 151, 98, 242, 34, 77, 221, 192, 203, 186, 71, 193, 93, 187, 224, 225, 121]
BEGIN	range/1/16/16/wrong-domain
OBS	[42, 229, 112, 223, 0, 55, 242, 109, 205, 31, 245, 241, 68, 103, 78, 206, 119, 188, 172, 166, 24, 156, 199, 8, 88, 136, 151, 105, 205, 171, 167, 26]	[58, 218, 217, 235, 159, 33, 18, 158, 149, 3, 114, 208, 230, 81, 120, 153, 81, 50, 157, 164, 5, 149, 223, 21, 37, 200, 167, 118, 95, 44, 161, 61]	[245, 223, 51, 239, 109, 68, 182, 87, 139, 59, 132, 202, 14, 229, 66, 223, 95, 82, 181, 175, 100, 144, 71, 187, 244, 138, 1, 66, 6, 159, 97, 0]	[118, 220, 224, 15, 185, 5, 125, 208, 117, 237, 253, 4, 231, 178, 114, 227, 82, 144, 232, 150, 217, 176, 128, 107, 181, 57, 19, 176, 203, 79, 251, 63]
BEGIN	range/1/16/32/valid
OBS	[0, 0, 0, 0, 0, 0, 0, 0, 0, 0, 0, 0, 0, 0, 0, 0, 0, 0, 0, 0, 0, 0, 0, 0, 0, 0, 0, 0, 0, 0, 0, 0]	[194, 180, 39, 111, 187, 28, 182, 223, 55, 136, 159, 174, 166, 179, 27, 76, 139, 137, 29, 242, 114, 135, 17, 246, 104, 199, 93, 135, 182, 175, 165, 93]	[220, 234, 230, 231, 151, 203, 215, 75, 29, 201, 164, 138, 219, 249, 173, 199, 246, 229, 15, 226, 235, 100, 166, 228, 56, 226, 203, 139, 233, 131, 180, 6]	[234, 207, 165, 7, 170, 35, 162, 46, 233, 19, 175, 162, 190, 70, 190, 29, 198, 215, 188, 221, 11, 144, 11, 196, 98, 208, 100, 200, 148, 158, 101, 18]
BEGIN	range/1/16/32/ip-only-response
OBS	[32, 200, 204, 129, 203, 50, 47, 116, 106, 197, 230, 192, 10, 51, 27, 1, 151, 138, 42, 34, 196, 245, 45, 107, 58, 242, 7, 48, 227, 103, 200, 39]	[194, 180, 39, 111, 187, 28, 182, 223, 55, 136, 159, 174, 166, 179, 27, 76, 139, 137, 29, 242, 114, 135, 17, 246, 104, 199, 93, 135, 182, 175, 165, 93]	[188, 19, 162, 176, 165, 70, 82, 255, 31, 54, 86, 140, 218, 101, 20, 177, 113, 220, 252, 137, 158, 53, 65, 227, 157, 12, 117, 0, 25, 1, 108, 13]	[180, 35, 69, 166, 49, 181, 3, 137, 9, 131, 113, 151, 42, 50, 227, 133, 32, 214, 169, 16, 189, 26, 162, 134, 255, 199, 242, 104, 254, 233, 68, 94]
BEGIN	range/1/16/32/wrong-domain
OBS	[236, 175, 84, 219, 211, 17, 74, 28, 94, 247, 7, 64, 196, 178, 47, 131, 194, 42, 252, 222, 91, 15, 197, 199, 196, 30, 162, 89, 238, 58, 155, 45]	[164, 253, 24, 32, 234, 62, 57, 158, 52, 199, 165, 220, 38, 96, 244, 91, 87, 102, 167, 119, 167, 98, 244, 201, 94, 220, 44, 229, 64, 38, 175, 74]	[85, 88, 141, 37, 132, 144, 97, 0, 13, 122, 214, 176, 5, 140, 68, 116, 37, 187, 224, 129, 133, 94, 230, 2, 202, 119, 82, 182, 171, 167, 58, 2]	[36, 220, 43, 221, 145, 251, 112, 174, 23, 108, 59, 92, 82, 208, 246, 103, 35, 234, 183, 162, 42, 39, 76, 87, 153, 106, 26, 154, 247, 45, 25, 62]
BEGIN	range/1/32/1/valid
OBS	[0, 0, 0, 0, 0, 0, 0, 0, 0, 0, 0, 0, 0, 0, 0, 0, 0, 0, 0, 0, 0, 0, 0, 0, 0, 0, 0, 0, 0, 0, 0, 0]	[228, 164, 1, 69, 109, 181, 110, 185, 52, 125, 223, 54, 151, 98, 100, 132, 101, 0, 7, 7, 131, 233, 87, 149, 150, 195, 138, 179, 205, 210, 141, 60]	[124, 34, 244, 147, 199, 217, 131, 99, 91, 71, 83, 39, 178, 165, 229, 97, 118, 67, 59, 117, 64, 123, 167, 219, 173, 200, 241, 90, 106, 2, 108, 3]	[22, 138, 157, 254, 21, 123, 17, 2, 137, 195, 126, 175, 6, 244, 57, 8, 82, 7, 208, 143, 253, 193, 139, 131, 52, 252, 126, 138, 239, 147, 230, 96]
BEGIN	range/1/32/1/ip-only-response
OBS	[214, 199, 46, 248, 66, 208, 138, 127, 165, 179, 60, 97, 41, 21, 53, 18, 147, 53, 160, 212, 3, 23, 74, 46, 100, 245, 219, 101, 140, 25, 2, 88]	[228, 164, 1, 69, 109, 181, 110, 185, 52, 125, 223, 54, 151, 98, 100, 132, 101, 0, 7, 7, 131, 233, 87, 149, 150, 195, 138, 179, 205, 210, 141, 60]	[32, 178, 49, 219, 157, 24, 0, 116, 9, 92, 155, 121, 130, 163, 99, 228, 34, 150, 143, 245, 148, 240, 78, 237, 141, 58, 7, 127, 245, 1, 101, 12]	[50, 73, 173, 72, 46, 220, 148, 142, 207, 110, 64, 108, 50, 53, 70, 188, 64, 111, 146, 229, 66, 210, 66, 120, 201, 106, 112, 54, 210, 186, 53, 30]
BEGIN	range/1/32/1/wrong-domain
OBS	[138, 226, 115, 46, 145, 69, 217, 53, 53, 227, 178, 44, 190, 6, 1, 2, 182, 116, 166, 253, 125, 22, 155, 110, 203, 113, 158, 36, 20, 82, 140, 89]	[254, 86, 193, 89, 169, 77, 26, 120, 61, 13, 211, 210, 101, 201, 192, 93, 108, 98, 174, 92, 88, 142, 114, 142, 37, 163, 209, 18, 167, 148, 145, 103]	[125, 43, 206, 162, 243, 130, 144, 140, 145, 24, 116, 145, 13, 244, 132, 239, 249, 94, 50, 140, 255, 160, 209, 102, 156, 234, 67, 190, 48, 236, 12, 5]	[94, 203, 204, 174, 17, 16, 141, 207, 0, 152, 38, 117, 223, 63, 137, 48, 153, 221, 145, 6, 56, 146, 235, 89, 50, 153, 204, 6, 20, 59, 62, 50]
BEGIN	range/1/32/2/valid
OBS	[0, 0, 0, 0, 0, 0, 0, 0, 0, 0, 0, 0, 0, 0, 0, 0, 0, 0, 0, 0, 0, 0, 0, 0, 0, 0, 0, 0, 0, 0, 0, 0]	[106, 132, 207, 244, 178, 130, 190, 5, 206, 122, 56, 180, 222, 213, 9, 113, 165, 64, 195, 70, 211, 202, 115, 121, 156, 41, 133, 10, 26, 135, 247, 65]	[90, 71, 89, 8, 205, 160, 76, 51, 99, 175, 111, 99, 64, 12, 165, 161, 158, 146, 63, 183, 27, 200, 64, 153, 133, 255, 121, 36, 204, 80, 216, 10]	[226, 48, 115, 149, 117, 121, 220, 52, 178, 236, 112, 228, 51, 155, 230, 29, 234, 163, 8, 167, 165, 95, 199, 85, 197, 18, 187, 213, 224, 108, 124, 57]
BEGIN	range/1/32/2/ip-only-response
OBS	[6, 144, 171, 92, 108, 62, 187, 24, 115, 78, 183, 206, 151, 24, 12, 115, 28, 96, 105, 107, 104, 140, 74, 145, 106, 228, 164, 80, 162, 33, 175, 0]	[106, 132, 207, 244, 178, 130, 190, 5, 206, 122, 56, 180, 222, 213, 9, 113, 165, 64, 195, 70, 211, 202, 115, 121, 156, 41, 133, 10, 26, 135, 247, 65]	[18, 61, 85, 111, 141, 47, 104, 207, 109, 183, 95, 16, 246, 98, 83, 92, 193, 165, 244, 254, 218, 147, 108, 161, 212, 178, 22, 82, 189, 126, 18, 13]	[216, 66, 247, 153, 188, 107, 214, 205, 84, 30, 9, 29, 192, 85, 112, 39, 127, 162, 75, 74, 19, 207, 50, 37, 37, 114, 33, 81, 89, 17, 169, 123]
BEGIN	range/1/32/2/wrong-domain
OBS	[220, 236, 240, 107, 208, 239, 70, 67, 182, 14, 79, 66, 219, 201, 155, 73, 243, 0, 161, 164, 131, 29, 14, 82, 162, 71, 12, 42, 167, 52, 177, 64]	[246, 214, 194, 2, 16, 152, 206, 58, 57, 67, 128, 112, 74, 80, 235, 12, 145, 228, 46, 206, 157, 180, 203, 69, 199, 5, 155, 146, 74, 95, 152, 102]	[56, 237, 149, 112, 143, 34, 168, 218, 57, 222, 139, 40, 173, 27, 102, 223, 25, 60, 2, 101, 206, 1, 148, 78, 209, 245, 170, 101, 42, 19, 208, 11]	[164, 67, 177, 240, 146, 39, 212, 107, 134, 5, 156, 222, 165, 196, 46, 83, 131, 113, 98, 108, 2, 70, 233, 248, 106, 192, 139, 54, 153, 243, 57, 88]
BEGIN	range/1/32/4/valid
OBS	[0, 0, 0, 0, 0, 0, 0, 0, 0, 0, 0, 0, 0, 0, 0, 0, 0, 0, 0, 0, 0, 0, 0, 0, 0, 0, 0, 0, 0, 0, 0, 0]	[16, 229, 149, 102, 69, 59, 12, 249, 136, 73, 187, 42, 83, 88, 92, 94, 192, 184, 236, 76, 146, 172, 78, 179, 23, 2, 14, 96, 54, 133, 164, 125]	[55, 61, 175, 217, 143, 248, 150, 37, 43, 64, 12, 155, 127, 73, 205, 216, 224, 226, 230, 47, 181, 238, 97, 6, 108, 171, 189, 255, 255, 205, 210, 14]	[22, 107, 226, 158, 176, 83, 177, 211, 113, 2, 132, 65, 35, 3, 199, 67, 151, 67, 44, 172, 100, 215, 33, 189, 51, 156, 100, 192, 249, 221, 221, 50]
BEGIN	range/1/32/4/ip-only-response
OBS	[196, 157, 38, 248, 101, 232, 223, 33, 228, 109, 134, 80, 0, 16, 199, 144, 103, 22, 174, 182, 182, 196, 102, 37, 226, 192, 74, 117, 129, 124, 99, 88]	[16, 229, 149, 102, 69, 59, 12, 249, 136, 73, 187, 42, 83, 88, 92, 94, 192, 184, 236, 76, 146, 172, 78, 179, 23, 2, 14, 96, 54, 133, 164, 125]	[48, 81, 228, 254, 74, 197, 152, 240, 18, 38, 57, 138, 118, 252, 7, 245, 106, 165, 53, 71, 215, 22, 121, 78, 244, 186, 249, 164, 205, 96, 182, 5]	[132, 219, 150, 4, 21, 156, 207, 149, 89, 12, 82, 239, 202, 147, 177, 50, 11, 76, 250, 140, 92, 3, 93, 230, 123, 246, 81, 27, 93, 230, 66, 111]
BEGIN	range/1/32/4/wrong-domain
OBS	[76, 28, 45, 75, 154, 154, 44, 211, 237, 93, 22, 101, 171, 25, 163, 206, 111, 11, 200, 216, 232, 119, 147, 177, 251, 23, 120, 130, 157, 108, 165, 59]	[40, 53, 188, 44, 12, 0, 143, 180, 181, 231, 26, 101, 40, 94, 34, 147, 59, 212, 206, 100, 202, 179, 36, 114, 219, 242, 58, 89, 2, 226, 173, 52]	[205, 113, 175, 194, 214, 205, 107, 122, 105, 166, 191, 63, 179, 94, 147, 204, 146, 165, 205, 237, 169, 245, 14, 224, 94, 201, 59, 118, 55, 193, 109, 14]	[164, 243, 152, 223, 179, 78, 200, 42, 38, 115, 81, 219, 88, 166, 16, 55, 255, 32, 182, 34, 240, 80, 216, 118, 241, 120, 105, 131, 74, 144, 82, 14]
BEGIN	range/1/32/8/valid
OBS	[0, 0, 0, 0, 0, 0, 0, 0, 0, 0, 0, 0, 0, 0, 0, 0, 0, 0, 0, 0, 0, 0, 0, 0, 0, 0, 0, 0, 0, 0, 0, 0]	[172, 73, 27, 58, 144, 32, 31, 141, 128, 232, 16, 123, 218, 80, 126, 166, 43, 198, 181, 50, 15, 218, 42, 189, 173, 10, 74, 167, 224, 101, 146, 30]	[9, 176, 164, 81, 50, 114, 75, 251, 98, 244, 194, 193, 173, 235, 91, 243, 110, 210, 5, 25, 161, 81, 105, 129, 181, 8, 150, 231, 120, 234, 67, 4]	[134, 196, 82, 124, 252, 220, 119, 230, 111, 182, 14, 151, 15, 240, 196, 237, 184, 12, 220, 56, 132, 104, 226, 7, 236, 82, 152, 24, 89, 253, 250, 100]
BEGIN	range/1/32/8/ip-only-response
OBS	[78, 227, 158, 130, 45, 68, 223, 77, 32, 76, 14, 182, 93, 25, 91, 42, 170, 196, 189, 25, 79, 171, 11, 172, 38, 200, 34, 201, 43, 174, 22, 102]	[172, 73, 27, 58, 144, 32, 31, 141, 128, 232, 16, 123, 218, 80, 126, 166, 43, 198, 181, 50, 15, 218, 42, 189, 173, 10, 74, 167, 224, 101, 146, 30]	[51, 99, 233, 174, 42, 69, 192, 16, 242, 39, 175, 233, 230, 25, 21, 173, 116, 143, 156, 85, 54, 236, 131, 143, 36, 64, 20, 101, 235, 90, 117, 12]	[98, 111, 29, 237, 110, 99, 194, 77, 90, 174, 117, 53, 19, 223, 1, 173, 245, 21, 169, 72, 229, 84, 104, 183, 177, 103, 188, 55, 94, 39, 49, 63]
BEGIN	range/1/32/8/wrong-domain
OBS	[16, 196, 180, 169, 243, 233, 92, 243, 191, 250, 37, 181, 103, 51, 102, 150, 223, 197, 227, 54, 217, 18, 8, 12, 252, 240, 10, 20, 100, 84, 14, 35]	[136, 28, 242, 92, 62, 150, 70, 14, 89, 61, 125, 246, 164, 237, 43, 109, 237, 64, 30, 201, 35, 177, 2, 197, 130, 147, 202, 184, 199, 187, 123, 32]	[2, 8, 192, 118, 50, 71, 2, 244, 26, 122, 218, 45, 153, 77, 24, 130, 17, 242, 106, 134, 154, 60, 140, 19, 109, 83, 180, 236, 133, 232, 45, 4]	[136, 238, 222, 86, 72, 211, 43, 25, 122, 135, 184, 84, 10, 169, 0, 209, 59, 197, 148, 83, 21, 145, 200, 78, 255, 77, 215, 164, 210, 104, 9, 15]
BEGIN	range/1/32/16/valid
OBS	[0, 0, 0, 0, 0, 0, 0, 0, 0, 0, 0, 0, 0, 0, 0, 0, 0, 0, 0, 0, 0, 0, 0, 0, 0, 0, 0, 0, 0, 0, 0, 0]	[176, 231, 44, 32, 113, 141, 80, 150, 95, 33, 192, 169, 137, 227, 72, 209, 191, 101, 93, 209, 164, 12, 237, 55, 188, 7, 44, 111, 103, 201, 63, 67]	[55, 198, 185, 204, 230, 90, 229, 204, 52, 134, 241, 212, 79, 54, 115, 215, 53, 144, 183, 162, 115, 218, 164, 225, 85, 155, 18, 226, 148, 18, 166, 12]	[214, 137, 196, 10, 219, 175, 199, 228, 252, 114, 167, 198, 196, 87, 229, 73, 158, 25, 108, 155, 179, 179, 232, 94, 247, 192, 130, 227, 15, 16, 70, 112]
BEGIN	range/1/32/16/ip-only-response
OBS	[182, 93, 161, 101, 204, 204, 154, 71, 164, 74, 65, 6, 107, 177, 79, 54, 156, 169, 64, 186, 87, 26, 150, 152, 56, 69, 80, 23, 166, 140, 232, 5]	[176, 231, 44, 32, 113, 141, 80, 150, 95, 33, 192, 169, 137, 227, 72, 209, 191, 101, 93, 209, 164, 12, 237, 55, 188, 7, 44, 111, 103, 201, 63, 67]	[134, 125, 177, 177, 255, 91, 39, 32, 95, 194, 6, 198, 66, 141, 238, 249, 66, 62, 0, 11, 115, 236, 20, 86, 184, 25, 40, 138, 183, 115, 101, 0]	[22, 107, 109, 177, 228, 70, 96, 3, 235, 190, 93, 91, 251, 39, 106, 137, 115, 5, 106, 18, 161, 43, 63, 125, 142, 38, 112, 220, 183, 10, 98, 82]
BEGIN	range/1/32/16/wrong-domain
OBS	[156, 185, 132, 72, 154, 163, 227, 159, 169, 241, 87, 177, 224, 225, 19, 232, 76, 100, 22, 108, 144, 158, 110, 64, 132, 87, 103, 60, 46, 154, 76, 47]	[124, 85, 105, 204, 239, 17, 62, 89, 173, 129, 216, 92, 79, 125, 19, 190, 204, 18, 99, 141, 52, 220, 35, 18, 112, 143, 79, 186, 98, 109, 82, 36]	[13, 22, 81, 249, 45, 44, 26, 11, 195, 197, 176, 132, 220, 138, 61, 0, 24, 20, 3, 79, 77, 167, 141, 14, 197, 117, 236, 228, 184, 123, 44, 3]	[80, 7, 192, 178, 22, 128, 180, 229, 205, 161, 180, 47, 254, 105, 153, 169, 90, 48, 76, 5, 236, 151, 109, 183, 220, 156, 64, 226, 189, 112, 123, 91]
BEGIN	range/1/32/32/valid
OBS	[0, 0, 0, 0, 0, 0, 0, 0, 0, 0, 0, 0, 0, 0, 0, 0, 0, 0, 0, 0, 0, 0, 0, 0, 0, 0, 0, 0, 0, 0, 0, 0]	[184, 189, 141, 153, 128, 235, 177, 194, 155, 168, 11, 187, 157, 119, 238, 2, 139, 6, 236, 211, 178, 158, 65, 45, 163, 33, 118, 87, 31, 242, 156, 34]	[253, 40, 59, 41, 70, 159, 77, 203, 92, 5, 196, 167, 200, 63, 69, 231, 41, 8, 15, 175, 128, 177, 121, 123, 7, 122, 76, 117, 163, 25, 12, 6]	[18, 29, 182, 210, 174, 117, 166, 231, 209, 189, 82, 13, 27, 172, 248, 42, 246, 25, 46, 91, 137, 161, 7, 41, 176, 95, 230, 182, 119, 78, 68, 33]
BEGIN	range/1/32/32/ip-only-response
OBS	[4, 110, 226, 169, 175, 116, 104, 47, 155, 162, 127, 145, 225, 85, 16, 72, 173, 17, 36, 253, 218, 143, 111, 108, 145, 251, 198, 167, 149, 50, 137, 74]	[184, 189, 141, 153, 128, 235, 177, 194, 155, 168, 11, 187, 157, 119, 238, 2, 139, 6, 236, 211, 178, 158, 65, 45, 163, 33, 118, 87, 31, 242, 156, 34]	[149, 238, 88, 38, 70, 70, 188, 150, 189, 106, 187, 224, 218, 161, 101, 251, 197, 132, 141, 69, 51, 166, 176, 43, 170, 118, 19, 153, 221, 252, 35, 15]	[216, 245, 9, 6, 120, 35, 13, 241, 250, 185, 88, 76, 245, 95, 142, 237, 247, 54, 74, 59, 82, 0, 85, 76, 99, 98, 158, 235, 237, 107, 131, 75]
BEGIN	range/1/32/32/wrong-domain
OBS	[248, 164, 89, 70, 196, 37, 77, 209, 162, 18, 24, 103, 179, 13, 6, 146, 15, 140, 69, 53, 146, 86, 78, 110, 254, 251, 166, 147, 122, 92, 52, 84]	[228, 68, 133, 88, 170, 155, 109, 46, 32, 224, 6, 194, 226, 134, 3, 170, 70, 84, 101, 136, 84, 58, 17, 114, 141, 2, 159, 50, 55, 199, 113, 43]	[17, 135, 211, 133, 197, 250, 38, 77, 22, 79, 137, 43, 114, 216, 155, 118, 80, 113, 156, 66, 235, 223, 124, 49, 186, 148, 57, 232, 99, 96, 117, 11]	[50, 173, 233, 47, 239, 208, 106, 142, 143, 23, 66, 221, 250, 0, 4, 232, 103, 91, 9, 74, 80, 192, 228, 137, 199, 99, 217, 252, 25, 211, 88, 106]
BEGIN	range/1/64/1/valid
OBS	[0, 0, 0, 0, 0, 0, 0, 0, 0, 0, 0, 0, 0, 0, 0, 0, 0, 0, 0, 0, 0, 0, 0, 0, 0, 0, 0, 0, 0, 0, 0, 0]	[198, 249, 219, 6, 214, 140, 233, 206, 44, 197, 100, 114, 168, 18, 198, 181, 253, 18, 138, 104, 160, 106, 66, 44, 202, 124, 155, 228, 255, 15, 193, 1]	[6, 149, 107, 157, 124, 87, 119, 203, 121, 68, 186, 27, 30, 122, 9, 63, 210, 85, 101, 158, 58, 174, 147, 124, 154, 204, 214, 123, 191, 108, 58, 7]	[176, 60, 101, 96, 92, 154, 175, 60, 173, 202, 43, 152, 159, 192, 51, 99, 253, 247, 101, 105, 136, 253, 227, 223, 200, 32, 85, 153, 66, 2, 130, 109]
BEGIN	range/1/64/1/ip-only-response
OBS	[4, 14, 31, 185, 12, 5, 43, 22, 218, 169, 186, 100, 228, 169, 132, 172, 74, 81, 69, 185, 196, 160, 12, 173, 167, 80, 255, 100, 197, 131, 120, 27]	[198, 249, 219, 6, 214, 140, 233, 206, 44, 197, 100, 114, 168, 18, 198, 181, 253, 18, 138, 104, 160, 106, 66, 44, 202, 124, 155, 228, 255, 15, 193, 1]	[162, 124, 76, 150, 74, 187, 110, 204, 229, 207, 32, 224, 26, 21, 189, 153, 224, 97, 20, 48, 159, 204, 119, 142, 55, 133, 183, 154, 23, 82, 174, 13]	[112, 105, 215, 142, 42, 187, 105, 155, 248, 85, 85, 156, 207, 128, 41, 74, 178, 220, 101, 214, 162, 69, 204, 223, 233, 221, 101, 31, 170, 204, 55, 47]
BEGIN	range/1/64/1/wrong-domain
OBS	[98, 48, 176, 17, 121, 94, 78, 35, 60, 39, 154, 3, 172, 139, 28, 237, 222, 67, 125, 97, 73, 213, 146, 91, 66, 143, 245, 70, 247, 47, 119, 117]	[16, 161, 83, 182, 97, 125, 63, 120, 83, 226, 77, 30, 1, 94, 229, 160, 117, 227, 81, 54, 82, 149, 144, 1, 55, 98, 61, 102, 13, 182, 175, 54]	[20, 12, 249, 21, 44, 91, 76, 227, 61, 199, 231, 246, 156, 32, 171, 188, 186, 188, 126, 128, 194, 237, 254, 222, 230, 89, 245, 144, 59, 191, 89, 6]	[226, 117, 109, 210, 132, 149, 168, 49, 194, 90, 69, 169, 58, 220, 156, 46, 110, 187, 243, 242, 30, 121, 38, 39, 137, 225, 27, 157, 190, 52, 83, 27]
BEGIN	range/1/64/2/valid
OBS	[0, 0, 0, 0, 0, 0, 0, 0, 0, 0, 0, 0, 0, 0, 0, 0, 0, 0, 0, 0, 0, 0, 0, 0, 0, 0, 0, 0, 0, 0, 0, 0]	[94, 153, 196, 209, 232, 220, 133, 183, 76, 138, 98, 117, 13, 247, 14, 9, 54, 20, 213, 107, 40, 236, 157, 185, 106, 118, 134, 155, 134, 130, 162, 27]	[22, 24, 77, 159, 157, 136, 200, 123, 98, 94, 95, 99, 141, 197, 40, 188, 253, 11, 37, 114, 124, 109, 53, 192, 9, 161, 63, 212, 168, 176, 103, 15]	[216, 44, 203, 116, 13, 212, 79, 232, 9, 220, 113, 218, 17, 145, 42, 37, 94, 61, 111, 156, 193, 161, 89, 115, 204, 174, 210, 248, 48, 58, 165, 91]
BEGIN	range/1/64/2/ip-only-response
OBS	[204, 1, 209, 63, 91, 32, 171, 227, 157, 111, 83, 42, 58, 109, 251, 218, 247, 132, 203, 139, 47, 224, 89, 196, 184, 5, 215, 56, 138, 202, 145, 43]	[94, 153, 196, 209, 232, 220, 133, 183, 76, 138, 98, 117, 13, 247, 14, 9, 54, 20, 213, 107, 40, 236, 157, 185, 106, 118, 134, 155, 134, 130, 162, 27]	[74, 190, 150, 200, 44, 90, 111, 59, 50, 246, 97, 149, 107, 174, 22, 20, 119, 147, 183, 249, 234, 43, 14, 173, 79, 132, 73, 48, 252, 1, 253, 15]	[188, 67, 81, 18, 169, 130, 112, 140, 73, 114, 85, 71, 230, 113, 129, 248, 88, 152, 106, 244, 120, 32, 118, 78, 77, 71, 19, 19, 254, 22, 250, 35]
BEGIN	range/1/64/2/wrong-domain
OBS	[182, 183, 139, 32, 115, 124, 22, 164, 97, 125, 182, 11, 55, 49, 100, 107, 192, 105, 159, 19, 98, 126, 22, 208, 211, 101, 157, 116, 57, 230, 91, 115]	[8, 225, 146, 58, 225, 247, 168, 16, 64, 165, 193, 71, 122, 177, 139, 53, 29, 249, 157, 235, 80, 190, 20, 182, 225, 218, 234, 141, 225, 207, 146, 35]	[207, 69, 238, 188, 107, 106, 22, 241, 162, 175, 185, 110, 49, 79, 118, 26, 142, 107, 56, 48, 187, 9, 202, 118, 150, 127, 175, 10, 6, 7, 96, 10]	[192, 86, 187, 190, 156, 255, 3, 6, 130, 100, 203, 33, 82, 242, 120, 94, 199, 180, 160, 244, 115, 198, 255, 29, 137, 50, 242, 28, 229, 37, 199, 75]
BEGIN	range/1/64/4/valid
OBS	[0, 0, 0, 0, 0, 0, 0, 0, 0, 0, 0, 0, 0, 0, 0, 0, 0, 0, 0, 0, 0, 0, 0, 0, 0, 0, 0, 0, 0, 0, 0, 0]	[10, 158, 140, 27, 64, 20, 99, 5, 145, 230, 252, 73, 184, 222, 232, 182, 180, 150, 65, 47, 167, 68, 209, 218, 247, 107, 108, 236, 81, 213, 120, 78]	[143, 192, 23, 235, 37, 127, 1, 92, 250, 187, 103, 19, 234, 185, 43, 46, 145, 246, 199, 65, 161, 16, 134, 107, 151, 75, 60, 138, 121, 172, 191, 3]	[240, 223, 93, 211, 51, 29, 2, 226, 70, 135, 206, 125, 96, 154, 3, 70, 211, 221, 119, 101, 132, 136, 227, 41, 225, 96, 35, 22, 233, 76, 203, 58]
BEGIN	range/1/64/4/ip-only-response
OBS	[162, 23, 110, 41, 129, 201, 147, 23, 176, 34, 49, 178, 165, 210, 12, 58, 137, 221, 41, 51, 200, 249, 191, 123, 69, 53, 92, 185, 173, 166, 64, 107]	[10, 158, 140, 27, 64, 20, 99, 5, 145, 230, 252, 73, 184, 222, 232, 182, 180, 150, 65, 47, 167, 68, 209, 218, 247, 107, 108, 236, 81, 213, 120, 78]	[149, 237, 58, 57, 97, 147, 73, 43, 60, 176, 72, 133, 20, 64, 247, 250, 180, 204, 91, 154, 239, 19, 172, 81, 22, 236, 213, 13, 224, 89, 59, 3]	[40, 116, 99, 50, 191, 66, 107, 33, 115, 246, 131, 147, 129, 228, 50, 133, 78, 42, 223, 218, 18, 183, 148, 43, 43, 19, 158, 3, 156, 121, 57, 66]
BEGIN	range/1/64/4/wrong-domain
OBS	[38, 61, 64, 119, 92, 52, 113, 27, 25, 181, 155, 253, 124, 208, 95, 91, 193, 100, 59, 177, 231, 218, 92, 81, 1, 68, 194, 117, 158, 24, 155, 51]	[186, 217, 160, 236, 244, 95, 48, 214, 114, 239, 217, 33, 98, 204, 66, 208, 102, 245, 111, 166, 155, 217, 143, 107, 114, 87, 124, 220, 11, 147, 63, 115]	[190, 13, 185, 134, 40, 90, 44, 8, 143, 140, 206, 24, 36, 120, 5, 13, 24, 223, 200, 198, 168, 254, 232, 18, 168, 41, 204, 228, 143, 249, 13, 0]	[172, 248, 42, 239, 221, 157, 111, 109, 159, 199, 59, 137, 20, 165, 108, 126, 40, 218, 33, 97, 177, 70, 59, 135, 103, 132, 247, 50, 122, 107, 126, 3]
BEGIN	range/1/64/8/valid
OBS	[0, 0, 0, 0, 0, 0, 0, 0, 0, 0, 0, 0, 0, 0, 0, 0, 0, 0, 0, 0, 0, 0, 0, 0, 0, 0, 0, 0, 0, 0, 0, 0]	[178, 41, 1, 144, 147, 151, 43, 24, 134, 230, 253, 142, 68, 78, 251, 17, 159, 180, 7, 124, 39, 37, 203, 25, 18, 22, 236, 168, 161, 173, 209, 21]	[149, 151, 129, 127, 179, 142, 17, 168, 193, 226, 149, 205, 176, 77, 91, 221, 10, 193, 136, 236, 68, 251, 16, 92, 63, 22, 87, 194, 58, 237, 22, 1]	[224, 29, 176, 151, 6, 150, 121, 19, 72, 42, 49, 229, 224, 146, 39, 220, 4, 120, 225, 212, 147, 95, 172, 46, 66, 74, 75, 219, 2, 9, 176, 10]
BEGIN	range/1/64/8/ip-only-response
OBS	[2, 91, 235, 114, 235, 94, 223, 177, 44, 145, 110, 175, 10, 203, 219, 188, 207, 149, 196, 24, 90, 110, 87, 91, 136, 52, 88, 8, 239, 6, 101, 104]	[178, 41, 1, 144, 147, 151, 43, 24, 134, 230, 253, 142, 68, 78, 251, 17, 159, 180, 7, 124, 39, 37, 203, 25, 18, 22, 236, 168, 161, 173, 209, 21]	[142, 233, 37, 220, 162, 142, 1, 201, 236, 120, 129, 48, 206, 9, 141, 241, 35, 207, 83, 184, 108, 146, 221, 13, 70, 153, 131, 145, 158, 168, 157, 11]	[174, 71, 34, 88, 3, 68, 87, 101, 198, 247, 152, 248, 165, 54, 173, 202, 26, 52, 18, 253, 178, 83, 255, 152, 10, 42, 201, 19, 116, 232, 215, 63]
BEGIN	range/1/64/8/wrong-domain
OBS	[60, 53, 115, 24, 245, 157, 176, 117, 37, 111, 245, 36, 126, 65, 84, 122, 220, 56, 255, 41, 139, 151, 243, 191, 29, 81, 12, 25, 208, 61, 152, 61]	[180, 0, 198, 139, 88, 0, 98, 70, 53, 21, 162, 118, 106, 102, 81, 168, 84, 252, 58, 210, 53, 190, 138, 44, 203, 200, 19, 58, 194, 67, 144, 31]	[20, 213, 38, 12, 184, 109, 82, 59, 58, 27, 31, 30, 193, 227, 213, 135, 124, 106, 1, 210, 38, 227, 26, 106, 95, 181, 185, 251, 253, 220, 33, 13]	[38, 122, 196, 225, 3, 42, 72, 96, 250, 159, 93, 51, 213, 73, 85, 99, 199, 215, 80, 38, 48, 186, 74, 129, 2, 222, 89, 14, 146, 147, 227, 79]
BEGIN	range/1/64/16/valid
OBS	[0, 0, 0, 0, 0, 0, 0, 0, 0, 0, 0, 0, 0, 0, 0, 0, 0, 0, 0, 0, 0, 0, 0, 0, 0, 0, 0, 0, 0, 0, 0, 0]	[48, 105, 221, 186, 52, 11, 13, 235, 147, 113, 199, 226, 76, 149, 249, 162, 60, 128, 116, 219, 137, 217, 199, 214, 78, 88, 71, 29, 149, 0, 2, 99]	[66, 84, 171, 32, 192, 97, 0, 205, 34, 103, 14, 219, 142, 75, 5, 86, 164, 111, 8, 106, 222, 170, 253, 123, 234, 53, 81, 16, 230, 103, 224, 7]	[202, 225, 235, 91, 94, 178, 26, 111, 90, 156, 161, 195, 67, 247, 83, 108, 110, 151, 55, 181, 109, 216, 177, 43, 175, 196, 170, 233, 195, 84, 71, 10]
BEGIN	range/1/64/16/ip-only-response
OBS	[32, 196, 49, 179, 236, 122, 191, 35, 207, 181, 168, 28, 242, 246, 224, 230, 130, 106, 109, 161, 114, 203, 129, 238, 46, 146, 191, 186, 122, 134, 151, 92]	[48, 105, 221, 186, 52, 11, 13, 235, 147, 113, 199, 226, 76, 149, 249, 162, 60, 128, 116, 219, 137, 217, 199, 214, 78, 88, 71, 29, 149, 0, 2, 99]	[148, 102, 232, 97, 3, 189, 102, 103, 164, 33, 76, 1, 22, 121, 154, 165, 245, 59, 56, 3, 113, 204, 64, 77, 102, 196, 208, 93, 12, 195, 110, 5]	[124, 56, 34, 251, 13, 221, 90, 13, 178, 3, 124, 34, 214, 161, 112, 29, 120, 123, 29, 119, 168, 207, 232, 207, 24, 31, 186, 195, 56, 179, 91, 84]
BEGIN	range/1/64/16/wrong-domain
OBS	[14, 130, 90, 136, 53, 88, 141, 189, 17, 145, 17, 154, 44, 249, 62, 86, 132, 160, 88, 92, 238, 77, 154, 130, 104, 0, 107, 145, 245, 249, 206, 29]	[166, 62, 87, 22, 32, 39, 93, 17, 151, 11, 211, 221, 70, 205, 90, 253, 18, 179, 93, 2, 78, 42, 245, 26, 97, 104, 83, 221, 95, 177, 10, 50]	[49, 67, 61, 243, 148, 154, 162, 7, 148, 68, 213, 12, 115, 238, 103, 147, 254, 145, 166, 211, 193, 59, 18, 163, 61, 98, 189, 221, 14, 46, 0, 0]	[32, 88, 26, 140, 61, 234, 162, 66, 255, 177, 212, 212, 167, 10, 50, 211, 38, 236, 230, 227, 162, 171, 175, 4, 243, 55, 115, 169, 243, 190, 47, 66]
BEGIN	range/1/64/32/valid
OBS	[0, 0, 0, 0, 0, 0, 0, 0, 0, 0, 0, 0, 0, 0, 0, 0, 0, 0, 0, 0, 0, 0, 0, 0, 0, 0, 0, 0, 0, 0, 0, 0]	[46, 210, 63, 0, 84, 167, 6, 77, 213, 79, 95, 206, 12, 95, 101, 174, 142, 86, 28, 55, 168, 70, 37, 87, 189, 31, 167, 148, 185, 203, 231, 28]	[2, 218, 110, 219, 3, 77, 28, 54, 122, 159, 110, 52, 41, 12, 168, 86, 70, 57, 128, 116, 217, 190, 67, 184, 251, 254, 172, 7, 244, 113, 73, 10]	[114, 70, 163, 34, 119, 49, 254, 163, 231, 37, 3, 207, 237, 254, 152, 73, 13, 67, 173, 216, 208, 165, 215, 173, 26, 7, 120, 191, 219, 172, 33, 64]
BEGIN	range/1/64/32/ip-only-response
OBS	[42, 128, 71, 204, 214, 55, 198, 159, 245, 166, 61, 86, 19, 203, 161, 159, 130, 100, 127, 71, 120, 177, 76, 74, 71, 211, 173, 227, 233, 192, 241, 76]	[46, 210, 63, 0, 84, 167, 6, 77, 213, 79, 95, 206, 12, 95, 101, 174, 142, 86, 28, 55, 168, 70, 37, 87, 189, 31, 167, 148, 185, 203, 231, 28]	[33, 160, 25, 67, 155, 16, 116, 197, 60, 151, 84, 208, 195, 81, 208, 74, 195, 209, 234, 161, 202, 236, 138, 215, 169, 72, 92, 160, 190, 98, 5, 1]	[4, 55, 73, 166, 235, 127, 230, 5, 97, 213, 185, 157, 7, 254, 94, 197, 248, 16, 97, 33, 199, 2, 38, 85, 44, 239, 15, 188, 2, 120, 168, 53]
BEGIN	range/1/64/32/wrong-domain
OBS	[250, 162, 38, 106, 5, 209, 251, 134, 13, 252, 112, 128, 212, 62, 105, 205, 17, 200, 255, 47, 222, 51, 8, 232, 25, 68, 161, 237, 143, 202, 254, 105]	[156, 150, 131, 109, 96, 217, 61, 189, 15, 120, 21, 9, 19, 178, 39, 247, 222, 115, 136, 56, 80, 34, 31, 189, 171, 7, 136, 226, 179, 6, 224, 10]	[86, 164, 122, 106, 120, 211, 143, 112, 9, 63, 78, 179, 45, 227, 39, 43, 124, 33, 103, 20, 37, 182, 164, 78, 19, 117, 117, 22, 167, 97, 32, 0]	[26, 227, 111, 215, 91, 162, 170, 33, 20, 101, 7, 23, 220, 229, 67, 77, 239, 154, 100, 145, 195, 254, 219, 40, 228, 166, 40, 151, 150, 152, 168, 101]
BEGIN	range/20260909/8/1/valid
OBS	[0, 0, 0, 0, 0, 0, 0, 0, 0, 0, 0, 0, 0, 0, 0, 0, 0, 0, 0, 0, 0, 0, 0, 0, 0, 0, 0, 0, 0, 0, 0, 0]	[46, 72, 143, 38, 21, 88, 241, 205, 162, 205, 163, 101, 33, 156, 40, 40, 172, 0, 216, 82, 143, 78, 129, 212, 40, 162, 114, 187, 105, 33, 31, 120]	[146, 201, 173, 234, 103, 47, 247, 220, 167, 12, 164, 123, 153, 85, 211, 226, 55, 144, 204, 246, 174, 116, 251, 66, 160, 130, 63, 166, 121, 162, 139, 11]	[48, 161, 86, 82, 54, 123, 185, 9, 168, 121, 49, 237, 197, 39, 232, 119, 115, 143, 137, 211, 30, 49, 93, 239, 23, 193, 202, 211, 70, 35, 26, 14]
BEGIN	range/20260909/8/1/ip-only-response
OBS	[224, 66, 132, 169, 245, 58, 59, 188, 155, 18, 123, 24, 82, 183, 4, 12, 249, 97, 33, 187, 112, 236, 139, 249, 161, 241, 15, 56, 213, 85, 245, 85]	[46, 72, 143, 38, 21, 88, 241, 205, 162, 205, 163, 101, 33, 156, 40, 40, 172, 0, 216, 82, 143, 78, 129, 212, 40, 162, 114, 187, 105, 33, 31, 120]	[47, 238, 177, 23, 206, 145, 115, 107, 12, 42, 244, 114, 132, 165, 228, 102, 250, 148, 254, 219, 237, 225, 112, 179, 108, 145, 191, 231, 131, 235, 84, 7]	[86, 124, 2, 20, 253, 217, 70, 38, 246, 28, 53, 120, 203, 138, 250, 197, 131, 154, 247, 175, 196, 109, 238, 89, 50, 125, 57, 253, 255, 241, 182, 114]
BEGIN	range/20260909/8/1/wrong-domain
OBS	[78, 123, 204, 105, 210, 89, 214, 254, 112, 204, 18, 159, 112, 24, 255, 190, 236, 116, 30, 170, 83, 138, 181, 220, 125, 194, 51, 186, 164, 11, 145, 77]	[250, 164, 149, 146, 93, 138, 98, 216, 68, 122, 180, 58, 119, 27, 196, 97, 179, 79, 162, 79, 65, 104, 193, 15, 51, 107, 71, 135, 3, 180, 87, 57]	[15, 255, 185, 96, 190, 81, 185, 16, 71, 39, 171, 248, 209, 166, 201, 177, 15, 186, 108, 220, 45, 182, 146, 161, 36, 82, 250, 78, 211, 66, 84, 8]	[214, 225, 120, 222, 57, 118, 69, 155, 28, 233, 67, 122, 232, 138, 71, 161, 219, 16, 51, 151, 224, 6, 109, 116, 13, 143, 174, 232, 147, 32, 110, 121]
BEGIN	range/20260909/8/2/valid
OBS	[0, 0, 0, 0, 0, 0, 0, 0, 0, 0, 0, 0, 0, 0, 0, 0, 0, 0, 0, 0, 0, 0, 0, 0, 0, 0, 0, 0, 0, 0, 0, 0]	[36, 16, 11, 213, 98, 180, 83, 102, 19, 85, 161, 113, 51, 235, 219, 221, 225, 172, 25, 197, 230, 172, 238, 145, 219, 152, 78, 91, 139, 246, 132, 29]	[233, 17, 42, 255, 19, 164, 92, 180, 226, 219, 43, 163, 212, 28, 172, 5, 170, 15, 198, 181, 80, 237, 224, 31, 233, 15, 197, 215, 155, 138, 53, 6]	[134, 136, 242, 79, 244, 127, 154, 124, 4, 65, 174, 208, 224, 248, 52, 169, 141, 93, 96, 220, 53, 161, 103, 139, 34, 132, 67, 140, 90, 128, 124, 83]
BEGIN	range/20260909/8/2/ip-only-response
OBS	[146, 105, 167, 111, 251, 54, 182, 231, 179, 79, 78, 166, 121, 186, 149, 197, 216, 8, 142, 26, 42, 250, 122, 221, 190, 189, 70, 126, 10, 95, 143, 17]	[36, 16, 11, 213, 98, 180, 83, 102, 19, 85, 161, 113, 51, 235, 219, 221, 225, 172, 25, 197, 230, 172, 238, 145, 219, 152, 78, 91, 139, 246, 132, 29]	[22, 143, 160, 90, 195, 159, 177, 213, 117, 121, 25, 159, 229, 216, 219, 89, 118, 242, 64, 199, 46, 90, 100, 239, 76, 221, 96, 231, 104, 46, 11, 13]	[202, 44, 123, 91, 193, 18, 252, 236, 13, 29, 56, 137, 55, 110, 191, 4, 239, 41, 122, 222, 172, 65, 164, 253, 19, 245, 209, 235, 92, 30, 222, 123]
BEGIN	range/20260909/8/2/wrong-domain
OBS	[102, 238, 33, 152, 147, 12, 33, 206, 75, 14, 96, 96, 83, 59, 15, 212, 171, 166, 222, 42, 10, 242, 140, 88, 84, 140, 243, 108, 137, 98, 172, 27]	[56, 199, 73, 47, 6, 162, 94, 150, 43, 142, 181, 232, 88, 45, 28, 170, 38, 94, 62, 233, 186, 3, 99, 224, 251, 154, 114, 123, 180, 212, 227, 69]	[190, 43, 247, 149, 204, 212, 123, 32, 78, 112, 173, 251, 6, 57, 92, 35, 247, 194, 238, 11, 50, 120, 14, 126, 52, 73, 42, 7, 83, 83, 4, 15]	[94, 226, 98, 250, 228, 16, 179, 191, 80, 50, 31, 181, 28, 12, 53, 18, 2, 88, 40, 240, 220, 234, 51, 30, 139, 228, 40, 75, 58, 187, 105, 15]
BEGIN	range/20260909/8/4/valid
OBS	[0, 0, 0, 0, 0, 0, 0, 0, 0, 0, 0, 0, 0, 0, 0, 0, 0, 0, 0, 0, 0, 0, 0, 0, 0, 0, 0, 0, 0, 0, 0, 0]	[222, 104, 158, 75, 230, 76, 90, 101, 22, 231, 99, 201, 138, 244, 61, 81, 238, 121, 184, 53, 178, 232, 36, 228, 50, 25, 12, 215, 161, 98, 240, 86]	[7, 108, 216, 225, 45, 162, 99, 149, 109, 49, 4, 178, 140, 122, 57, 235, 55, 108, 53, 211, 0, 16, 143, 213, 223, 174, 103, 227, 209, 55, 35, 15]	[170, 1, 135, 193, 210, 84, 90, 33, 241, 47, 80, 39, 118, 244, 87, 105, 171, 182, 117, 204, 74, 249, 79, 136, 5, 92, 126, 154, 53, 70, 1, 67]
BEGIN	range/20260909/8/4/ip-only-response
OBS	[114, 82, 1, 136, 3, 149, 119, 234, 182, 33, 64, 60, 41, 27, 116, 6, 53, 53, 210, 122, 143, 77, 148, 142, 64, 126, 197, 146, 119, 143, 251, 87]	[222, 104, 158, 75, 230, 76, 90, 101, 22, 231, 99, 201, 138, 244, 61, 81, 238, 121, 184, 53, 178, 232, 36, 228, 50, 25, 12, 215, 161, 98, 240, 86]	[190, 112, 28, 211, 19, 197, 18, 33, 35, 212, 73, 111, 131, 69, 132, 47, 3, 110, 229, 226, 62, 227, 230, 35, 40, 161, 44, 2, 177, 184, 75, 1]	[94, 137, 210, 126, 148, 201, 40, 152, 82, 92, 134, 248, 120, 16, 187, 95, 75, 10, 234, 93, 187, 204, 8, 87, 29, 177, 36, 71, 61, 46, 139, 126]
BEGIN	range/20260909/8/4/wrong-domain
OBS	[242, 59, 229, 246, 128, 108, 23, 254, 9, 89, 124, 179, 191, 71, 254, 209, 250, 154, 28, 132, 45, 14, 147, 243, 131, 158, 121, 199, 250, 36, 167, 66]	[120, 111, 149, 72, 29, 115, 62, 180, 47, 248, 253, 199, 197, 71, 97, 197, 150, 94, 172, 223, 127, 104, 125, 91, 139, 164, 123, 121, 4, 92, 144, 8]	[185, 138, 138, 227, 184, 65, 180, 137, 98, 143, 138, 80, 118, 112, 218, 187, 173, 251, 29, 184, 243, 237, 133, 9, 68, 105, 24, 243, 200, 154, 74, 5]	[64, 240, 80, 197, 75, 209, 157, 95, 175, 234, 121, 91, 33, 115, 250, 41, 125, 165, 86, 228, 245, 170, 140, 89, 160, 213, 110, 0, 72, 251, 164, 16]
BEGIN	range/20260909/8/8/valid
OBS	[0, 0, 0, 0, 0, 0, 0, 0, 0, 0, 0, 0, 0, 0, 0, 0, 0, 0, 0, 0, 0, 0, 0, 0, 0, 0, 0, 0, 0, 0, 0, 0]	[92, 134, 82, 29, 72, 254, 102, 38, 154, 187, 184, 44, 94, 112, 52, 54, 90, 80, 201, 31, 149, 109, 44, 88, 127, 145, 186, 25, 194, 2, 79, 26]	[105, 37, 173, 239, 252, 1, 43, 7, 179, 188, 225, 167, 221, 38, 209, 122, 25, 205, 73, 155, 227, 136, 110, 251, 21, 190, 119, 146, 177, 220, 254, 9]	[102, 222, 96, 177, 207, 135, 98, 210, 77, 148, 161, 78, 193, 30, 73, 153, 180, 238, 113, 112, 155, 95, 226, 200, 60, 17, 72, 225, 141, 200, 248, 112]
BEGIN	range/20260909/8/8/ip-only-response
OBS	[192, 253, 253, 232, 55, 52, 203, 17, 228, 11, 182, 54, 175, 100, 240, 148, 13, 198, 190, 123, 33, 216, 35, 50, 187, 253, 161, 239, 61, 221, 26, 46]	[92, 134, 82, 29, 72, 254, 102, 38, 154, 187, 184, 44, 94, 112, 52, 54, 90, 80, 201, 31, 149, 109, 44, 88, 127, 145, 186, 25, 194, 2, 79, 26]	[131, 30, 212, 123, 58, 94, 207, 21, 243, 98, 34, 187, 161, 191, 238, 98, 117, 200, 154, 203, 237, 4, 230, 34, 26, 105, 144, 159, 230, 135, 212, 7]	[226, 135, 221, 169, 231, 197, 211, 18, 127, 35, 163, 246, 170, 29, 158, 117, 190, 204, 20, 90, 106, 153, 218, 74, 93, 63, 167, 95, 96, 230, 66, 108]
BEGIN	range/20260909/8/8/wrong-domain
OBS	[142, 152, 36, 128, 107, 113, 60, 241, 164, 68, 131, 103, 118, 165, 191, 127, 16, 119, 221, 227, 187, 6, 208, 202, 211, 171, 122, 120, 214, 69, 64, 92]	[22, 74, 245, 26, 213, 64, 73, 252, 170, 115, 137, 198, 74, 3, 28, 195, 54, 161, 6, 236, 181, 178, 9, 135, 118, 241, 124, 92, 185, 195, 149, 81]	[32, 207, 136, 14, 41, 34, 94, 14, 170, 145, 106, 30, 255, 209, 214, 117, 207, 250, 91, 34, 59, 119, 20, 40, 201, 79, 64, 36, 44, 37, 32, 3]	[98, 154, 252, 229, 130, 137, 51, 144, 61, 198, 126, 248, 56, 68, 71, 244, 26, 127, 90, 130, 60, 148, 135, 195, 210, 83, 200, 135, 172, 150, 60, 50]
BEGIN	range/20260909/8/16/valid
OBS	[0, 0, 0, 0, 0, 0, 0, 0, 0, 0, 0, 0, 0, 0, 0, 0, 0, 0, 0, 0, 0, 0, 0, 0, 0, 0, 0, 0, 0, 0, 0, 0]	[228, 159, 229, 114, 184, 206, 204, 255, 229, 103, 140, 60, 53, 22, 236, 183, 132, 219, 51, 207, 43, 198, 58, 237, 57, 171, 249, 161, 205, 205, 249, 106]	[49, 123, 218, 23, 133, 17, 14, 135, 88, 114, 69, 152, 119, 106, 159, 227, 2, 249, 240, 22, 136, 52, 117, 10, 89, 21, 210, 169, 204, 250, 31, 0]	[178, 21, 135, 35, 44, 34, 79, 41, 214, 156, 190, 75, 200, 86, 130, 229, 210, 123, 43, 87, 188, 61, 179, 45, 48, 171, 107, 245, 76, 47, 108, 25]
BEGIN	range/20260909/8/16/ip-only-response
OBS	[174, 134, 64, 116, 21, 52, 81, 25, 208, 193, 68, 60, 114, 138, 250, 80, 119, 95, 42, 208, 10, 17, 24, 39, 115, 86, 18, 166, 23, 24, 192, 73]	[228, 159, 229, 114, 184, 206, 204, 255, 229, 103, 140, 60, 53, 22, 236, 183, 132, 219, 51, 207, 43, 198, 58, 237, 57, 171, 249, 161, 205, 205, 249, 106]	[170, 133, 158, 121, 146, 97, 220, 231, 195, 41, 184, 250, 157, 74, 155, 209, 159, 32, 113, 150, 252, 97, 241, 167, 184, 194, 74, 125, 100, 164, 115, 1]	[24, 148, 180, 222, 86, 223, 254, 121, 239, 30, 170, 53, 42, 178, 96, 231, 149, 176, 42, 58, 27, 23, 131, 91, 186, 186, 29, 179, 119, 252, 100, 78]
BEGIN	range/20260909/8/16/wrong-domain
OBS	[90, 86, 251, 208, 170, 77, 91, 107, 38, 106, 46, 102, 20, 201, 122, 5, 181, 169, 134, 217, 117, 26, 112, 187, 179, 160, 184, 248, 11, 140, 87, 115]	[78, 20, 139, 195, 41, 82, 82, 59, 107, 100, 174, 168, 219, 17, 221, 32, 148, 82, 150, 244, 172, 6, 5, 243, 159, 5, 252, 98, 168, 27, 234, 112]	[253, 142, 175, 184, 251, 164, 112, 222, 182, 35, 81, 10, 212, 39, 183, 72, 17, 103, 92, 13, 61, 78, 76, 126, 92, 231, 232, 188, 147, 1, 73, 3]	[38, 23, 119, 191, 142, 242, 164, 75, 60, 147, 73, 169, 0, 199, 141, 158, 149, 95, 114, 153, 190, 206, 122, 173, 242, 206, 172, 148, 62, 68, 229, 25]
BEGIN	range/20260909/8/32/valid
OBS	[0, 0, 0, 0, 0, 0, 0, 0, 0, 0, 0, 0, 0, 0, 0, 0, 0, 0, 0, 0, 0, 0, 0, 0, 0, 0, 0, 0, 0, 0, 0, 0]	[130, 196, 202, 184, 111, 244, 187, 128, 172, 16, 227, 101, 134, 193, 26, 250, 69, 99, 151, 70, 167, 117, 227, 92, 12, 100, 215, 157, 15, 121, 155, 19]	[15, 64, 29, 109, 0, 140, 128, 137, 61, 103, 223, 148, 117, 29, 140, 221, 34, 31, 120, 119, 111, 30, 137, 174, 19, 115, 112, 35, 26, 32, 117, 10]	[2, 70, 65, 91, 143, 137, 24, 175, 111, 100, 155, 64, 233, 201, 222, 25, 117, 213, 24, 175, 196, 216, 180, 239, 15, 20, 31, 35, 216, 222, 138, 57]
BEGIN	range/20260909/8/32/ip-only-response
OBS	[160, 79, 181, 215, 243, 151, 94, 37, 76, 45, 235, 72, 79, 112, 0, 96, 244, 199, 76, 189, 134, 243, 144, 67, 83, 55, 207, 71, 237, 119, 228, 14]	[130, 196, 202, 184, 111, 244, 187, 128, 172, 16, 227, 101, 134, 193, 26, 250, 69, 99, 151, 70, 167, 117, 227, 92, 12, 100, 215, 157, 15, 121, 155, 19]	[124, 120, 18, 141, 43, 34, 233, 14, 214, 233, 136, 202, 248, 183, 196, 243, 98, 201, 225, 202, 206, 93, 69, 97, 234, 196, 119, 147, 11, 176, 146, 11]	[196, 165, 191, 144, 46, 164, 127, 213, 164, 76, 6, 107, 68, 246, 72, 116, 133, 15, 96, 13, 162, 17, 194, 245, 199, 30, 243, 223, 197, 20, 207, 37]
BEGIN	range/20260909/8/32/wrong-domain
OBS	[208, 63, 151, 119, 173, 181, 91, 190, 198, 122, 233, 130, 77, 163, 19, 67, 94, 13, 49, 22, 16, 57, 214, 206, 17, 2, 133, 217, 102, 143, 129, 108]	[100, 5, 38, 85, 106, 199, 187, 242, 44, 217, 49, 97, 127, 107, 203, 48, 2, 65, 99, 35, 251, 117, 62, 229, 160, 215, 226, 34, 113, 252, 90, 54]	[248, 55, 145, 29, 153, 8, 73, 21, 151, 6, 44, 97, 46, 36, 75, 37, 142, 109, 44, 175, 107, 65, 139, 16, 68, 81, 218, 254, 83, 65, 84, 0]	[158, 116, 220, 47, 103, 249, 173, 237, 32, 183, 164, 218, 109, 18, 241, 153, 44, 196, 61, 100, 248, 38, 23, 193, 51, 216, 5, 217, 65, 67, 206, 19]
BEGIN	range/20260909/16/1/valid
OBS	[0, 0, 0, 0, 0, 0, 0, 0, 0, 0, 0, 0, 0, 0, 0, 0, 0, 0, 0, 0, 0, 0, 0, 0, 0, 0, 0, 0, 0, 0, 0, 0]	[6, 107, 41, 119, 151, 238, 104, 133, 83, 10, 12, 41, 141, 154, 98, 246, 206, 155, 132, 63, 131, 132, 219, 114, 214, 2, 114, 58, 197, 111, 178, 53]	[171, 236, 229, 182, 175, 163, 87, 241, 115, 31, 136, 165, 100, 11, 217, 106, 151, 75, 48, 247, 178, 176, 167, 229, 123, 22, 153, 99, 5, 31, 18, 2]	[0, 3, 61, 154, 214, 205, 210, 92, 127, 211, 177, 250, 7, 79, 185, 69, 100, 190, 202, 157, 165, 100, 194, 230, 209, 212, 39, 216, 218, 112, 183, 20]
BEGIN	range/20260909/16/1/ip-only-response
OBS	[212, 36, 83, 70, 25, 12, 186, 75, 60, 21, 52, 164, 146, 164, 30, 105, 47, 177, 173, 170, 16, 199, 103, 215, 212, 79, 33, 205, 235, 169, 157, 93]	[6, 107, 41, 119, 151, 238, 104, 133, 83, 10, 12, 41, 141, 154, 98, 246, 206, 155, 132, 63, 131, 132, 219, 114, 214, 2, 114, 58, 197, 111, 178, 53]	[2, 48, 231, 53, 254, 173, 148, 113, 151, 22, 12, 70, 203, 232, 205, 144, 21, 229, 25, 251, 37, 131, 16, 222, 192, 220, 173, 252, 43, 173, 186, 11]	[198, 149, 88, 19, 10, 21, 240, 165, 142, 142, 253, 229, 43, 14, 155, 252, 109, 191, 115, 11, 50, 219, 175, 190, 106, 58, 117, 117, 238, 57, 152, 29]
BEGIN	range/20260909/16/1/wrong-domain
OBS	[74, 83, 129, 81, 196, 6, 245, 239, 170, 187, 128, 103, 155, 89, 87, 81, 27, 113, 56, 97, 64, 84, 56, 51, 121, 108, 100, 172, 137, 179, 157, 4]	[8, 216, 138, 116, 96, 51, 2, 108, 211, 194, 22, 243, 100, 62, 160, 107, 177, 149, 50, 187, 42, 41, 111, 156, 200, 235, 238, 85, 86, 38, 181, 34]	[245, 107, 30, 164, 63, 80, 174, 163, 0, 103, 179, 241, 65, 226, 245, 59, 122, 98, 44, 91, 219, 229, 88, 59, 6, 220, 239, 232, 184, 240, 5, 14]	[76, 128, 10, 11, 201, 197, 241, 99, 131, 60, 173, 92, 19, 222, 229, 217, 108, 236, 179, 243, 202, 232, 166, 77, 250, 153, 82, 190, 186, 143, 50, 3]
BEGIN	range/20260909/16/2/valid
OBS	[0, 0, 0, 0, 0, 0, 0, 0, 0, 0, 0, 0, 0, 0, 0, 0, 0, 0, 0, 0, 0, 0, 0, 0, 0, 0, 0, 0, 0, 0, 0, 0]	[182, 122, 222, 120, 0, 2, 192, 137, 102, 75, 164, 91, 126, 135, 28, 33, 136, 65, 86, 118, 66, 146, 50, 30, 42, 111, 176, 34, 81, 185, 52, 14]	[47, 95, 226, 46, 67, 55, 40, 220, 240, 244, 95, 206, 214, 187, 19, 85, 37, 37, 7, 40, 200, 136, 170, 187, 237, 19, 41, 25, 72, 166, 72, 3]	[140, 135, 175, 35, 97, 88, 174, 130, 51, 182, 89, 20, 75, 60, 70, 96, 144, 42, 96, 28, 2, 203, 209, 139, 221, 140, 79, 194, 118, 255, 130, 15]
BEGIN	range/20260909/16/2/ip-only-response
OBS	[78, 6, 52, 73, 175, 231, 114, 196, 55, 168, 230, 113, 141, 100, 161, 245, 220, 161, 38, 200, 148, 225, 147, 244, 202, 59, 224, 94, 159, 106, 41, 72]	[182, 122, 222, 120, 0, 2, 192, 137, 102, 75, 164, 91, 126, 135, 28, 33, 136, 65, 86, 118, 66, 146, 50, 30, 42, 111, 176, 34, 81, 185, 52, 14]	[42, 6, 144, 37, 95, 106, 144, 8, 39, 215, 136, 116, 107, 159, 121, 202, 95, 225, 191, 32, 116, 60, 109, 4, 188, 143, 155, 80, 72, 217, 216, 10]	[190, 92, 210, 132, 114, 34, 228, 21, 203, 201, 244, 170, 59, 81, 152, 50, 193, 107, 123, 91, 200, 175, 227, 143, 21, 157, 90, 160, 57, 130, 127, 79]
BEGIN	range/20260909/16/2/wrong-domain
OBS	[188, 198, 38, 228, 243, 194, 55, 16, 103, 43, 156, 181, 43, 3, 10, 25, 219, 44, 255, 104, 44, 115, 158, 176, 101, 125, 209, 10, 216, 123, 221, 82]	[218, 32, 225, 147, 249, 95, 178, 83, 246, 235, 30, 42, 218, 230, 206, 109, 76, 47, 102, 11, 225, 5, 218, 66, 68, 157, 30, 33, 202, 134, 90, 78]	[221, 68, 26, 230, 119, 86, 151, 164, 132, 42, 85, 206, 39, 162, 211, 23, 156, 123, 183, 126, 148, 42, 109, 177, 224, 218, 132, 153, 212, 238, 84, 15]	[92, 237, 18, 40, 226, 21, 133, 241, 61, 248, 91, 170, 134, 114, 89, 173, 171, 113, 72, 0, 245, 163, 66, 39, 87, 95, 137, 140, 208, 8, 240, 114]
BEGIN	range/20260909/16/4/valid
OBS	[0, 0, 0, 0, 0, 0, 0, 0, 0, 0, 0, 0, 0, 0, 0, 0, 0, 0, 0, 0, 0, 0, 0, 0, 0, 0, 0, 0, 0, 0, 0, 0]	[66, 216, 37, 206, 147, 183, 246, 222, 221, 149, 170, 55, 45, 183, 133, 12, 173, 128, 89, 42, 61, 95, 130, 0, 119, 198, 203, 151, 232, 47, 232, 83]	[143, 25, 58, 147, 42, 24, 233, 135, 147, 88, 247, 82, 41, 118, 89, 109, 161, 37, 134, 199, 35, 216, 109, 211, 223, 208, 182, 100, 252, 86, 242, 8]	[160, 199, 252, 26, 26, 153, 169, 168, 116, 132, 99, 36, 233, 99, 217, 170, 39, 198, 245, 83, 201, 135, 26, 28, 121, 234, 161, 125, 64, 129, 9, 55]
BEGIN	range/20260909/16/4/ip-only-response
OBS	[184, 244, 29, 42, 57, 220, 49, 82, 245, 81, 76, 23, 24, 237, 75, 27, 47, 40, 250, 81, 27, 167, 42, 44, 224, 19, 128, 7, 61, 238, 204, 27]	[66, 216, 37, 206, 147, 183, 246, 222, 221, 149, 170, 55, 45, 183, 133, 12, 173, 128, 89, 42, 61, 95, 130, 0, 119, 198, 203, 151, 232, 47, 232, 83]	[1, 2, 48, 68, 102, 247, 31, 197, 165, 103, 161, 100, 196, 207, 198, 184, 105, 139, 59, 185, 178, 102, 164, 205, 74, 78, 193, 185, 199, 231, 189, 6]	[208, 227, 182, 151, 127, 248, 151, 83, 17, 223, 252, 124, 238, 85, 182, 228, 130, 43, 154, 97, 37, 159, 176, 175, 75, 93, 244, 118, 94, 105, 247, 100]
BEGIN	range/20260909/16/4/wrong-domain
OBS	[186, 244, 246, 95, 92, 80, 213, 252, 67, 204, 47, 84, 126, 51, 227, 167, 202, 251, 249, 59, 154, 116, 10, 48, 146, 191, 85, 215, 220, 190, 45, 68]	[16, 107, 64, 28, 74, 255, 202, 208, 240, 184, 63, 243, 2, 186, 15, 202, 67, 95, 167, 238, 5, 7, 255, 80, 13, 20, 186, 223, 38, 8, 82, 35]	[138, 105, 237, 193, 108, 91, 50, 125, 18, 58, 228, 89, 76, 181, 184, 148, 170, 53, 239, 164, 209, 43, 108, 192, 254, 255, 155, 135, 127, 253, 160, 0]	[126, 94, 183, 174, 228, 39, 11, 130, 219, 180, 63, 87, 107, 1, 254, 221, 143, 143, 173, 44, 222, 22, 156, 144, 52, 251, 15, 198, 170, 204, 11, 33]
BEGIN	range/20260909/16/8/valid
OBS	[0, 0, 0, 0, 0, 0, 0, 0, 0, 0, 0, 0, 0, 0, 0, 0, 0, 0, 0, 0, 0, 0, 0, 0, 0, 0, 0, 0, 0, 0, 0, 0]	[28, 175, 191, 58, 94, 29, 178, 245, 63, 252, 94, 130, 214, 151, 159, 108, 108, 174, 85, 151, 92, 184, 242, 224, 113, 156, 218, 155, 18, 41, 186, 104]	[68, 249, 116, 152, 253, 20, 24, 220, 224, 8, 115, 238, 140, 59, 39, 158, 64, 79, 130, 49, 68, 26, 195, 146, 159, 93, 5, 57, 94, 50, 228, 3]	[110, 247, 144, 34, 215, 75, 249, 81, 225, 180, 193, 164, 231, 173, 16, 22, 254, 43, 155, 219, 235, 21, 148, 102, 69, 116, 167, 122, 254, 253, 218, 82]
BEGIN	range/20260909/16/8/ip-only-response
OBS	[58, 80, 38, 14, 0, 22, 101, 21, 99, 114, 228, 179, 224, 116, 106, 139, 241, 60, 72, 136, 151, 68, 73, 238, 99, 92, 237, 39, 237, 65, 127, 65]	[28, 175, 191, 58, 94, 29, 178, 245, 63, 252, 94, 130, 214, 151, 159, 108, 108, 174, 85, 151, 92, 184, 242, 224, 113, 156, 218, 155, 18, 41, 186, 104]	[130, 140, 36, 242, 148, 61, 223, 218, 237, 4, 238, 155, 182, 34, 121, 142, 66, 89, 1, 129, 36, 8, 34, 59, 220, 231, 144, 147, 129, 65, 225, 5]	[190, 18, 50, 179, 56, 239, 137, 8, 164, 59, 210, 188, 188, 98, 124, 65, 94, 65, 215, 130, 90, 76, 215, 57, 131, 62, 41, 125, 211, 196, 16, 46]
BEGIN	range/20260909/16/8/wrong-domain
OBS	[70, 128, 199, 47, 111, 213, 199, 113, 198, 126, 165, 170, 240, 58, 52, 28, 187, 237, 141, 211, 53, 214, 157, 148, 255, 107, 224, 110, 185, 58, 13, 14]	[112, 57, 158, 154, 229, 20, 24, 192, 95, 213, 208, 210, 66, 179, 229, 23, 241, 225, 72, 44, 60, 94, 196, 32, 240, 200, 20, 168, 207, 242, 218, 12]	[98, 118, 21, 73, 66, 20, 107, 52, 199, 100, 103, 131, 149, 216, 225, 189, 98, 210, 82, 115, 16, 211, 159, 38, 198, 59, 43, 37, 50, 182, 27, 0]	[0, 170, 63, 33, 156, 216, 184, 35, 209, 198, 46, 128, 17, 136, 5, 95, 151, 27, 237, 223, 60, 151, 134, 51, 236, 188, 130, 126, 84, 18, 31, 99]
BEGIN	range/20260909/16/16/valid
OBS	[0, 0, 0, 0, 0, 0, 0, 0, 0, 0, 0, 0, 0, 0, 0, 0, 0, 0, 0, 0, 0, 0, 0, 0, 0, 0, 0, 0, 0, 0, 0, 0]	[164, 54, 62, 39, 114, 149, 187, 228, 22, 235, 128, 63, 245, 5, 147, 217, 185, 106, 24, 21, 126, 36, 56, 85, 199, 204, 6, 60, 218, 251, 118, 3]	[56, 169, 223, 214, 24, 100, 130, 89, 53, 137, 153, 7, 51, 231, 54, 209, 205, 142, 108, 82, 18, 244, 105, 109, 105, 56, 62, 134, 41, 188, 232, 5]	[164, 131, 118, 236, 152, 158, 186, 36, 123, 106, 102, 145, 166, 237, 212, 155, 224, 253, 99, 118, 94, 9, 204, 200, 49, 142, 117, 86, 148, 13, 181, 76]
BEGIN	range/20260909/16/16/ip-only-response
OBS	[200, 36, 108, 121, 137, 91, 6, 251, 116, 114, 158, 116, 141, 185, 246, 211, 253, 255, 99, 154, 96, 42, 63, 83, 110, 186, 143, 162, 74, 119, 181, 69]	[164, 54, 62, 39, 114, 149, 187, 228, 22, 235, 128, 63, 245, 5, 147, 217, 185, 106, 24, 21, 126, 36, 56, 85, 199, 204, 6, 60, 218, 251, 118, 3]	[164, 94, 119, 95, 149, 108, 199, 199, 233, 220, 171, 227, 249, 119, 91, 115, 44, 7, 79, 179, 208, 197, 25, 143, 249, 109, 211, 221, 63, 86, 4, 13]	[240, 113, 25, 248, 209, 134, 20, 10, 128, 8, 67, 197, 178, 206, 73, 139, 12, 169, 170, 157, 158, 48, 197, 58, 249, 6, 202, 100, 221, 206, 228, 67]
BEGIN	range/20260909/16/16/wrong-domain
OBS	[34, 115, 182, 148, 170, 248, 245, 95, 50, 230, 192, 241, 35, 120, 35, 116, 194, 205, 119, 129, 42, 44, 44, 62, 53, 129, 200, 64, 185, 139, 136, 28]	[190, 216, 247, 129, 162, 133, 142, 151, 151, 57, 219, 70, 166, 78, 12, 250, 76, 0, 180, 71, 25, 72, 30, 1, 114, 208, 2, 126, 127, 29, 60, 14]	[35, 229, 148, 44, 68, 141, 24, 69, 89, 244, 93, 237, 241, 56, 112, 190, 245, 180, 211, 174, 30, 86, 52, 44, 206, 82, 208, 95, 88, 123, 10, 15]	[86, 169, 219, 59, 166, 52, 21, 120, 53, 163, 105, 232, 68, 24, 69, 125, 200, 238, 25, 230, 8, 73, 138, 59, 236, 7, 189, 226, 38, 14, 77, 75]
BEGIN	range/20260909/16/32/valid
OBS	[0, 0, 0, 0, 0, 0, 0, 0, 0, 0, 0, 0, 0, 0, 0, 0, 0, 0, 0, 0, 0, 0, 0, 0, 0, 0, 0, 0, 0, 0, 0, 0]	[100, 231, 22, 194, 140, 201, 132, 227, 18, 214, 233, 86, 41, 12, 219, 212, 31, 156, 222, 81, 244, 207, 174, 52, 70, 64, 184, 33, 116, 12, 200, 52]	[64, 71, 100, 113, 121, 245, 121, 142, 211, 15, 33, 200, 57, 51, 130, 211, 135, 63, 228, 255, 76, 218, 136, 96, 125, 2, 213, 241, 48, 243, 158, 2]	[142, 166, 204, 124, 23, 150, 196, 64, 35, 82, 111, 121, 194, 174, 156, 121, 175, 96, 132, 132, 214, 105, 179, 239, 171, 165, 135, 124, 53, 9, 253, 13]
BEGIN	range/20260909/16/32/ip-only-response
OBS	[242, 124, 39, 68, 56, 6, 184, 67, 171, 127, 192, 155, 80, 84, 129, 49, 160, 235, 233, 4, 140, 119, 95, 191, 231, 156, 158, 156, 235, 147, 94, 4]	[100, 231, 22, 194, 140, 201, 132, 227, 18, 214, 233, 86, 41, 12, 219, 212, 31, 156, 222, 81, 244, 207, 174, 52, 70, 64, 184, 33, 116, 12, 200, 52]	[152, 169, 198, 220, 154, 138, 141, 98, 238, 239, 79, 102, 6, 4, 152, 128, 89, 118, 194, 225, 90, 1, 181, 232, 88, 68, 53, 117, 122, 73, 17, 11]	[216, 162, 112, 195, 24, 204, 165, 183, 137, 145, 111, 245, 179, 10, 142, 6, 38, 112, 100, 7, 170, 147, 6, 114, 210, 67, 99, 71, 71, 185, 98, 57]
BEGIN	range/20260909/16/32/wrong-domain
OBS	[172, 180, 250, 201, 156, 195, 74, 118, 87, 190, 30, 75, 108, 74, 81, 38, 81, 231, 104, 101, 173, 215, 28, 81, 32, 134, 119, 155, 195, 134, 4, 110]	[130, 97, 149, 169, 241, 188, 7, 93, 146, 9, 126, 79, 230, 138, 45, 120, 21, 28, 188, 79, 42, 131, 6, 180, 102, 94, 193, 173, 243, 138, 98, 16]	[250, 238, 105, 114, 156, 49, 92, 191, 235, 178, 0, 73, 225, 46, 138, 184, 80, 175, 243, 37, 58, 91, 103, 143, 255, 97, 82, 95, 45, 112, 159, 4]	[32, 66, 122, 194, 116, 142, 76, 231, 15, 211, 30, 234, 137, 5, 175, 115, 179, 228, 42, 115, 76, 99, 245, 100, 171, 217, 149, 40, 223, 210, 177, 57]
BEGIN	range/20260909/32/1/valid
OBS	[0, 0, 0, 0, 0, 0, 0, 0, 0, 0, 0, 0, 0, 0, 0, 0, 0, 0, 0, 0, 0, 0, 0, 0, 0, 0, 0, 0, 0, 0, 0, 0]	[78, 80, 252, 69, 50, 179, 252, 203, 140, 201, 167, 8, 41, 206, 233, 212, 80, 179, 228, 206, 113, 78, 154, 223, 20, 0, 208, 247, 35, 34, 104, 108]	[117, 251, 29, 160, 129, 25, 46, 0, 37, 12, 68, 26, 114, 174, 208, 66, 229, 101, 232, 75, 73, 107, 243, 237, 135, 255, 215, 120, 48, 52, 186, 9]	[230, 11, 165, 167, 6, 4, 100, 246, 90, 121, 253, 161, 239, 71, 80, 59, 216, 227, 208, 236, 61, 251, 234, 242, 155, 198, 176, 139, 253, 136, 239, 39]
BEGIN	range/20260909/32/1/ip-only-response
OBS	[96, 234, 213, 11, 108, 214, 0, 162, 227, 205, 105, 108, 219, 184, 147, 198, 146, 160, 39, 142, 172, 251, 171, 147, 221, 173, 132, 225, 110, 209, 97, 44]	[78, 80, 252, 69, 50, 179, 252, 203, 140, 201, 167, 8, 41, 206, 233, 212, 80, 179, 228, 206, 113, 78, 154, 223, 20, 0, 208, 247, 35, 34, 104, 108]	[190, 63, 184, 111, 167, 56, 81, 203, 234, 187, 2, 172, 114, 217, 5, 113, 189, 193, 71, 59, 53, 156, 121, 62, 73, 202, 136, 115, 230, 23, 110, 3]	[226, 57, 23, 98, 97, 209, 56, 100, 3, 106, 111, 30, 145, 56, 144, 230, 205, 223, 184, 133, 32, 133, 122, 128, 200, 154, 155, 189, 180, 58, 23, 117]
BEGIN	range/20260909/32/1/wrong-domain
OBS	[176, 30, 190, 169, 115, 203, 86, 29, 69, 227, 110, 87, 2, 253, 158, 127, 223, 192, 236, 184, 169, 214, 10, 1, 232, 255, 79, 140, 147, 73, 91, 19]	[6, 63, 49, 124, 58, 133, 137, 146, 191, 174, 239, 9, 159, 107, 173, 196, 5, 213, 252, 68, 57, 154, 78, 162, 161, 0, 43, 1, 168, 130, 84, 100]	[200, 134, 254, 81, 192, 207, 14, 85, 251, 29, 196, 189, 109, 42, 117, 61, 17, 211, 89, 144, 55, 50, 130, 169, 186, 15, 216, 253, 40, 183, 225, 3]	[20, 169, 255, 67, 129, 54, 208, 23, 72, 171, 13, 235, 110, 78, 31, 240, 140, 31, 51, 62, 228, 118, 48, 238, 197, 241, 95, 176, 184, 99, 154, 11]
BEGIN	range/20260909/32/2/valid
OBS	[0, 0, 0, 0, 0, 0, 0, 0, 0, 0, 0, 0, 0, 0, 0, 0, 0, 0, 0, 0, 0, 0, 0, 0, 0, 0, 0, 0, 0, 0, 0, 0]	[210, 135, 23, 135, 180, 67, 82, 160, 203, 126, 172, 50, 181, 156, 174, 129, 161, 127, 52, 234, 215, 173, 187, 30, 166, 109, 199, 185, 182, 69, 112, 61]	[186, 167, 126, 165, 22, 204, 162, 243, 133, 202, 185, 211, 218, 180, 194, 225, 96, 9, 93, 126, 11, 94, 251, 127, 184, 45, 175, 10, 11, 40, 165, 10]	[220, 116, 160, 140, 204, 138, 242, 46, 181, 3, 253, 22, 152, 17, 247, 112, 26, 138, 22, 252, 115, 5, 45, 58, 30, 168, 9, 148, 184, 220, 206, 58]
BEGIN	range/20260909/32/2/ip-only-response
OBS	[196, 115, 153, 214, 50, 133, 253, 163, 52, 214, 19, 50, 224, 221, 32, 201, 243, 95, 238, 23, 0, 104, 222, 195, 79, 195, 81, 20, 119, 140, 165, 84]	[210, 135, 23, 135, 180, 67, 82, 160, 203, 126, 172, 50, 181, 156, 174, 129, 161, 127, 52, 234, 215, 173, 187, 30, 166, 109, 199, 185, 182, 69, 112, 61]	[220, 198, 20, 82, 236, 96, 247, 25, 55, 207, 160, 120, 139, 234, 21, 22, 47, 236, 202, 113, 228, 218, 226, 29, 0, 60, 215, 202, 226, 96, 238, 5]	[46, 35, 107, 247, 97, 115, 251, 142, 102, 172, 6, 22, 216, 130, 77, 199, 31, 140, 56, 111, 185, 173, 241, 81, 15, 74, 251, 48, 139, 59, 190, 0]
BEGIN	range/20260909/32/2/wrong-domain
OBS	[102, 238, 113, 132, 242, 84, 255, 255, 34, 171, 12, 66, 228, 6, 204, 244, 230, 208, 89, 68, 33, 205, 75, 141, 196, 17, 176, 72, 43, 139, 113, 80]	[100, 220, 122, 139, 69, 86, 73, 131, 141, 226, 116, 187, 8, 70, 30, 83, 150, 111, 55, 32, 105, 2, 201, 172, 143, 131, 115, 179, 115, 214, 3, 95]	[14, 161, 161, 138, 1, 88, 142, 95, 67, 36, 105, 117, 241, 27, 108, 57, 198, 110, 124, 45, 166, 19, 146, 166, 38, 184, 0, 126, 221, 81, 3, 8]	[144, 255, 223, 53, 238, 133, 66, 156, 204, 123, 52, 77, 75, 149, 4, 90, 247, 160, 6, 160, 176, 20, 87, 217, 61, 68, 206, 34, 129, 135, 131, 0]
BEGIN	range/20260909/32/4/valid
OBS	[0, 0, 0, 0, 0, 0, 0, 0, 0, 0, 0, 0, 0, 0, 0, 0, 0, 0, 0, 0, 0, 0, 0, 0, 0, 0, 0, 0, 0, 0, 0, 0]	[84, 15, 135, 113, 14, 235, 127, 43, 213, 52, 247, 70, 91, 239, 224, 62, 223, 198, 10, 255, 53, 40, 46, 126, 23, 75, 69, 23, 79, 41, 240, 77]	[75, 160, 19, 208, 216, 240, 122, 137, 14, 86, 53, 7, 61, 149, 144, 223, 120, 235, 116, 122, 120, 82, 15, 125, 220, 235, 253, 179, 144, 190, 20, 0]	[150, 86, 56, 133, 106, 168, 178, 59, 75, 216, 129, 251, 127, 26, 175, 143, 78, 31, 136, 189, 199, 140, 132, 179, 32, 63, 119, 142, 127, 153, 20, 99]
BEGIN	range/20260909/32/4/ip-only-response
OBS	[102, 26, 253, 53, 64, 136, 12, 74, 50, 58, 12, 226, 241, 64, 27, 162, 33, 106, 61, 185, 136, 54, 38, 76, 99, 84, 240, 238, 2, 176, 85, 14]	[84, 15, 135, 113, 14, 235, 127, 43, 213, 52, 247, 70, 91, 239, 224, 62, 223, 198, 10, 255, 53, 40, 46, 126, 23, 75, 69, 23, 79, 41, 240, 77]	[16, 240, 42, 35, 8, 75, 213, 206, 166, 116, 160, 146, 207, 81, 16, 207, 133, 224, 12, 254, 215, 223, 62, 220, 131, 222, 87, 227, 74, 144, 228, 3]	[216, 245, 20, 37, 188, 121, 109, 144, 148, 58, 124, 220, 18, 156, 221, 128, 3, 141, 31, 220, 231, 37, 99, 102, 225, 217, 44, 57, 114, 83, 195, 36]
BEGIN	range/20260909/32/4/wrong-domain
OBS	[84, 190, 94, 223, 57, 231, 223, 249, 248, 158, 213, 103, 230, 141, 39, 57, 61, 117, 160, 43, 96, 2, 209, 219, 164, 174, 221, 128, 50, 193, 204, 97]	[74, 218, 35, 150, 88, 52, 130, 204, 230, 167, 9, 26, 193, 235, 13, 141, 240, 225, 25, 3, 11, 36, 111, 123, 219, 18, 101, 180, 66, 222, 147, 101]	[120, 175, 245, 1, 143, 105, 87, 87, 66, 45, 62, 31, 204, 196, 249, 140, 249, 227, 102, 44, 137, 125, 250, 102, 129, 96, 32, 148, 164, 168, 14, 2]	[34, 13, 210, 169, 37, 100, 95, 128, 15, 194, 25, 93, 250, 148, 186, 168, 53, 139, 124, 98, 34, 199, 62, 133, 202, 62, 144, 140, 197, 123, 213, 106]
BEGIN	range/20260909/32/8/valid
OBS	[0, 0, 0, 0, 0, 0, 0, 0, 0, 0, 0, 0, 0, 0, 0, 0, 0, 0, 0, 0, 0, 0, 0, 0, 0, 0, 0, 0, 0, 0, 0, 0]	[182, 13, 144, 209, 0, 120, 109, 0, 109, 100, 5, 207, 243, 174, 175, 142, 210, 175, 72, 149, 89, 254, 72, 184, 0, 222, 249, 188, 17, 255, 139, 108]	[75, 226, 143, 190, 53, 129, 33, 210, 70, 76, 237, 145, 75, 61, 48, 14, 135, 64, 4, 111, 156, 42, 66, 238, 248, 71, 82, 30, 162, 197, 153, 4]	[6, 8, 196, 105, 16, 72, 129, 125, 79, 58, 79, 101, 118, 173, 117, 9, 191, 130, 129, 202, 43, 7, 248, 249, 152, 178, 146, 210, 184, 168, 164, 103]
BEGIN	range/20260909/32/8/ip-only-response
OBS	[100, 213, 64, 138, 246, 133, 179, 214, 139, 96, 210, 140, 242, 8, 66, 234, 94, 146, 238, 164, 95, 41, 145, 12, 164, 171, 82, 190, 70, 121, 240, 114]	[182, 13, 144, 209, 0, 120, 109, 0, 109, 100, 5, 207, 243, 174, 175, 142, 210, 175, 72, 149, 89, 254, 72, 184, 0, 222, 249, 188, 17, 255, 139, 108]	[41, 184, 18, 127, 239, 175, 96, 145, 134, 74, 29, 155, 235, 196, 221, 239, 221, 30, 28, 8, 151, 142, 27, 0, 50, 165, 107, 207, 60, 34, 177, 11]	[102, 211, 46, 53, 60, 14, 194, 45, 109, 97, 206, 69, 193, 20, 103, 253, 79, 136, 179, 199, 125, 165, 41, 129, 17, 106, 162, 151, 10, 94, 255, 9]
BEGIN	range/20260909/32/8/wrong-domain
OBS	[4, 201, 57, 86, 84, 120, 174, 29, 132, 192, 225, 166, 245, 179, 132, 239, 87, 48, 130, 173, 160, 110, 143, 218, 46, 130, 76, 45, 130, 252, 166, 65]	[44, 233, 135, 134, 26, 136, 2, 224, 24, 10, 18, 136, 38, 117, 226, 162, 87, 38, 20, 247, 110, 218, 10, 16, 181, 136, 43, 223, 49, 75, 40, 89]	[167, 80, 49, 212, 235, 103, 127, 156, 211, 129, 66, 52, 53, 214, 13, 105, 164, 229, 168, 164, 111, 128, 118, 144, 173, 166, 253, 97, 74, 85, 127, 14]	[18, 0, 35, 94, 175, 246, 87, 87, 105, 174, 38, 122, 231, 113, 237, 45, 107, 152, 103, 81, 32, 67, 208, 245, 21, 44, 219, 46, 227, 246, 51, 126]
BEGIN	range/20260909/32/16/valid
OBS	[0, 0, 0, 0, 0, 0, 0, 0, 0, 0, 0, 0, 0, 0, 0, 0, 0, 0, 0, 0, 0, 0, 0, 0, 0, 0, 0, 0, 0, 0, 0, 0]	[178, 100, 158, 58, 215, 184, 103, 234, 112, 206, 41, 144, 185, 191, 11, 206, 187, 96, 203, 134, 142, 37, 198, 123, 42, 180, 242, 152, 211, 173, 152, 110]	[60, 217, 169, 41, 172, 131, 104, 170, 236, 120, 58, 35, 14, 58, 177, 8, 143, 225, 237, 27, 216, 104, 242, 139, 160, 2, 113, 99, 99, 128, 111, 9]	[178, 149, 167, 203, 69, 183, 30, 224, 120, 85, 73, 201, 163, 183, 166, 111, 234, 39, 0, 10, 76, 148, 174, 32, 50, 162, 37, 22, 90, 50, 208, 121]
BEGIN	range/20260909/32/16/ip-only-response
OBS	[224, 98, 123, 120, 95, 242, 220, 18, 43, 114, 91, 254, 171, 207, 214, 149, 51, 248, 134, 218, 194, 119, 23, 66, 44, 163, 83, 145, 194, 76, 249, 22]	[178, 100, 158, 58, 215, 184, 103, 234, 112, 206, 41, 144, 185, 191, 11, 206, 187, 96, 203, 134, 142, 37, 198, 123, 42, 180, 242, 152, 211, 173, 152, 110]	[166, 214, 46, 246, 235, 1, 32, 77, 228, 211, 177, 236, 221, 211, 43, 241, 71, 172, 223, 92, 107, 9, 20, 127, 51, 198, 79, 1, 46, 219, 63, 0]	[230, 147, 22, 91, 9, 90, 131, 100, 205, 97, 36, 212, 171, 113, 33, 109, 74, 193, 174, 57, 15, 228, 254, 86, 196, 202, 149, 137, 89, 137, 186, 49]
BEGIN	range/20260909/32/16/wrong-domain
OBS	[118, 124, 23, 28, 92, 224, 99, 26, 181, 97, 224, 252, 143, 15, 41, 103, 139, 206, 6, 32, 138, 184, 121, 31, 209, 16, 139, 242, 60, 123, 206, 74]	[190, 3, 125, 53, 137, 101, 181, 8, 204, 86, 77, 216, 9, 30, 192, 34, 229, 94, 179, 253, 21, 112, 230, 44, 134, 216, 163, 42, 166, 88, 114, 110]	[162, 47, 226, 125, 171, 215, 182, 101, 81, 130, 177, 144, 168, 168, 197, 23, 72, 113, 153, 245, 249, 162, 216, 50, 220, 37, 85, 142, 211, 174, 204, 11]	[0, 90, 119, 112, 173, 37, 127, 12, 109, 100, 194, 230, 0, 220, 147, 92, 157, 221, 198, 50, 152, 18, 68, 73, 224, 151, 140, 31, 139, 129, 251, 35]
BEGIN	range/20260909/32/32/valid
OBS	[0, 0, 0, 0, 0, 0, 0, 0, 0, 0, 0, 0, 0, 0, 0, 0, 0, 0, 0, 0, 0, 0, 0, 0, 0, 0, 0, 0, 0, 0, 0, 0]	[22, 63, 195, 19, 24, 38, 149, 67, 237, 191, 53, 136, 83, 125, 194, 24, 204, 7, 206, 82, 93, 124, 204, 215, 130, 123, 222, 244, 190, 44, 71, 110]	[76, 240, 207, 98, 198, 131, 193, 32, 193, 17, 124, 102, 0, 136, 139, 122, 22, 67, 130, 151, 130, 166, 119, 107, 100, 127, 191, 95, 246, 160, 82, 2]	[60, 101, 167, 4, 157, 103, 27, 114, 103, 230, 176, 112, 189, 43, 24, 136, 58, 19, 20, 190, 47, 97, 249, 48, 16, 48, 137, 118, 63, 60, 227, 58]
BEGIN	range/20260909/32/32/ip-only-response
OBS	[108, 126, 151, 69, 147, 247, 58, 97, 210, 72, 70, 54, 11, 38, 191, 166, 32, 85, 44, 190, 64, 244, 166, 158, 106, 253, 251, 153, 223, 71, 174, 55]	[22, 63, 195, 19, 24, 38, 149, 67, 237, 191, 53, 136, 83, 125, 194, 24, 204, 7, 206, 82, 93, 124, 204, 215, 130, 123, 222, 244, 190, 44, 71, 110]	[226, 28, 75, 68, 6, 1, 75, 25, 55, 75, 214, 36, 110, 27, 196, 184, 211, 166, 65, 94, 159, 156, 94, 233, 234, 28, 36, 180, 99, 218, 93, 10]	[184, 215, 133, 217, 92, 228, 139, 72, 32, 172, 160, 210, 62, 104, 17, 28, 126, 147, 242, 162, 127, 186, 1, 12, 149, 182, 60, 254, 127, 20, 240, 37]
BEGIN	range/20260909/32/32/wrong-domain
OBS	[246, 9, 203, 219, 173, 58, 250, 234, 199, 16, 145, 168, 14, 136, 85, 175, 237, 64, 239, 216, 19, 40, 149, 47, 253, 90, 187, 108, 93, 30, 173, 83]	[26, 230, 183, 245, 83, 217, 171, 26, 197, 149, 68, 138, 38, 66, 203, 50, 175, 167, 72, 82, 11, 95, 148, 249, 57, 189, 120, 220, 132, 218, 242, 90]	[98, 30, 110, 176, 113, 161, 58, 116, 215, 28, 202, 113, 23, 203, 94, 130, 64, 138, 98, 243, 12, 199, 78, 23, 40, 243, 168, 163, 248, 130, 35, 1]	[248, 229, 14, 245, 33, 20, 240, 124, 6, 208, 194, 45, 150, 126, 16, 108, 94, 158, 237, 157, 198, 65, 156, 65, 47, 40, 255, 113, 103, 207, 38, 103]
BEGIN	range/20260909/64/1/valid
OBS	[0, 0, 0, 0, 0, 0, 0, 0, 0, 0, 0, 0, 0, 0, 0, 0, 0, 0, 0, 0, 0, 0, 0, 0, 0, 0, 0, 0, 0, 0, 0, 0]	[132, 207, 60, 34, 3, 199, 177, 169, 30, 141, 40, 11, 198, 91, 207, 206, 115, 166, 104, 212, 182, 48, 234, 14, 76, 77, 211, 121, 120, 95, 197, 69]	[1, 52, 252, 77, 191, 98, 8, 141, 179, 47, 224, 39, 17, 149, 193, 115, 138, 185, 130, 181, 37, 50, 105, 180, 39, 77, 53, 79, 39, 49, 207, 2]	[214, 58, 201, 248, 101, 123, 233, 237, 44, 139, 251, 244, 154, 253, 65, 74, 150, 135, 161, 103, 185, 122, 131, 196, 22, 19, 83, 206, 109, 213, 253, 15]
BEGIN	range/20260909/64/1/ip-only-response
OBS	[98, 38, 248, 227, 234, 220, 169, 74, 67, 23, 168, 114, 247, 191, 22, 144, 241, 95, 247, 132, 176, 202, 31, 250, 29, 210, 133, 197, 85, 245, 36, 42]	[132, 207, 60, 34, 3, 199, 177, 169, 30, 141, 40, 11, 198, 91, 207, 206, 115, 166, 104, 212, 182, 48, 234, 14, 76, 77, 211, 121, 120, 95, 197, 69]	[50, 198, 142, 114, 247, 98, 33, 13, 170, 56, 102, 25, 254, 124, 43, 10, 25, 250, 54, 74, 51, 99, 182, 11, 61, 120, 125, 180, 199, 210, 103, 9]	[232, 139, 121, 102, 0, 60, 3, 73, 51, 66, 129, 147, 218, 84, 44, 238, 144, 19, 0, 182, 160, 66, 211, 125, 240, 193, 74, 219, 223, 20, 108, 125]
BEGIN	range/20260909/64/1/wrong-domain
OBS	[58, 118, 25, 9, 53, 102, 216, 180, 52, 193, 221, 3, 87, 89, 218, 7, 98, 179, 21, 62, 251, 195, 192, 118, 96, 151, 116, 243, 64, 56, 180, 80]	[240, 112, 136, 190, 181, 194, 180, 168, 158, 17, 230, 43, 154, 23, 163, 183, 229, 125, 5, 180, 1, 166, 223, 169, 68, 210, 21, 66, 86, 241, 119, 59]	[117, 223, 191, 166, 162, 15, 252, 211, 112, 178, 10, 250, 206, 248, 162, 175, 24, 97, 165, 56, 164, 99, 142, 116, 2, 83, 151, 218, 171, 95, 224, 5]	[56, 244, 215, 82, 38, 118, 90, 12, 246, 167, 66, 120, 24, 234, 16, 237, 137, 63, 76, 89, 220, 149, 210, 176, 120, 7, 158, 180, 156, 19, 230, 6]
BEGIN	range/20260909/64/2/valid
OBS	[0, 0, 0, 0, 0, 0, 0, 0, 0, 0, 0, 0, 0, 0, 0, 0, 0, 0, 0, 0, 0, 0, 0, 0, 0, 0, 0, 0, 0, 0, 0, 0]	[202, 160, 124, 7, 5, 196, 169, 173, 78, 89, 119, 172, 108, 172, 163, 96, 189, 27, 86, 98, 108, 140, 169, 180, 241, 209, 14, 2, 86, 86, 87, 5]	[17, 184, 201, 116, 142, 245, 234, 169, 132, 223, 86, 100, 77, 97, 40, 140, 159, 43, 180, 175, 108, 44, 210, 24, 153, 235, 106, 25, 77, 62, 114, 9]	[44, 55, 11, 21, 125, 242, 149, 147, 77, 39, 72, 17, 157, 53, 56, 90, 102, 67, 231, 129, 225, 198, 211, 192, 220, 151, 117, 146, 68, 41, 117, 7]
BEGIN	range/20260909/64/2/ip-only-response
OBS	[64, 240, 164, 127, 89, 18, 42, 106, 31, 143, 242, 76, 50, 226, 230, 254, 58, 181, 228, 145, 105, 199, 152, 135, 176, 49, 248, 41, 121, 72, 158, 114]	[202, 160, 124, 7, 5, 196, 169, 173, 78, 89, 119, 172, 108, 172, 163, 96, 189, 27, 86, 98, 108, 140, 169, 180, 241, 209, 14, 2, 86, 86, 87, 5]	[210, 199, 158, 26, 47, 78, 39, 31, 132, 78, 116, 124, 101, 192, 167, 39, 136, 70, 225, 203, 177, 33, 202, 199, 191, 212, 87, 150, 99, 117, 92, 4]	[240, 96, 25, 104, 172, 92, 57, 6, 40, 211, 122, 236, 157, 106, 110, 42, 120, 75, 169, 114, 143, 23, 147, 11, 61, 188, 228, 63, 232, 190, 135, 109]
BEGIN	range/20260909/64/2/wrong-domain
OBS	[242, 190, 161, 19, 180, 112, 200, 107, 36, 17, 203, 107, 189, 254, 181, 44, 29, 139, 114, 175, 219, 212, 51, 222, 124, 91, 238, 190, 152, 205, 52, 49]	[126, 77, 27, 151, 4, 4, 116, 110, 34, 184, 104, 154, 213, 177, 195, 169, 186, 62, 50, 31, 194, 228, 82, 4, 69, 56, 1, 116, 4, 105, 69, 21]	[10, 78, 105, 90, 92, 108, 97, 245, 21, 182, 130, 205, 92, 5, 44, 121, 85, 13, 237, 181, 120, 86, 187, 41, 203, 242, 142, 172, 165, 44, 154, 10]	[188, 204, 89, 9, 220, 21, 19, 65, 127, 164, 113, 174, 213, 162, 24, 187, 254, 230, 141, 135, 46, 208, 180, 114, 60, 137, 140, 47, 158, 216, 169, 78]
BEGIN	range/20260909/64/4/valid
OBS	[0, 0, 0, 0, 0, 0, 0, 0, 0, 0, 0, 0, 0, 0, 0, 0, 0, 0, 0, 0, 0, 0, 0, 0, 0, 0, 0, 0, 0, 0, 0, 0]	[166, 121, 174, 36, 46, 124, 130, 125, 147, 77, 254, 232, 39, 27, 97, 158, 88, 155, 30, 87, 89, 225, 107, 162, 91, 38, 218, 71, 134, 144, 61, 9]	[82, 238, 254, 239, 51, 223, 160, 21, 167, 67, 33, 114, 210, 66, 16, 249, 99, 180, 88, 3, 33, 212, 48, 92, 117, 83, 15, 235, 65, 209, 221, 3]	[200, 110, 38, 67, 255, 119, 47, 42, 157, 1, 123, 254, 73, 202, 218, 140, 188, 4, 198, 173, 234, 87, 162, 176, 78, 209, 89, 41, 29, 205, 102, 49]
BEGIN	range/20260909/64/4/ip-only-response
OBS	[88, 20, 62, 132, 167, 99, 205, 71, 139, 80, 187, 65, 144, 100, 227, 180, 81, 200, 185, 137, 57, 143, 51, 170, 79, 139, 154, 142, 247, 161, 242, 3]	[166, 121, 174, 36, 46, 124, 130, 125, 147, 77, 254, 232, 39, 27, 97, 158, 88, 155, 30, 87, 89, 225, 107, 162, 91, 38, 218, 71, 134, 144, 61, 9]	[189, 1, 34, 172, 19, 52, 207, 101, 229, 248, 1, 48, 248, 203, 19, 107, 48, 195, 26, 148, 144, 176, 86, 171, 230, 173, 138, 9, 177, 15, 147, 12]	[38, 52, 172, 173, 107, 218, 224, 170, 71, 40, 228, 239, 61, 213, 35, 137, 174, 100, 38, 242, 144, 5, 146, 58, 225, 249, 214, 102, 186, 149, 209, 28]
BEGIN	range/20260909/64/4/wrong-domain
OBS	[36, 223, 82, 167, 196, 38, 9, 87, 66, 227, 102, 57, 108, 26, 111, 234, 134, 209, 148, 79, 155, 226, 27, 44, 190, 200, 118, 132, 248, 217, 89, 123]	[246, 73, 139, 100, 251, 172, 185, 215, 106, 62, 112, 178, 240, 12, 125, 213, 201, 210, 197, 13, 117, 127, 206, 35, 48, 80, 29, 219, 189, 56, 232, 1]	[255, 131, 172, 63, 237, 222, 116, 140, 44, 188, 37, 138, 177, 237, 197, 126, 14, 100, 103, 80, 187, 117, 199, 57, 132, 38, 11, 236, 26, 74, 54, 2]	[60, 46, 223, 135, 208, 162, 160, 5, 170, 92, 128, 212, 39, 204, 77, 186, 26, 91, 253, 102, 55, 190, 169, 98, 121, 94, 231, 6, 246, 88, 10, 47]
BEGIN	range/20260909/64/8/valid
OBS	[0, 0, 0, 0, 0, 0, 0, 0, 0, 0, 0, 0, 0, 0, 0, 0, 0, 0, 0, 0, 0, 0, 0, 0, 0, 0, 0, 0, 0, 0, 0, 0]	[10, 165, 16, 6, 2, 247, 225, 34, 175, 31, 66, 65, 66, 228, 63, 177, 217, 176, 86, 6, 208, 25, 232, 172, 9, 191, 226, 133, 1, 157, 156, 124]	[2, 8, 122, 211, 44, 155, 48, 126, 143, 82, 250, 122, 135, 108, 31, 130, 73, 95, 87, 120, 221, 231, 180, 202, 52, 229, 56, 208, 170, 156, 146, 4]	[184, 201, 120, 13, 23, 58, 253, 63, 33, 173, 31, 29, 212, 175, 197, 116, 53, 128, 84, 209, 97, 79, 124, 173, 113, 183, 80, 228, 125, 60, 232, 77]
BEGIN	range/20260909/64/8/ip-only-response
OBS	[170, 9, 254, 63, 35, 191, 102, 24, 242, 106, 47, 65, 33, 106, 172, 29, 121, 158, 108, 68, 82, 110, 222, 57, 152, 122, 112, 249, 59, 29, 12, 0]	[10, 165, 16, 6, 2, 247, 225, 34, 175, 31, 66, 65, 66, 228, 63, 177, 217, 176, 86, 6, 208, 25, 232, 172, 9, 191, 226, 133, 1, 157, 156, 124]	[65, 32, 250, 236, 246, 71, 79, 236, 131, 157, 193, 206, 98, 183, 112, 138, 128, 240, 170, 70, 150, 60, 2, 188, 89, 167, 226, 112, 113, 183, 206, 8]	[194, 175, 251, 147, 125, 22, 16, 59, 229, 57, 234, 62, 182, 53, 126, 209, 70, 17, 253, 141, 81, 32, 14, 137, 70, 60, 212, 254, 108, 49, 139, 59]
BEGIN	range/20260909/64/8/wrong-domain
OBS	[104, 99, 97, 16, 116, 143, 228, 54, 68, 126, 51, 43, 243, 127, 82, 240, 234, 206, 17, 230, 27, 56, 228, 33, 194, 36, 156, 78, 126, 16, 105, 101]	[158, 106, 133, 18, 24, 32, 190, 205, 40, 107, 240, 138, 110, 74, 228, 74, 232, 254, 74, 167, 13, 111, 249, 149, 175, 86, 2, 69, 52, 120, 6, 55]	[33, 103, 59, 185, 128, 6, 223, 169, 0, 25, 122, 69, 252, 50, 98, 161, 96, 178, 73, 61, 241, 141, 184, 193, 191, 66, 203, 193, 92, 120, 227, 4]	[38, 59, 42, 34, 144, 49, 202, 242, 182, 162, 214, 235, 229, 238, 207, 53, 86, 103, 203, 42, 239, 213, 124, 156, 222, 124, 68, 101, 66, 21, 85, 3]
BEGIN	range/20260909/64/16/valid
OBS	[0, 0, 0, 0, 0, 0, 0, 0, 0, 0, 0, 0, 0, 0, 0, 0, 0, 0, 0, 0, 0, 0, 0, 0, 0, 0, 0, 0, 0, 0, 0, 0]	[208, 165, 86, 90, 32, 202, 234, 228, 232, 233, 16, 82, 19, 198, 231, 136, 248, 25, 51, 95, 153, 61, 152, 48, 7, 46, 31, 70, 243, 47, 91, 119]	[66, 88, 116, 155, 150, 58, 190, 165, 93, 114, 218, 47, 139, 225, 35, 60, 215, 57, 60, 229, 79, 91, 248, 240, 121, 168, 35, 124, 37, 106, 78, 12]	[12, 193, 237, 94, 181, 90, 235, 36, 186, 165, 45, 169, 21, 79, 0, 146, 109, 171, 153, 198, 156, 171, 14, 63, 61, 179, 24, 139, 11, 134, 148, 110]
BEGIN	range/20260909/64/16/ip-only-response
OBS	[242, 67, 252, 98, 197, 62, 250, 161, 174, 165, 96, 176, 32, 181, 134, 207, 99, 34, 242, 92, 93, 155, 215, 219, 242, 157, 166, 165, 187, 90, 207, 95]	[208, 165, 86, 90, 32, 202, 234, 228, 232, 233, 16, 82, 19, 198, 231, 136, 248, 25, 51, 95, 153, 61, 152, 48, 7, 46, 31, 70, 243, 47, 91, 119]	[161, 206, 174, 47, 237, 16, 250, 30, 58, 114, 191, 161, 96, 81, 73, 19, 206, 2, 179, 0, 93, 193, 134, 180, 232, 234, 118, 140, 166, 175, 164, 9]	[244, 131, 143, 38, 126, 227, 77, 232, 132, 214, 180, 52, 169, 150, 190, 32, 30, 85, 220, 68, 227, 138, 204, 154, 124, 26, 25, 187, 176, 182, 22, 101]
BEGIN	range/20260909/64/16/wrong-domain
OBS	[224, 241, 16, 11, 180, 159, 139, 90, 166, 194, 138, 115, 142, 117, 136, 51, 126, 63, 12, 200, 219, 255, 150, 68, 203, 61, 206, 78, 185, 253, 14, 56]	[162, 14, 13, 65, 242, 70, 167, 112, 184, 50, 139, 36, 87, 35, 106, 65, 3, 204, 77, 213, 23, 88, 170, 137, 101, 110, 241, 154, 212, 12, 128, 122]	[100, 145, 177, 50, 233, 162, 94, 138, 46, 196, 233, 11, 82, 122, 202, 68, 68, 96, 228, 150, 212, 23, 218, 127, 123, 29, 26, 111, 144, 200, 57, 3]	[246, 176, 186, 158, 122, 181, 33, 214, 64, 158, 241, 79, 79, 181, 142, 159, 115, 173, 17, 172, 36, 209, 27, 86, 163, 156, 10, 204, 63, 40, 228, 71]
BEGIN	range/20260909/64/32/valid
OBS	[0, 0, 0, 0, 0, 0, 0, 0, 0, 0, 0, 0, 0, 0, 0, 0, 0, 0, 0, 0, 0, 0, 0, 0, 0, 0, 0, 0, 0, 0, 0, 0]	[216, 82, 66, 198, 154, 106, 242, 192, 106, 128, 18, 86, 75, 130, 118, 114, 7, 115, 3, 115, 179, 230, 44, 154, 229, 60, 58, 177, 0, 126, 80, 27]	[64, 126, 68, 226, 42, 220, 74, 126, 4, 180, 170, 96, 194, 23, 133, 130, 156, 224, 93, 252, 219, 218, 24, 85, 88, 231, 207, 177, 247, 156, 52, 5]	[134, 244, 14, 159, 50, 227, 215, 40, 122, 122, 96, 13, 42, 145, 214, 60, 98, 89, 50, 1, 26, 219, 18, 182, 221, 227, 191, 123, 227, 35, 251, 64]
BEGIN	range/20260909/64/32/ip-only-response
OBS	[130, 155, 188, 73, 106, 27, 46, 170, 194, 199, 199, 117, 144, 97, 35, 242, 87, 97, 60, 208, 100, 153, 151, 134, 225, 97, 97, 137, 60, 26, 124, 58]	[216, 82, 66, 198, 154, 106, 242, 192, 106, 128, 18, 86, 75, 130, 118, 114, 7, 115, 3, 115, 179, 230, 44, 154, 229, 60, 58, 177, 0, 126, 80, 27]	[102, 194, 219, 112, 128, 35, 168, 252, 2, 48, 159, 178, 240, 131, 255, 7, 152, 229, 176, 234, 141, 208, 16, 102, 206, 171, 43, 250, 53, 96, 159, 3]	[144, 82, 40, 226, 5, 60, 217, 22, 119, 79, 158, 65, 85, 89, 19, 170, 207, 36, 54, 107, 10, 21, 157, 152, 35, 106, 81, 11, 225, 88, 160, 106]
BEGIN	range/20260909/64/32/wrong-domain
OBS	[196, 83, 88, 84, 198, 159, 40, 253, 13, 10, 222, 103, 116, 250, 77, 193, 176, 65, 13, 55, 12, 129, 13, 122, 195, 241, 88, 86, 87, 151, 152, 55]	[152, 49, 160, 39, 187, 208, 1, 139, 153, 69, 255, 212, 66, 61, 150, 163, 39, 217, 234, 66, 216, 169, 143, 171, 76, 243, 250, 127, 159, 202, 226, 58]	[163, 206, 25, 62, 193, 30, 95, 125, 165, 255, 248, 110, 119, 158, 94, 188, 27, 224, 196, 90, 226, 111, 199, 153, 213, 153, 40, 101, 162, 185, 187, 2]	[48, 149, 84, 39, 122, 90, 78, 66, 70, 112, 185, 252, 56, 114, 87, 38, 60, 194, 126, 151, 75, 83, 228, 211, 203, 104, 64, 235, 247, 95, 49, 105]
