SOURCE_COMMIT da56a7a9b6345b72e0d7ebcc33dd1911aaa354ee
CAPACITY_SCOPE filesystem available bytes; outer readiness invocation only, not per-child start/end
CAPACITY_START
Filesystem                            1B-blocks         Used    Available Use% Mounted on
/dev/mapper/ubuntu--vg-ubuntu--lv 1004298338304 592676003840 369673994240  62% /

READINESS_OUTPUT
Internal ctest changing into directory: /tmp/uno-merge-6ea2fbf80-tL5Uih
UpdateCTestConfiguration  from :/tmp/uno-merge-6ea2fbf80-tL5Uih/DartConfiguration.tcl
UpdateCTestConfiguration  from :/tmp/uno-merge-6ea2fbf80-tL5Uih/DartConfiguration.tcl
Test project /tmp/uno-merge-6ea2fbf80-tL5Uih
Constructing a list of tests
Done constructing a list of tests
Updating test list for fixtures
Added 0 tests to meet fixture requirements
Checking test dependency graph...
Checking test dependency graph end
test 19
    Start 19: test-workchain-withdrawal-completion-row6

19: Test command: /home/tomi/.local/bin/python3 "/home/tomi/tos/test/uno-m3-live.py" "--build" "/tmp/uno-merge-6ea2fbf80-tL5Uih" "--completion-contract" "row6"
19: Test timeout computed to be: 1800
19: COMPLETION_RUN:/tmp/uno-completion-bucket-wawvn5jk
19: [0m[ 4][t 0][2026-09-12 14:16:29.500977554][mc-config.cpp:572]	workchain description dictionary created[0m
19: [0m[ 4][t 0][2026-09-12 14:16:29.501194718][mc-config.cpp:2347]	unpacked info for workchain 0: basic=true, active=true, accept_msgs=true, min_split=1, max_split=1[0m
19: [0m[ 4][t 0][2026-09-12 14:16:29.501209190][mc-config.cpp:2347]	unpacked info for workchain 2: basic=true, active=true, accept_msgs=true, min_split=0, max_split=0[0m
19: [0m[ 4][t 0][2026-09-12 14:16:29.501246686][transaction.cpp:622]	unpacking account 1111111111111111111111111111111111111111111111111111111111111111[0m
19: [0m[ 4][t 0][2026-09-12 14:16:29.501271339][transaction.cpp:455]	last_paid=0; cells=24 bits=7202[0m
19: [0m[ 4][t 0][2026-09-12 14:16:29.501286900][transaction.cpp:685]	end of Account.unpack() for 2:1111111111111111111111111111111111111111111111111111111111111111 (balance = 0ng ; last_trans_lt = 96000001..96000002)[0m
19: [0m[ 4][t 0][2026-09-12 14:16:29.501535165][transaction.cpp:622]	unpacking account 0000000000000000000000000000000000000000000000000000000000000000[0m
19: [0m[ 4][t 0][2026-09-12 14:16:29.501545426][transaction.cpp:455]	last_paid=0; cells=6 bits=966[0m
19: [0m[ 4][t 0][2026-09-12 14:16:29.501551682][transaction.cpp:685]	end of Account.unpack() for 2:0000000000000000000000000000000000000000000000000000000000000000 (balance = 21003000750ng ; last_trans_lt = 96000001..96000002)[0m
19: [0m[ 4][t 0][2026-09-12 14:16:29.501562591][transaction.cpp:622]	unpacking account FFFFFFFFFFFFFFFFFFFFFFFFFFFFFFFFFFFFFFFFFFFFFFFFFFFFFFFFFFFFFFFF[0m
19: [0m[ 4][t 0][2026-09-12 14:16:29.501569044][transaction.cpp:455]	last_paid=0; cells=3 bits=124[0m
19: [0m[ 4][t 0][2026-09-12 14:16:29.501575157][transaction.cpp:685]	end of Account.unpack() for 2:FFFFFFFFFFFFFFFFFFFFFFFFFFFFFFFFFFFFFFFFFFFFFFFFFFFFFFFFFFFFFFFF (balance = 989998655ng ; last_trans_lt = 96000001..96000003)[0m
19: [0m[ 4][t 0][2026-09-12 14:16:29.504055105][transaction.cpp:622]	unpacking account 1111111111111111111111111111111111111111111111111111111111111111[0m
19: [0m[ 4][t 0][2026-09-12 14:16:29.504068449][transaction.cpp:455]	last_paid=0; cells=24 bits=7202[0m
19: [0m[ 4][t 0][2026-09-12 14:16:29.504074393][transaction.cpp:685]	end of Account.unpack() for 2:1111111111111111111111111111111111111111111111111111111111111111 (balance = 0ng ; last_trans_lt = 96000001..96000002)[0m
19: [0m[ 4][t 0][2026-09-12 14:16:31.593204462][transaction.cpp:622]	unpacking account 2222222222222222222222222222222222222222222222222222222222222222[0m
19: [0m[ 4][t 0][2026-09-12 14:16:31.593231531][transaction.cpp:455]	last_paid=0; cells=10 bits=3308[0m
19: [0m[ 4][t 0][2026-09-12 14:16:31.593236835][transaction.cpp:685]	end of Account.unpack() for 2:2222222222222222222222222222222222222222222222222222222222222222 (balance = 0ng ; last_trans_lt = 8000001..8000002)[0m
19: [0m[ 4][t 0][2026-09-12 14:16:32.604089269][transaction.cpp:622]	unpacking account 0000000000000000000000000000000000000000000000000000000000000000[0m
19: [0m[ 4][t 0][2026-09-12 14:16:32.604111840][transaction.cpp:455]	last_paid=0; cells=6 bits=966[0m
19: [0m[ 4][t 0][2026-09-12 14:16:32.604116344][transaction.cpp:685]	end of Account.unpack() for 2:0000000000000000000000000000000000000000000000000000000000000000 (balance = 21006000750ng ; last_trans_lt = 100000001..100000002)[0m
19: [0m[ 4][t 0][2026-09-12 14:16:32.604125636][transaction.cpp:622]	unpacking account FFFFFFFFFFFFFFFFFFFFFFFFFFFFFFFFFFFFFFFFFFFFFFFFFFFFFFFFFFFFFFFF[0m
19: [0m[ 4][t 0][2026-09-12 14:16:32.604132929][transaction.cpp:455]	last_paid=0; cells=3 bits=124[0m
19: [0m[ 4][t 0][2026-09-12 14:16:32.604135728][transaction.cpp:685]	end of Account.unpack() for 2:FFFFFFFFFFFFFFFFFFFFFFFFFFFFFFFFFFFFFFFFFFFFFFFFFFFFFFFFFFFFFFFF (balance = 996994717ng ; last_trans_lt = 100000001..100000002)[0m
19: [0m[ 4][t 0][2026-09-12 14:16:32.606847249][transaction.cpp:622]	unpacking account 1111111111111111111111111111111111111111111111111111111111111111[0m
19: [0m[ 4][t 0][2026-09-12 14:16:32.606858515][transaction.cpp:455]	last_paid=0; cells=25 bits=8140[0m
19: [0m[ 4][t 0][2026-09-12 14:16:32.606862855][transaction.cpp:685]	end of Account.unpack() for 2:1111111111111111111111111111111111111111111111111111111111111111 (balance = 0ng ; last_trans_lt = 100000001..100000002)[0m
19: [0m[ 4][t 0][2026-09-12 14:16:35.151317262][transaction.cpp:622]	unpacking account 2222222222222222222222222222222222222222222222222222222222222222[0m
19: [0m[ 4][t 0][2026-09-12 14:16:35.151345231][transaction.cpp:455]	last_paid=0; cells=10 bits=3308[0m
19: [0m[ 4][t 0][2026-09-12 14:16:35.151350218][transaction.cpp:685]	end of Account.unpack() for 2:2222222222222222222222222222222222222222222222222222222222222222 (balance = 0ng ; last_trans_lt = 8000001..8000002)[0m
19: [0m[ 4][t 0][2026-09-12 14:16:36.149812018][transaction.cpp:622]	unpacking account FFFFFFFFFFFFFFFFFFFFFFFFFFFFFFFFFFFFFFFFFFFFFFFFFFFFFFFFFFFFFFFF[0m
19: [0m[ 4][t 0][2026-09-12 14:16:36.149827625][transaction.cpp:455]	last_paid=0; cells=3 bits=124[0m
19: [0m[ 4][t 0][2026-09-12 14:16:36.149832461][transaction.cpp:685]	end of Account.unpack() for 2:FFFFFFFFFFFFFFFFFFFFFFFFFFFFFFFFFFFFFFFFFFFFFFFFFFFFFFFFFFFFFFFF (balance = 996994717ng ; last_trans_lt = 100000001..100000002)[0m
19: [0m[ 4][t 0][2026-09-12 14:16:36.164963984][mc-config.cpp:572]	workchain description dictionary created[0m
19: [0m[ 4][t 0][2026-09-12 14:16:36.165168570][mc-config.cpp:2347]	unpacked info for workchain 0: basic=true, active=true, accept_msgs=true, min_split=1, max_split=1[0m
19: [0m[ 4][t 0][2026-09-12 14:16:36.165180565][mc-config.cpp:2347]	unpacked info for workchain 2: basic=true, active=true, accept_msgs=true, min_split=0, max_split=0[0m
19: [0m[ 4][t 0][2026-09-12 14:16:36.165237157][transaction.cpp:622]	unpacking account 1111111111111111111111111111111111111111111111111111111111111111[0m
19: [0m[ 4][t 0][2026-09-12 14:16:36.165268523][transaction.cpp:455]	last_paid=0; cells=28 bits=8338[0m
19: [0m[ 4][t 0][2026-09-12 14:16:36.165284333][transaction.cpp:685]	end of Account.unpack() for 2:1111111111111111111111111111111111111111111111111111111111111111 (balance = 0ng ; last_trans_lt = 98000001..98000002)[0m
19: [0m[ 4][t 0][2026-09-12 14:16:36.165543960][transaction.cpp:622]	unpacking account 0000000000000000000000000000000000000000000000000000000000000000[0m
19: [0m[ 4][t 0][2026-09-12 14:16:36.165553997][transaction.cpp:455]	last_paid=0; cells=6 bits=966[0m
19: [0m[ 4][t 0][2026-09-12 14:16:36.165560974][transaction.cpp:685]	end of Account.unpack() for 2:0000000000000000000000000000000000000000000000000000000000000000 (balance = 21003001000ng ; last_trans_lt = 98000001..98000002)[0m
19: [0m[ 4][t 0][2026-09-12 14:16:36.165571780][transaction.cpp:622]	unpacking account FFFFFFFFFFFFFFFFFFFFFFFFFFFFFFFFFFFFFFFFFFFFFFFFFFFFFFFFFFFFFFFF[0m
19: [0m[ 4][t 0][2026-09-12 14:16:36.165577558][transaction.cpp:455]	last_paid=0; cells=3 bits=124[0m
19: [0m[ 4][t 0][2026-09-12 14:16:36.165582332][transaction.cpp:685]	end of Account.unpack() for 2:FFFFFFFFFFFFFFFFFFFFFFFFFFFFFFFFFFFFFFFFFFFFFFFFFFFFFFFFFFFFFFFF (balance = 989998161ng ; last_trans_lt = 98000001..98000003)[0m
19: [0m[ 4][t 0][2026-09-12 14:16:36.168470144][transaction.cpp:622]	unpacking account 1111111111111111111111111111111111111111111111111111111111111111[0m
19: [0m[ 4][t 0][2026-09-12 14:16:36.168481815][transaction.cpp:455]	last_paid=0; cells=28 bits=8338[0m
19: [0m[ 4][t 0][2026-09-12 14:16:36.168488496][transaction.cpp:685]	end of Account.unpack() for 2:1111111111111111111111111111111111111111111111111111111111111111 (balance = 0ng ; last_trans_lt = 98000001..98000002)[0m
19: [0m[ 4][t 0][2026-09-12 14:16:37.980166467][transaction.cpp:622]	unpacking account 2222222222222222222222222222222222222222222222222222222222222222[0m
19: [0m[ 4][t 0][2026-09-12 14:16:37.980191487][transaction.cpp:455]	last_paid=0; cells=10 bits=3308[0m
19: [0m[ 4][t 0][2026-09-12 14:16:37.980196106][transaction.cpp:685]	end of Account.unpack() for 2:2222222222222222222222222222222222222222222222222222222222222222 (balance = 0ng ; last_trans_lt = 8000001..8000002)[0m
19: [0m[ 4][t 0][2026-09-12 14:16:39.026605916][transaction.cpp:622]	unpacking account 0000000000000000000000000000000000000000000000000000000000000000[0m
19: [0m[ 4][t 0][2026-09-12 14:16:39.026632379][transaction.cpp:455]	last_paid=0; cells=6 bits=966[0m
19: [0m[ 4][t 0][2026-09-12 14:16:39.026638541][transaction.cpp:685]	end of Account.unpack() for 2:0000000000000000000000000000000000000000000000000000000000000000 (balance = 21006001000ng ; last_trans_lt = 102000001..102000002)[0m
19: [0m[ 4][t 0][2026-09-12 14:16:39.026650440][transaction.cpp:622]	unpacking account FFFFFFFFFFFFFFFFFFFFFFFFFFFFFFFFFFFFFFFFFFFFFFFFFFFFFFFFFFFFFFFF[0m
19: [0m[ 4][t 0][2026-09-12 14:16:39.026656853][transaction.cpp:455]	last_paid=0; cells=3 bits=124[0m
19: [0m[ 4][t 0][2026-09-12 14:16:39.026660836][transaction.cpp:685]	end of Account.unpack() for 2:FFFFFFFFFFFFFFFFFFFFFFFFFFFFFFFFFFFFFFFFFFFFFFFFFFFFFFFFFFFFFFFF (balance = 996994223ng ; last_trans_lt = 102000001..102000002)[0m
19: [0m[ 4][t 0][2026-09-12 14:16:39.029969593][transaction.cpp:622]	unpacking account 1111111111111111111111111111111111111111111111111111111111111111[0m
19: [0m[ 4][t 0][2026-09-12 14:16:39.029987056][transaction.cpp:455]	last_paid=0; cells=29 bits=9277[0m
19: [0m[ 4][t 0][2026-09-12 14:16:39.029991258][transaction.cpp:685]	end of Account.unpack() for 2:1111111111111111111111111111111111111111111111111111111111111111 (balance = 0ng ; last_trans_lt = 102000001..102000002)[0m
19: [0m[ 4][t 0][2026-09-12 14:16:41.560591503][transaction.cpp:622]	unpacking account 2222222222222222222222222222222222222222222222222222222222222222[0m
19: [0m[ 4][t 0][2026-09-12 14:16:41.560613172][transaction.cpp:455]	last_paid=0; cells=10 bits=3308[0m
19: [0m[ 4][t 0][2026-09-12 14:16:41.560617535][transaction.cpp:685]	end of Account.unpack() for 2:2222222222222222222222222222222222222222222222222222222222222222 (balance = 0ng ; last_trans_lt = 8000001..8000002)[0m
19: [0m[ 4][t 0][2026-09-12 14:16:42.575070802][transaction.cpp:622]	unpacking account FFFFFFFFFFFFFFFFFFFFFFFFFFFFFFFFFFFFFFFFFFFFFFFFFFFFFFFFFFFFFFFF[0m
19: [0m[ 4][t 0][2026-09-12 14:16:42.575084310][transaction.cpp:455]	last_paid=0; cells=3 bits=124[0m
19: [0m[ 4][t 0][2026-09-12 14:16:42.575088495][transaction.cpp:685]	end of Account.unpack() for 2:FFFFFFFFFFFFFFFFFFFFFFFFFFFFFFFFFFFFFFFFFFFFFFFFFFFFFFFFFFFFFFFF (balance = 996994223ng ; last_trans_lt = 102000001..102000002)[0m
19: [0m[ 4][t 0][2026-09-12 14:17:17.842599404][mc-config.cpp:572]	workchain description dictionary created[0m
19: [0m[ 4][t 0][2026-09-12 14:17:17.842723733][mc-config.cpp:2347]	unpacked info for workchain 0: basic=true, active=true, accept_msgs=true, min_split=1, max_split=1[0m
19: [0m[ 4][t 0][2026-09-12 14:17:17.842728567][mc-config.cpp:2347]	unpacked info for workchain 2: basic=true, active=true, accept_msgs=true, min_split=0, max_split=0[0m
19: [0m[ 4][t 0][2026-09-12 14:17:17.842777346][transaction.cpp:622]	unpacking account 1111111111111111111111111111111111111111111111111111111111111111[0m
19: [0m[ 4][t 0][2026-09-12 14:17:17.842811302][transaction.cpp:455]	last_paid=0; cells=28 bits=8338[0m
19: [0m[ 4][t 0][2026-09-12 14:17:17.842821139][transaction.cpp:685]	end of Account.unpack() for 2:1111111111111111111111111111111111111111111111111111111111111111 (balance = 0ng ; last_trans_lt = 98000001..98000002)[0m
19: [0m[ 4][t 0][2026-09-12 14:17:17.842993940][transaction.cpp:622]	unpacking account 0000000000000000000000000000000000000000000000000000000000000000[0m
19: [0m[ 4][t 0][2026-09-12 14:17:17.842999537][transaction.cpp:455]	last_paid=0; cells=6 bits=966[0m
19: [0m[ 4][t 0][2026-09-12 14:17:17.843002517][transaction.cpp:685]	end of Account.unpack() for 2:0000000000000000000000000000000000000000000000000000000000000000 (balance = 21003001000ng ; last_trans_lt = 98000001..98000002)[0m
19: [0m[ 4][t 0][2026-09-12 14:17:17.843009252][transaction.cpp:622]	unpacking account FFFFFFFFFFFFFFFFFFFFFFFFFFFFFFFFFFFFFFFFFFFFFFFFFFFFFFFFFFFFFFFF[0m
19: [0m[ 4][t 0][2026-09-12 14:17:17.843012268][transaction.cpp:455]	last_paid=0; cells=3 bits=124[0m
19: [0m[ 4][t 0][2026-09-12 14:17:17.843014739][transaction.cpp:685]	end of Account.unpack() for 2:FFFFFFFFFFFFFFFFFFFFFFFFFFFFFFFFFFFFFFFFFFFFFFFFFFFFFFFFFFFFFFFF (balance = 989998161ng ; last_trans_lt = 98000001..98000003)[0m
19: [0m[ 4][t 0][2026-09-12 14:17:17.844547859][transaction.cpp:622]	unpacking account 1111111111111111111111111111111111111111111111111111111111111111[0m
19: [0m[ 4][t 0][2026-09-12 14:17:17.844554509][transaction.cpp:455]	last_paid=0; cells=28 bits=8338[0m
19: [0m[ 4][t 0][2026-09-12 14:17:17.844557545][transaction.cpp:685]	end of Account.unpack() for 2:1111111111111111111111111111111111111111111111111111111111111111 (balance = 0ng ; last_trans_lt = 98000001..98000002)[0m
19: [0m[ 4][t 0][2026-09-12 14:17:19.339630463][transaction.cpp:622]	unpacking account 2222222222222222222222222222222222222222222222222222222222222222[0m
19: [0m[ 4][t 0][2026-09-12 14:17:19.339661231][transaction.cpp:455]	last_paid=0; cells=10 bits=3308[0m
19: [0m[ 4][t 0][2026-09-12 14:17:19.339666981][transaction.cpp:685]	end of Account.unpack() for 2:2222222222222222222222222222222222222222222222222222222222222222 (balance = 0ng ; last_trans_lt = 8000001..8000002)[0m
19: [0m[ 4][t 0][2026-09-12 14:17:20.319574093][transaction.cpp:622]	unpacking account 0000000000000000000000000000000000000000000000000000000000000000[0m
19: [0m[ 4][t 0][2026-09-12 14:17:20.319600691][transaction.cpp:455]	last_paid=0; cells=6 bits=966[0m
19: [0m[ 4][t 0][2026-09-12 14:17:20.319607197][transaction.cpp:685]	end of Account.unpack() for 2:0000000000000000000000000000000000000000000000000000000000000000 (balance = 21006001000ng ; last_trans_lt = 102000001..102000002)[0m
19: [0m[ 4][t 0][2026-09-12 14:17:20.319617547][transaction.cpp:622]	unpacking account FFFFFFFFFFFFFFFFFFFFFFFFFFFFFFFFFFFFFFFFFFFFFFFFFFFFFFFFFFFFFFFF[0m
19: [0m[ 4][t 0][2026-09-12 14:17:20.319621268][transaction.cpp:455]	last_paid=0; cells=3 bits=124[0m
19: [0m[ 4][t 0][2026-09-12 14:17:20.319623787][transaction.cpp:685]	end of Account.unpack() for 2:FFFFFFFFFFFFFFFFFFFFFFFFFFFFFFFFFFFFFFFFFFFFFFFFFFFFFFFFFFFFFFFF (balance = 996994223ng ; last_trans_lt = 102000001..102000002)[0m
19: [0m[ 4][t 0][2026-09-12 14:17:20.322589203][transaction.cpp:622]	unpacking account 1111111111111111111111111111111111111111111111111111111111111111[0m
19: [0m[ 4][t 0][2026-09-12 14:17:20.322601305][transaction.cpp:455]	last_paid=0; cells=29 bits=9277[0m
19: [0m[ 4][t 0][2026-09-12 14:17:20.322605088][transaction.cpp:685]	end of Account.unpack() for 2:1111111111111111111111111111111111111111111111111111111111111111 (balance = 0ng ; last_trans_lt = 102000001..102000002)[0m
19: [0m[ 4][t 0][2026-09-12 14:17:22.757055593][transaction.cpp:622]	unpacking account 2222222222222222222222222222222222222222222222222222222222222222[0m
19: [0m[ 4][t 0][2026-09-12 14:17:22.757078035][transaction.cpp:455]	last_paid=0; cells=10 bits=3308[0m
19: [0m[ 4][t 0][2026-09-12 14:17:22.757083758][transaction.cpp:685]	end of Account.unpack() for 2:2222222222222222222222222222222222222222222222222222222222222222 (balance = 0ng ; last_trans_lt = 8000001..8000002)[0m
19: [0m[ 4][t 0][2026-09-12 14:17:23.732477723][transaction.cpp:622]	unpacking account FFFFFFFFFFFFFFFFFFFFFFFFFFFFFFFFFFFFFFFFFFFFFFFFFFFFFFFFFFFFFFFF[0m
19: [0m[ 4][t 0][2026-09-12 14:17:23.732492219][transaction.cpp:455]	last_paid=0; cells=3 bits=124[0m
19: [0m[ 4][t 0][2026-09-12 14:17:23.732497011][transaction.cpp:685]	end of Account.unpack() for 2:FFFFFFFFFFFFFFFFFFFFFFFFFFFFFFFFFFFFFFFFFFFFFFFFFFFFFFFFFFFFFFFF (balance = 996994223ng ; last_trans_lt = 102000001..102000002)[0m
19: COMPLETION_REAL_RED:LATE_NOT_ROW3
19: ORACLE_MISSING:LATE_NOT_ROW3
19: [0m[ 4][t 0][2026-09-12 14:17:28.776294118][mc-config.cpp:572]	workchain description dictionary created[0m
19: [0m[ 4][t 0][2026-09-12 14:17:28.776556338][mc-config.cpp:2347]	unpacked info for workchain 0: basic=true, active=true, accept_msgs=true, min_split=1, max_split=1[0m
19: [0m[ 4][t 0][2026-09-12 14:17:28.776569697][mc-config.cpp:2347]	unpacked info for workchain 2: basic=true, active=true, accept_msgs=true, min_split=0, max_split=0[0m
19: [0m[ 4][t 0][2026-09-12 14:17:28.776627482][transaction.cpp:622]	unpacking account 1111111111111111111111111111111111111111111111111111111111111111[0m
19: [0m[ 4][t 0][2026-09-12 14:17:28.776662788][transaction.cpp:455]	last_paid=0; cells=28 bits=8338[0m
19: [0m[ 4][t 0][2026-09-12 14:17:28.776679328][transaction.cpp:685]	end of Account.unpack() for 2:1111111111111111111111111111111111111111111111111111111111111111 (balance = 0ng ; last_trans_lt = 98000001..98000002)[0m
19: [0m[ 4][t 0][2026-09-12 14:17:28.776949019][transaction.cpp:622]	unpacking account 0000000000000000000000000000000000000000000000000000000000000000[0m
19: [0m[ 4][t 0][2026-09-12 14:17:28.776958900][transaction.cpp:455]	last_paid=0; cells=6 bits=966[0m
19: [0m[ 4][t 0][2026-09-12 14:17:28.776965114][transaction.cpp:685]	end of Account.unpack() for 2:0000000000000000000000000000000000000000000000000000000000000000 (balance = 21003001000ng ; last_trans_lt = 98000001..98000002)[0m
19: [0m[ 4][t 0][2026-09-12 14:17:28.776975771][transaction.cpp:622]	unpacking account FFFFFFFFFFFFFFFFFFFFFFFFFFFFFFFFFFFFFFFFFFFFFFFFFFFFFFFFFFFFFFFF[0m
19: [0m[ 4][t 0][2026-09-12 14:17:28.776982131][transaction.cpp:455]	last_paid=0; cells=3 bits=124[0m
19: [0m[ 4][t 0][2026-09-12 14:17:28.776987459][transaction.cpp:685]	end of Account.unpack() for 2:FFFFFFFFFFFFFFFFFFFFFFFFFFFFFFFFFFFFFFFFFFFFFFFFFFFFFFFFFFFFFFFF (balance = 989998161ng ; last_trans_lt = 98000001..98000003)[0m
19: [0m[ 4][t 0][2026-09-12 14:17:28.779857001][transaction.cpp:622]	unpacking account 1111111111111111111111111111111111111111111111111111111111111111[0m
19: [0m[ 4][t 0][2026-09-12 14:17:28.779868441][transaction.cpp:455]	last_paid=0; cells=28 bits=8338[0m
19: [0m[ 4][t 0][2026-09-12 14:17:28.779875589][transaction.cpp:685]	end of Account.unpack() for 2:1111111111111111111111111111111111111111111111111111111111111111 (balance = 0ng ; last_trans_lt = 98000001..98000002)[0m
19: [0m[ 4][t 0][2026-09-12 14:17:30.782152248][transaction.cpp:622]	unpacking account 2222222222222222222222222222222222222222222222222222222222222222[0m
19: [0m[ 4][t 0][2026-09-12 14:17:30.782170435][transaction.cpp:455]	last_paid=0; cells=10 bits=3308[0m
19: [0m[ 4][t 0][2026-09-12 14:17:30.782175658][transaction.cpp:685]	end of Account.unpack() for 2:2222222222222222222222222222222222222222222222222222222222222222 (balance = 0ng ; last_trans_lt = 8000001..8000002)[0m
19: [0m[ 4][t 0][2026-09-12 14:17:31.773288057][transaction.cpp:622]	unpacking account 0000000000000000000000000000000000000000000000000000000000000000[0m
19: [0m[ 4][t 0][2026-09-12 14:17:31.773314077][transaction.cpp:455]	last_paid=0; cells=6 bits=966[0m
19: [0m[ 4][t 0][2026-09-12 14:17:31.773320331][transaction.cpp:685]	end of Account.unpack() for 2:0000000000000000000000000000000000000000000000000000000000000000 (balance = 21006001000ng ; last_trans_lt = 102000001..102000002)[0m
19: [0m[ 4][t 0][2026-09-12 14:17:31.773330955][transaction.cpp:622]	unpacking account FFFFFFFFFFFFFFFFFFFFFFFFFFFFFFFFFFFFFFFFFFFFFFFFFFFFFFFFFFFFFFFF[0m
19: [0m[ 4][t 0][2026-09-12 14:17:31.773334499][transaction.cpp:455]	last_paid=0; cells=3 bits=124[0m
19: [0m[ 4][t 0][2026-09-12 14:17:31.773337512][transaction.cpp:685]	end of Account.unpack() for 2:FFFFFFFFFFFFFFFFFFFFFFFFFFFFFFFFFFFFFFFFFFFFFFFFFFFFFFFFFFFFFFFF (balance = 996994223ng ; last_trans_lt = 102000001..102000002)[0m
19: [0m[ 4][t 0][2026-09-12 14:17:31.776447661][transaction.cpp:622]	unpacking account 1111111111111111111111111111111111111111111111111111111111111111[0m
19: [0m[ 4][t 0][2026-09-12 14:17:31.776461973][transaction.cpp:455]	last_paid=0; cells=29 bits=9277[0m
19: [0m[ 4][t 0][2026-09-12 14:17:31.776466210][transaction.cpp:685]	end of Account.unpack() for 2:1111111111111111111111111111111111111111111111111111111111111111 (balance = 0ng ; last_trans_lt = 102000001..102000002)[0m
19: [0m[ 4][t 0][2026-09-12 14:17:34.301399963][transaction.cpp:622]	unpacking account 2222222222222222222222222222222222222222222222222222222222222222[0m
19: [0m[ 4][t 0][2026-09-12 14:17:34.301441746][transaction.cpp:455]	last_paid=0; cells=10 bits=3308[0m
19: [0m[ 4][t 0][2026-09-12 14:17:34.301448462][transaction.cpp:685]	end of Account.unpack() for 2:2222222222222222222222222222222222222222222222222222222222222222 (balance = 0ng ; last_trans_lt = 8000001..8000002)[0m
19: [0m[ 4][t 0][2026-09-12 14:17:35.291621442][transaction.cpp:622]	unpacking account FFFFFFFFFFFFFFFFFFFFFFFFFFFFFFFFFFFFFFFFFFFFFFFFFFFFFFFFFFFFFFFF[0m
19: [0m[ 4][t 0][2026-09-12 14:17:35.291652159][transaction.cpp:455]	last_paid=0; cells=3 bits=124[0m
19: [0m[ 4][t 0][2026-09-12 14:17:35.291659138][transaction.cpp:685]	end of Account.unpack() for 2:FFFFFFFFFFFFFFFFFFFFFFFFFFFFFFFFFFFFFFFFFFFFFFFFFFFFFFFFFFFFFFFF (balance = 996994223ng ; last_trans_lt = 102000001..102000002)[0m
19: WITHDRAWAL-COMPLETION_D78_OBSERVED:test-workchain-withdrawal-completion-row6
1/1 Test #19: test-workchain-withdrawal-completion-row6 ...   Passed  213.89 sec

The following tests passed:
	test-workchain-withdrawal-completion-row6

100% tests passed, 0 tests failed out of 1

Total Test time (real) = 213.90 sec
Internal ctest changing into directory: /tmp/uno-merge-6ea2fbf80-tL5Uih
UpdateCTestConfiguration  from :/tmp/uno-merge-6ea2fbf80-tL5Uih/DartConfiguration.tcl
UpdateCTestConfiguration  from :/tmp/uno-merge-6ea2fbf80-tL5Uih/DartConfiguration.tcl
Test project /tmp/uno-merge-6ea2fbf80-tL5Uih
Constructing a list of tests
Done constructing a list of tests
Updating test list for fixtures
Added 0 tests to meet fixture requirements
Checking test dependency graph...
Checking test dependency graph end
test 18
    Start 18: test-workchain-withdrawal-completion-row4

18: Test command: /home/tomi/.local/bin/python3 "/home/tomi/tos/test/uno-m3-live.py" "--build" "/tmp/uno-merge-6ea2fbf80-tL5Uih" "--completion-contract" "row4"
18: Test timeout computed to be: 1800
18: COMPLETION_RUN:/tmp/uno-completion-bucket-di9jl0_0
18: [0m[ 4][t 0][2026-09-12 14:20:40.556521502][mc-config.cpp:572]	workchain description dictionary created[0m
18: [0m[ 4][t 0][2026-09-12 14:20:40.556731245][mc-config.cpp:2347]	unpacked info for workchain 0: basic=true, active=true, accept_msgs=true, min_split=0, max_split=0[0m
18: [0m[ 4][t 0][2026-09-12 14:20:40.556743252][mc-config.cpp:2347]	unpacked info for workchain 2: basic=true, active=true, accept_msgs=true, min_split=0, max_split=0[0m
18: [0m[ 4][t 0][2026-09-12 14:20:40.556804079][transaction.cpp:622]	unpacking account 1111111111111111111111111111111111111111111111111111111111111111[0m
18: [0m[ 4][t 0][2026-09-12 14:20:40.556837839][transaction.cpp:455]	last_paid=0; cells=24 bits=7202[0m
18: [0m[ 4][t 0][2026-09-12 14:20:40.556850660][transaction.cpp:685]	end of Account.unpack() for 2:1111111111111111111111111111111111111111111111111111111111111111 (balance = 0ng ; last_trans_lt = 22000001..22000002)[0m
18: [0m[ 4][t 0][2026-09-12 14:20:40.557149951][transaction.cpp:622]	unpacking account 1111111111111111111111111111111111111111111111111111111111111111[0m
18: [0m[ 4][t 0][2026-09-12 14:20:40.557159966][transaction.cpp:455]	last_paid=0; cells=24 bits=7202[0m
18: [0m[ 4][t 0][2026-09-12 14:20:40.557166932][transaction.cpp:685]	end of Account.unpack() for 2:1111111111111111111111111111111111111111111111111111111111111111 (balance = 0ng ; last_trans_lt = 22000001..22000002)[0m
18: [0m[ 4][t 0][2026-09-12 14:20:40.557176109][transaction.cpp:622]	unpacking account 1111111111111111111111111111111111111111111111111111111111111111[0m
18: [0m[ 4][t 0][2026-09-12 14:20:40.557182482][transaction.cpp:455]	last_paid=0; cells=24 bits=7202[0m
18: [0m[ 4][t 0][2026-09-12 14:20:40.557187629][transaction.cpp:685]	end of Account.unpack() for 2:1111111111111111111111111111111111111111111111111111111111111111 (balance = 0ng ; last_trans_lt = 22000001..22000002)[0m
18: [0m[ 4][t 0][2026-09-12 14:20:40.557439058][transaction.cpp:622]	unpacking account 0000000000000000000000000000000000000000000000000000000000000000[0m
18: [0m[ 4][t 0][2026-09-12 14:20:40.557448610][transaction.cpp:455]	last_paid=0; cells=6 bits=966[0m
18: [0m[ 4][t 0][2026-09-12 14:20:40.557455802][transaction.cpp:685]	end of Account.unpack() for 2:0000000000000000000000000000000000000000000000000000000000000000 (balance = 21006000750ng ; last_trans_lt = 26000001..26000002)[0m
18: [0m[ 4][t 0][2026-09-12 14:20:40.557466887][transaction.cpp:622]	unpacking account FFFFFFFFFFFFFFFFFFFFFFFFFFFFFFFFFFFFFFFFFFFFFFFFFFFFFFFFFFFFFFFF[0m
18: [0m[ 4][t 0][2026-09-12 14:20:40.557473224][transaction.cpp:455]	last_paid=0; cells=3 bits=124[0m
18: [0m[ 4][t 0][2026-09-12 14:20:40.557478188][transaction.cpp:685]	end of Account.unpack() for 2:FFFFFFFFFFFFFFFFFFFFFFFFFFFFFFFFFFFFFFFFFFFFFFFFFFFFFFFFFFFFFFFF (balance = 1989998655ng ; last_trans_lt = 26000001..26000002)[0m
18: [0m[ 4][t 0][2026-09-12 14:20:40.559972968][transaction.cpp:622]	unpacking account 1111111111111111111111111111111111111111111111111111111111111111[0m
18: [0m[ 4][t 0][2026-09-12 14:20:40.559981524][transaction.cpp:455]	last_paid=0; cells=24 bits=7202[0m
18: [0m[ 4][t 0][2026-09-12 14:20:40.559987299][transaction.cpp:685]	end of Account.unpack() for 2:1111111111111111111111111111111111111111111111111111111111111111 (balance = 0ng ; last_trans_lt = 22000001..22000002)[0m
18: [0m[ 4][t 0][2026-09-12 14:20:42.497233993][transaction.cpp:622]	unpacking account 2222222222222222222222222222222222222222222222222222222222222222[0m
18: [0m[ 4][t 0][2026-09-12 14:20:42.497249301][transaction.cpp:455]	last_paid=0; cells=15 bits=5407[0m
18: [0m[ 4][t 0][2026-09-12 14:20:42.497253395][transaction.cpp:685]	end of Account.unpack() for 2:2222222222222222222222222222222222222222222222222222222222222222 (balance = 0ng ; last_trans_lt = 26000001..26000002)[0m
18: [0m[ 4][t 0][2026-09-12 14:20:44.912420276][transaction.cpp:622]	unpacking account 0000000000000000000000000000000000000000000000000000000000000000[0m
18: [0m[ 4][t 0][2026-09-12 14:20:44.912433900][transaction.cpp:455]	last_paid=0; cells=6 bits=966[0m
18: [0m[ 4][t 0][2026-09-12 14:20:44.912437752][transaction.cpp:685]	end of Account.unpack() for 2:0000000000000000000000000000000000000000000000000000000000000000 (balance = 21006001000ng ; last_trans_lt = 28000001..28000002)[0m
18: [0m[ 4][t 0][2026-09-12 14:20:44.912445075][transaction.cpp:622]	unpacking account FFFFFFFFFFFFFFFFFFFFFFFFFFFFFFFFFFFFFFFFFFFFFFFFFFFFFFFFFFFFFFFF[0m
18: [0m[ 4][t 0][2026-09-12 14:20:44.912448178][transaction.cpp:455]	last_paid=0; cells=3 bits=124[0m
18: [0m[ 4][t 0][2026-09-12 14:20:44.912450639][transaction.cpp:685]	end of Account.unpack() for 2:FFFFFFFFFFFFFFFFFFFFFFFFFFFFFFFFFFFFFFFFFFFFFFFFFFFFFFFFFFFFFFFF (balance = 1989998161ng ; last_trans_lt = 28000001..28000003)[0m
18: [0m[ 4][t 0][2026-09-12 14:20:44.915166217][transaction.cpp:622]	unpacking account 1111111111111111111111111111111111111111111111111111111111111111[0m
18: [0m[ 4][t 0][2026-09-12 14:20:44.915185855][transaction.cpp:455]	last_paid=0; cells=28 bits=8339[0m
18: [0m[ 4][t 0][2026-09-12 14:20:44.915189933][transaction.cpp:685]	end of Account.unpack() for 2:1111111111111111111111111111111111111111111111111111111111111111 (balance = 0ng ; last_trans_lt = 28000001..28000002)[0m
18: [0m[ 4][t 0][2026-09-12 14:20:46.356140276][transaction.cpp:622]	unpacking account 2222222222222222222222222222222222222222222222222222222222222222[0m
18: [0m[ 4][t 0][2026-09-12 14:20:46.356158908][transaction.cpp:455]	last_paid=0; cells=15 bits=5407[0m
18: [0m[ 4][t 0][2026-09-12 14:20:46.356162949][transaction.cpp:685]	end of Account.unpack() for 2:2222222222222222222222222222222222222222222222222222222222222222 (balance = 0ng ; last_trans_lt = 26000001..26000002)[0m
18: [0m[ 4][t 0][2026-09-12 14:20:48.821739944][transaction.cpp:622]	unpacking account 1111111111111111111111111111111111111111111111111111111111111111[0m
18: [0m[ 4][t 0][2026-09-12 14:20:48.821753979][transaction.cpp:455]	last_paid=0; cells=28 bits=8339[0m
18: [0m[ 4][t 0][2026-09-12 14:20:48.821757885][transaction.cpp:685]	end of Account.unpack() for 2:1111111111111111111111111111111111111111111111111111111111111111 (balance = 0ng ; last_trans_lt = 28000001..28000002)[0m
18: [0m[ 4][t 0][2026-09-12 14:20:48.821854333][transaction.cpp:622]	unpacking account FFFFFFFFFFFFFFFFFFFFFFFFFFFFFFFFFFFFFFFFFFFFFFFFFFFFFFFFFFFFFFFF[0m
18: [0m[ 4][t 0][2026-09-12 14:20:48.821858093][transaction.cpp:455]	last_paid=0; cells=3 bits=124[0m
18: [0m[ 4][t 0][2026-09-12 14:20:48.821860703][transaction.cpp:685]	end of Account.unpack() for 2:FFFFFFFFFFFFFFFFFFFFFFFFFFFFFFFFFFFFFFFFFFFFFFFFFFFFFFFFFFFFFFFF (balance = 1989998161ng ; last_trans_lt = 28000001..28000003)[0m
18: COMPLETION_REAL_RED:ROW4_TRIGGERED
18: ORACLE_MISSING:ROW4_TRIGGERED
18: [0m[ 4][t 0][2026-09-12 14:21:29.994218243][mc-config.cpp:572]	workchain description dictionary created[0m
18: [0m[ 4][t 0][2026-09-12 14:21:29.994430199][mc-config.cpp:2347]	unpacked info for workchain 0: basic=true, active=true, accept_msgs=true, min_split=0, max_split=0[0m
18: [0m[ 4][t 0][2026-09-12 14:21:29.994442133][mc-config.cpp:2347]	unpacked info for workchain 2: basic=true, active=true, accept_msgs=true, min_split=0, max_split=0[0m
18: [0m[ 4][t 0][2026-09-12 14:21:29.994534092][transaction.cpp:622]	unpacking account 1111111111111111111111111111111111111111111111111111111111111111[0m
18: [0m[ 4][t 0][2026-09-12 14:21:29.994564025][transaction.cpp:455]	last_paid=0; cells=24 bits=7202[0m
18: [0m[ 4][t 0][2026-09-12 14:21:29.994582585][transaction.cpp:685]	end of Account.unpack() for 2:1111111111111111111111111111111111111111111111111111111111111111 (balance = 0ng ; last_trans_lt = 22000001..22000002)[0m
18: [0m[ 4][t 0][2026-09-12 14:21:29.994878560][transaction.cpp:622]	unpacking account 1111111111111111111111111111111111111111111111111111111111111111[0m
18: [0m[ 4][t 0][2026-09-12 14:21:29.994889818][transaction.cpp:455]	last_paid=0; cells=24 bits=7202[0m
18: [0m[ 4][t 0][2026-09-12 14:21:29.994895831][transaction.cpp:685]	end of Account.unpack() for 2:1111111111111111111111111111111111111111111111111111111111111111 (balance = 0ng ; last_trans_lt = 22000001..22000002)[0m
18: [0m[ 4][t 0][2026-09-12 14:21:29.994904862][transaction.cpp:622]	unpacking account 1111111111111111111111111111111111111111111111111111111111111111[0m
18: [0m[ 4][t 0][2026-09-12 14:21:29.994911057][transaction.cpp:455]	last_paid=0; cells=24 bits=7202[0m
18: [0m[ 4][t 0][2026-09-12 14:21:29.994915940][transaction.cpp:685]	end of Account.unpack() for 2:1111111111111111111111111111111111111111111111111111111111111111 (balance = 0ng ; last_trans_lt = 22000001..22000002)[0m
18: [0m[ 4][t 0][2026-09-12 14:21:29.995170205][transaction.cpp:622]	unpacking account 0000000000000000000000000000000000000000000000000000000000000000[0m
18: [0m[ 4][t 0][2026-09-12 14:21:29.995180295][transaction.cpp:455]	last_paid=0; cells=6 bits=966[0m
18: [0m[ 4][t 0][2026-09-12 14:21:29.995186740][transaction.cpp:685]	end of Account.unpack() for 2:0000000000000000000000000000000000000000000000000000000000000000 (balance = 21006000750ng ; last_trans_lt = 26000001..26000002)[0m
18: [0m[ 4][t 0][2026-09-12 14:21:29.995197930][transaction.cpp:622]	unpacking account FFFFFFFFFFFFFFFFFFFFFFFFFFFFFFFFFFFFFFFFFFFFFFFFFFFFFFFFFFFFFFFF[0m
18: [0m[ 4][t 0][2026-09-12 14:21:29.995204489][transaction.cpp:455]	last_paid=0; cells=3 bits=124[0m
18: [0m[ 4][t 0][2026-09-12 14:21:29.995210358][transaction.cpp:685]	end of Account.unpack() for 2:FFFFFFFFFFFFFFFFFFFFFFFFFFFFFFFFFFFFFFFFFFFFFFFFFFFFFFFFFFFFFFFF (balance = 1989998655ng ; last_trans_lt = 26000001..26000002)[0m
18: [0m[ 4][t 0][2026-09-12 14:21:29.997718114][transaction.cpp:622]	unpacking account 1111111111111111111111111111111111111111111111111111111111111111[0m
18: [0m[ 4][t 0][2026-09-12 14:21:29.997728273][transaction.cpp:455]	last_paid=0; cells=24 bits=7202[0m
18: [0m[ 4][t 0][2026-09-12 14:21:29.997735747][transaction.cpp:685]	end of Account.unpack() for 2:1111111111111111111111111111111111111111111111111111111111111111 (balance = 0ng ; last_trans_lt = 22000001..22000002)[0m
18: [0m[ 4][t 0][2026-09-12 14:21:32.005256883][transaction.cpp:622]	unpacking account 2222222222222222222222222222222222222222222222222222222222222222[0m
18: [0m[ 4][t 0][2026-09-12 14:21:32.005291790][transaction.cpp:455]	last_paid=0; cells=15 bits=5407[0m
18: [0m[ 4][t 0][2026-09-12 14:21:32.005298492][transaction.cpp:685]	end of Account.unpack() for 2:2222222222222222222222222222222222222222222222222222222222222222 (balance = 0ng ; last_trans_lt = 26000001..26000002)[0m
18: [0m[ 4][t 0][2026-09-12 14:21:34.432437800][transaction.cpp:622]	unpacking account 0000000000000000000000000000000000000000000000000000000000000000[0m
18: [0m[ 4][t 0][2026-09-12 14:21:34.432455137][transaction.cpp:455]	last_paid=0; cells=6 bits=966[0m
18: [0m[ 4][t 0][2026-09-12 14:21:34.432459343][transaction.cpp:685]	end of Account.unpack() for 2:0000000000000000000000000000000000000000000000000000000000000000 (balance = 21006001000ng ; last_trans_lt = 28000001..28000002)[0m
18: [0m[ 4][t 0][2026-09-12 14:21:34.432467838][transaction.cpp:622]	unpacking account FFFFFFFFFFFFFFFFFFFFFFFFFFFFFFFFFFFFFFFFFFFFFFFFFFFFFFFFFFFFFFFF[0m
18: [0m[ 4][t 0][2026-09-12 14:21:34.432470989][transaction.cpp:455]	last_paid=0; cells=3 bits=124[0m
18: [0m[ 4][t 0][2026-09-12 14:21:34.432473446][transaction.cpp:685]	end of Account.unpack() for 2:FFFFFFFFFFFFFFFFFFFFFFFFFFFFFFFFFFFFFFFFFFFFFFFFFFFFFFFFFFFFFFFF (balance = 1989998161ng ; last_trans_lt = 28000001..28000003)[0m
18: [0m[ 4][t 0][2026-09-12 14:21:34.435272163][transaction.cpp:622]	unpacking account 1111111111111111111111111111111111111111111111111111111111111111[0m
18: [0m[ 4][t 0][2026-09-12 14:21:34.435282569][transaction.cpp:455]	last_paid=0; cells=24 bits=7202[0m
18: [0m[ 4][t 0][2026-09-12 14:21:34.435286624][transaction.cpp:685]	end of Account.unpack() for 2:1111111111111111111111111111111111111111111111111111111111111111 (balance = 0ng ; last_trans_lt = 28000001..28000002)[0m
18: [0m[ 4][t 0][2026-09-12 14:21:35.919853537][transaction.cpp:622]	unpacking account 2222222222222222222222222222222222222222222222222222222222222222[0m
18: [0m[ 4][t 0][2026-09-12 14:21:35.919867890][transaction.cpp:455]	last_paid=0; cells=15 bits=5407[0m
18: [0m[ 4][t 0][2026-09-12 14:21:35.919872445][transaction.cpp:685]	end of Account.unpack() for 2:2222222222222222222222222222222222222222222222222222222222222222 (balance = 0ng ; last_trans_lt = 26000001..26000002)[0m
18: [0m[ 4][t 0][2026-09-12 14:21:38.400847788][transaction.cpp:622]	unpacking account 1111111111111111111111111111111111111111111111111111111111111111[0m
18: [0m[ 4][t 0][2026-09-12 14:21:38.400860592][transaction.cpp:455]	last_paid=0; cells=24 bits=7202[0m
18: [0m[ 4][t 0][2026-09-12 14:21:38.400864670][transaction.cpp:685]	end of Account.unpack() for 2:1111111111111111111111111111111111111111111111111111111111111111 (balance = 0ng ; last_trans_lt = 28000001..28000002)[0m
18: [0m[ 4][t 0][2026-09-12 14:21:38.400951205][transaction.cpp:622]	unpacking account FFFFFFFFFFFFFFFFFFFFFFFFFFFFFFFFFFFFFFFFFFFFFFFFFFFFFFFFFFFFFFFF[0m
18: [0m[ 4][t 0][2026-09-12 14:21:38.400954632][transaction.cpp:455]	last_paid=0; cells=3 bits=124[0m
18: [0m[ 4][t 0][2026-09-12 14:21:38.400957256][transaction.cpp:685]	end of Account.unpack() for 2:FFFFFFFFFFFFFFFFFFFFFFFFFFFFFFFFFFFFFFFFFFFFFFFFFFFFFFFFFFFFFFFF (balance = 1989998161ng ; last_trans_lt = 28000001..28000003)[0m
18: COMPLETION_REAL_RED:ROW4_NO_VALUE_MOVEMENT
18: ORACLE_MISSING:ROW4_NO_VALUE_MOVEMENT
18: [0m[ 4][t 0][2026-09-12 14:22:11.508068490][mc-config.cpp:572]	workchain description dictionary created[0m
18: [0m[ 4][t 0][2026-09-12 14:22:11.508233174][mc-config.cpp:2347]	unpacked info for workchain 0: basic=true, active=true, accept_msgs=true, min_split=0, max_split=0[0m
18: [0m[ 4][t 0][2026-09-12 14:22:11.508241444][mc-config.cpp:2347]	unpacked info for workchain 2: basic=true, active=true, accept_msgs=true, min_split=0, max_split=0[0m
18: [0m[ 4][t 0][2026-09-12 14:22:11.508284742][transaction.cpp:622]	unpacking account 1111111111111111111111111111111111111111111111111111111111111111[0m
18: [0m[ 4][t 0][2026-09-12 14:22:11.508303411][transaction.cpp:455]	last_paid=0; cells=24 bits=7202[0m
18: [0m[ 4][t 0][2026-09-12 14:22:11.508314991][transaction.cpp:685]	end of Account.unpack() for 2:1111111111111111111111111111111111111111111111111111111111111111 (balance = 0ng ; last_trans_lt = 22000001..22000002)[0m
18: [0m[ 4][t 0][2026-09-12 14:22:11.508489972][transaction.cpp:622]	unpacking account 1111111111111111111111111111111111111111111111111111111111111111[0m
18: [0m[ 4][t 0][2026-09-12 14:22:11.508495825][transaction.cpp:455]	last_paid=0; cells=24 bits=7202[0m
18: [0m[ 4][t 0][2026-09-12 14:22:11.508498755][transaction.cpp:685]	end of Account.unpack() for 2:1111111111111111111111111111111111111111111111111111111111111111 (balance = 0ng ; last_trans_lt = 22000001..22000002)[0m
18: [0m[ 4][t 0][2026-09-12 14:22:11.508504849][transaction.cpp:622]	unpacking account 1111111111111111111111111111111111111111111111111111111111111111[0m
18: [0m[ 4][t 0][2026-09-12 14:22:11.508507890][transaction.cpp:455]	last_paid=0; cells=24 bits=7202[0m
18: [0m[ 4][t 0][2026-09-12 14:22:11.508510218][transaction.cpp:685]	end of Account.unpack() for 2:1111111111111111111111111111111111111111111111111111111111111111 (balance = 0ng ; last_trans_lt = 22000001..22000002)[0m
18: [0m[ 4][t 0][2026-09-12 14:22:11.508648568][transaction.cpp:622]	unpacking account 0000000000000000000000000000000000000000000000000000000000000000[0m
18: [0m[ 4][t 0][2026-09-12 14:22:11.508654340][transaction.cpp:455]	last_paid=0; cells=6 bits=966[0m
18: [0m[ 4][t 0][2026-09-12 14:22:11.508657096][transaction.cpp:685]	end of Account.unpack() for 2:0000000000000000000000000000000000000000000000000000000000000000 (balance = 21006000750ng ; last_trans_lt = 26000001..26000002)[0m
18: [0m[ 4][t 0][2026-09-12 14:22:11.508663845][transaction.cpp:622]	unpacking account FFFFFFFFFFFFFFFFFFFFFFFFFFFFFFFFFFFFFFFFFFFFFFFFFFFFFFFFFFFFFFFF[0m
18: [0m[ 4][t 0][2026-09-12 14:22:11.508667064][transaction.cpp:455]	last_paid=0; cells=3 bits=124[0m
18: [0m[ 4][t 0][2026-09-12 14:22:11.508669461][transaction.cpp:685]	end of Account.unpack() for 2:FFFFFFFFFFFFFFFFFFFFFFFFFFFFFFFFFFFFFFFFFFFFFFFFFFFFFFFFFFFFFFFF (balance = 1989998655ng ; last_trans_lt = 26000001..26000002)[0m
18: [0m[ 4][t 0][2026-09-12 14:22:11.510008147][transaction.cpp:622]	unpacking account 1111111111111111111111111111111111111111111111111111111111111111[0m
18: [0m[ 4][t 0][2026-09-12 14:22:11.510013573][transaction.cpp:455]	last_paid=0; cells=24 bits=7202[0m
18: [0m[ 4][t 0][2026-09-12 14:22:11.510016405][transaction.cpp:685]	end of Account.unpack() for 2:1111111111111111111111111111111111111111111111111111111111111111 (balance = 0ng ; last_trans_lt = 22000001..22000002)[0m
18: [0m[ 4][t 0][2026-09-12 14:22:12.984394522][transaction.cpp:622]	unpacking account 2222222222222222222222222222222222222222222222222222222222222222[0m
18: [0m[ 4][t 0][2026-09-12 14:22:12.984411721][transaction.cpp:455]	last_paid=0; cells=15 bits=5407[0m
18: [0m[ 4][t 0][2026-09-12 14:22:12.984416325][transaction.cpp:685]	end of Account.unpack() for 2:2222222222222222222222222222222222222222222222222222222222222222 (balance = 0ng ; last_trans_lt = 26000001..26000002)[0m
18: [0m[ 4][t 0][2026-09-12 14:22:15.469370461][transaction.cpp:622]	unpacking account 0000000000000000000000000000000000000000000000000000000000000000[0m
18: [0m[ 4][t 0][2026-09-12 14:22:15.469389460][transaction.cpp:455]	last_paid=0; cells=6 bits=966[0m
18: [0m[ 4][t 0][2026-09-12 14:22:15.469393640][transaction.cpp:685]	end of Account.unpack() for 2:0000000000000000000000000000000000000000000000000000000000000000 (balance = 21006001000ng ; last_trans_lt = 28000001..28000002)[0m
18: [0m[ 4][t 0][2026-09-12 14:22:15.469401379][transaction.cpp:622]	unpacking account FFFFFFFFFFFFFFFFFFFFFFFFFFFFFFFFFFFFFFFFFFFFFFFFFFFFFFFFFFFFFFFF[0m
18: [0m[ 4][t 0][2026-09-12 14:22:15.469404485][transaction.cpp:455]	last_paid=0; cells=3 bits=124[0m
18: [0m[ 4][t 0][2026-09-12 14:22:15.469406914][transaction.cpp:685]	end of Account.unpack() for 2:FFFFFFFFFFFFFFFFFFFFFFFFFFFFFFFFFFFFFFFFFFFFFFFFFFFFFFFFFFFFFFFF (balance = 1989998160ng ; last_trans_lt = 28000001..28000003)[0m
18: [0m[ 4][t 0][2026-09-12 14:22:15.472194324][transaction.cpp:622]	unpacking account 1111111111111111111111111111111111111111111111111111111111111111[0m
18: [0m[ 4][t 0][2026-09-12 14:22:15.472205993][transaction.cpp:455]	last_paid=0; cells=24 bits=7202[0m
18: [0m[ 4][t 0][2026-09-12 14:22:15.472209819][transaction.cpp:685]	end of Account.unpack() for 2:1111111111111111111111111111111111111111111111111111111111111111 (balance = 0ng ; last_trans_lt = 28000001..28000002)[0m
18: [0m[ 4][t 0][2026-09-12 14:22:16.985270214][transaction.cpp:622]	unpacking account 2222222222222222222222222222222222222222222222222222222222222222[0m
18: [0m[ 4][t 0][2026-09-12 14:22:16.985286087][transaction.cpp:455]	last_paid=0; cells=15 bits=5407[0m
18: [0m[ 4][t 0][2026-09-12 14:22:16.985290621][transaction.cpp:685]	end of Account.unpack() for 2:2222222222222222222222222222222222222222222222222222222222222222 (balance = 0ng ; last_trans_lt = 26000001..26000002)[0m
18: [0m[ 4][t 0][2026-09-12 14:22:19.520706154][transaction.cpp:622]	unpacking account 1111111111111111111111111111111111111111111111111111111111111111[0m
18: [0m[ 4][t 0][2026-09-12 14:22:19.520721995][transaction.cpp:455]	last_paid=0; cells=24 bits=7202[0m
18: [0m[ 4][t 0][2026-09-12 14:22:19.520726147][transaction.cpp:685]	end of Account.unpack() for 2:1111111111111111111111111111111111111111111111111111111111111111 (balance = 0ng ; last_trans_lt = 28000001..28000002)[0m
18: [0m[ 4][t 0][2026-09-12 14:22:19.520814124][transaction.cpp:622]	unpacking account FFFFFFFFFFFFFFFFFFFFFFFFFFFFFFFFFFFFFFFFFFFFFFFFFFFFFFFFFFFFFFFF[0m
18: [0m[ 4][t 0][2026-09-12 14:22:19.520817518][transaction.cpp:455]	last_paid=0; cells=3 bits=124[0m
18: [0m[ 4][t 0][2026-09-12 14:22:19.520820251][transaction.cpp:685]	end of Account.unpack() for 2:FFFFFFFFFFFFFFFFFFFFFFFFFFFFFFFFFFFFFFFFFFFFFFFFFFFFFFFFFFFFFFFF (balance = 1989998160ng ; last_trans_lt = 28000001..28000003)[0m
18: COMPLETION_REAL_RED:DELTA_R_actual
18: ORACLE_MISSING:DELTA_R_actual
18: [0m[ 4][t 0][2026-09-12 14:22:30.490312822][mc-config.cpp:572]	workchain description dictionary created[0m
18: [0m[ 4][t 0][2026-09-12 14:22:30.490504012][mc-config.cpp:2347]	unpacked info for workchain 0: basic=true, active=true, accept_msgs=true, min_split=0, max_split=0[0m
18: [0m[ 4][t 0][2026-09-12 14:22:30.490515791][mc-config.cpp:2347]	unpacked info for workchain 2: basic=true, active=true, accept_msgs=true, min_split=0, max_split=0[0m
18: [0m[ 4][t 0][2026-09-12 14:22:30.490554926][transaction.cpp:622]	unpacking account 1111111111111111111111111111111111111111111111111111111111111111[0m
18: [0m[ 4][t 0][2026-09-12 14:22:30.490575813][transaction.cpp:455]	last_paid=0; cells=24 bits=7202[0m
18: [0m[ 4][t 0][2026-09-12 14:22:30.490591963][transaction.cpp:685]	end of Account.unpack() for 2:1111111111111111111111111111111111111111111111111111111111111111 (balance = 0ng ; last_trans_lt = 22000001..22000002)[0m
18: [0m[ 4][t 0][2026-09-12 14:22:30.490876980][transaction.cpp:622]	unpacking account 1111111111111111111111111111111111111111111111111111111111111111[0m
18: [0m[ 4][t 0][2026-09-12 14:22:30.490886531][transaction.cpp:455]	last_paid=0; cells=24 bits=7202[0m
18: [0m[ 4][t 0][2026-09-12 14:22:30.490892485][transaction.cpp:685]	end of Account.unpack() for 2:1111111111111111111111111111111111111111111111111111111111111111 (balance = 0ng ; last_trans_lt = 22000001..22000002)[0m
18: [0m[ 4][t 0][2026-09-12 14:22:30.490902028][transaction.cpp:622]	unpacking account 1111111111111111111111111111111111111111111111111111111111111111[0m
18: [0m[ 4][t 0][2026-09-12 14:22:30.490908067][transaction.cpp:455]	last_paid=0; cells=24 bits=7202[0m
18: [0m[ 4][t 0][2026-09-12 14:22:30.490913706][transaction.cpp:685]	end of Account.unpack() for 2:1111111111111111111111111111111111111111111111111111111111111111 (balance = 0ng ; last_trans_lt = 22000001..22000002)[0m
18: [0m[ 4][t 0][2026-09-12 14:22:30.491156430][transaction.cpp:622]	unpacking account 0000000000000000000000000000000000000000000000000000000000000000[0m
18: [0m[ 4][t 0][2026-09-12 14:22:30.491166011][transaction.cpp:455]	last_paid=0; cells=6 bits=966[0m
18: [0m[ 4][t 0][2026-09-12 14:22:30.491172194][transaction.cpp:685]	end of Account.unpack() for 2:0000000000000000000000000000000000000000000000000000000000000000 (balance = 21006000750ng ; last_trans_lt = 26000001..26000002)[0m
18: [0m[ 4][t 0][2026-09-12 14:22:30.491181598][transaction.cpp:622]	unpacking account FFFFFFFFFFFFFFFFFFFFFFFFFFFFFFFFFFFFFFFFFFFFFFFFFFFFFFFFFFFFFFFF[0m
18: [0m[ 4][t 0][2026-09-12 14:22:30.491188089][transaction.cpp:455]	last_paid=0; cells=3 bits=124[0m
18: [0m[ 4][t 0][2026-09-12 14:22:30.491193050][transaction.cpp:685]	end of Account.unpack() for 2:FFFFFFFFFFFFFFFFFFFFFFFFFFFFFFFFFFFFFFFFFFFFFFFFFFFFFFFFFFFFFFFF (balance = 1989998655ng ; last_trans_lt = 26000001..26000002)[0m
18: [0m[ 4][t 0][2026-09-12 14:22:30.493683973][transaction.cpp:622]	unpacking account 1111111111111111111111111111111111111111111111111111111111111111[0m
18: [0m[ 4][t 0][2026-09-12 14:22:30.493694566][transaction.cpp:455]	last_paid=0; cells=24 bits=7202[0m
18: [0m[ 4][t 0][2026-09-12 14:22:30.493701721][transaction.cpp:685]	end of Account.unpack() for 2:1111111111111111111111111111111111111111111111111111111111111111 (balance = 0ng ; last_trans_lt = 22000001..22000002)[0m
18: [0m[ 4][t 0][2026-09-12 14:22:32.178158029][transaction.cpp:622]	unpacking account 2222222222222222222222222222222222222222222222222222222222222222[0m
18: [0m[ 4][t 0][2026-09-12 14:22:32.178171148][transaction.cpp:455]	last_paid=0; cells=15 bits=5407[0m
18: [0m[ 4][t 0][2026-09-12 14:22:32.178175272][transaction.cpp:685]	end of Account.unpack() for 2:2222222222222222222222222222222222222222222222222222222222222222 (balance = 0ng ; last_trans_lt = 26000001..26000002)[0m
18: [0m[ 4][t 0][2026-09-12 14:22:34.624281588][transaction.cpp:622]	unpacking account 0000000000000000000000000000000000000000000000000000000000000000[0m
18: [0m[ 4][t 0][2026-09-12 14:22:34.624294732][transaction.cpp:455]	last_paid=0; cells=6 bits=966[0m
18: [0m[ 4][t 0][2026-09-12 14:22:34.624298606][transaction.cpp:685]	end of Account.unpack() for 2:0000000000000000000000000000000000000000000000000000000000000000 (balance = 21006001000ng ; last_trans_lt = 28000001..28000002)[0m
18: [0m[ 4][t 0][2026-09-12 14:22:34.624305634][transaction.cpp:622]	unpacking account FFFFFFFFFFFFFFFFFFFFFFFFFFFFFFFFFFFFFFFFFFFFFFFFFFFFFFFFFFFFFFFF[0m
18: [0m[ 4][t 0][2026-09-12 14:22:34.624308700][transaction.cpp:455]	last_paid=0; cells=3 bits=124[0m
18: [0m[ 4][t 0][2026-09-12 14:22:34.624311029][transaction.cpp:685]	end of Account.unpack() for 2:FFFFFFFFFFFFFFFFFFFFFFFFFFFFFFFFFFFFFFFFFFFFFFFFFFFFFFFFFFFFFFFF (balance = 1989998161ng ; last_trans_lt = 28000001..28000003)[0m
18: [0m[ 4][t 0][2026-09-12 14:22:34.626993371][transaction.cpp:622]	unpacking account 1111111111111111111111111111111111111111111111111111111111111111[0m
18: [0m[ 4][t 0][2026-09-12 14:22:34.627002741][transaction.cpp:455]	last_paid=0; cells=24 bits=7202[0m
18: [0m[ 4][t 0][2026-09-12 14:22:34.627006253][transaction.cpp:685]	end of Account.unpack() for 2:1111111111111111111111111111111111111111111111111111111111111111 (balance = 0ng ; last_trans_lt = 28000001..28000002)[0m
18: [0m[ 4][t 0][2026-09-12 14:22:36.141393273][transaction.cpp:622]	unpacking account 2222222222222222222222222222222222222222222222222222222222222222[0m
18: [0m[ 4][t 0][2026-09-12 14:22:36.141404720][transaction.cpp:455]	last_paid=0; cells=15 bits=5407[0m
18: [0m[ 4][t 0][2026-09-12 14:22:36.141408544][transaction.cpp:685]	end of Account.unpack() for 2:2222222222222222222222222222222222222222222222222222222222222222 (balance = 0ng ; last_trans_lt = 26000001..26000002)[0m
18: [0m[ 4][t 0][2026-09-12 14:22:38.623613231][transaction.cpp:622]	unpacking account 1111111111111111111111111111111111111111111111111111111111111111[0m
18: [0m[ 4][t 0][2026-09-12 14:22:38.623625413][transaction.cpp:455]	last_paid=0; cells=24 bits=7202[0m
18: [0m[ 4][t 0][2026-09-12 14:22:38.623629336][transaction.cpp:685]	end of Account.unpack() for 2:1111111111111111111111111111111111111111111111111111111111111111 (balance = 0ng ; last_trans_lt = 28000001..28000002)[0m
18: [0m[ 4][t 0][2026-09-12 14:22:38.623712335][transaction.cpp:622]	unpacking account FFFFFFFFFFFFFFFFFFFFFFFFFFFFFFFFFFFFFFFFFFFFFFFFFFFFFFFFFFFFFFFF[0m
18: [0m[ 4][t 0][2026-09-12 14:22:38.623715706][transaction.cpp:455]	last_paid=0; cells=3 bits=124[0m
18: [0m[ 4][t 0][2026-09-12 14:22:38.623718294][transaction.cpp:685]	end of Account.unpack() for 2:FFFFFFFFFFFFFFFFFFFFFFFFFFFFFFFFFFFFFFFFFFFFFFFFFFFFFFFFFFFFFFFF (balance = 1989998161ng ; last_trans_lt = 28000001..28000003)[0m
18: WITHDRAWAL-COMPLETION_D78_OBSERVED:test-workchain-withdrawal-completion-row4
1/1 Test #18: test-workchain-withdrawal-completion-row4 ...   Passed  303.31 sec

The following tests passed:
	test-workchain-withdrawal-completion-row4

100% tests passed, 0 tests failed out of 1

Total Test time (real) = 303.32 sec
Internal ctest changing into directory: /tmp/uno-merge-6ea2fbf80-tL5Uih
UpdateCTestConfiguration  from :/tmp/uno-merge-6ea2fbf80-tL5Uih/DartConfiguration.tcl
UpdateCTestConfiguration  from :/tmp/uno-merge-6ea2fbf80-tL5Uih/DartConfiguration.tcl
Test project /tmp/uno-merge-6ea2fbf80-tL5Uih
Constructing a list of tests
Done constructing a list of tests
Updating test list for fixtures
Added 0 tests to meet fixture requirements
Checking test dependency graph...
Checking test dependency graph end
test 20
    Start 20: test-workchain-withdrawal-completion-row5

20: Test command: /home/tomi/.local/bin/python3 "/home/tomi/tos/test/uno-m3-live.py" "--build" "/tmp/uno-merge-6ea2fbf80-tL5Uih" "--completion-contract" "row5"
20: Test timeout computed to be: 1800
20: COMPLETION_RUN:/tmp/uno-completion-bucket-lmssk7rk
20: [0m[ 4][t 0][2026-09-12 14:25:00.510626259][mc-config.cpp:572]	workchain description dictionary created[0m
20: [0m[ 4][t 0][2026-09-12 14:25:00.510825867][mc-config.cpp:2347]	unpacked info for workchain 0: basic=true, active=true, accept_msgs=true, min_split=1, max_split=1[0m
20: [0m[ 4][t 0][2026-09-12 14:25:00.510837277][mc-config.cpp:2347]	unpacked info for workchain 2: basic=true, active=true, accept_msgs=true, min_split=0, max_split=0[0m
20: [0m[ 4][t 0][2026-09-12 14:25:00.510886435][transaction.cpp:622]	unpacking account 1111111111111111111111111111111111111111111111111111111111111111[0m
20: [0m[ 4][t 0][2026-09-12 14:25:00.510907176][transaction.cpp:455]	last_paid=0; cells=24 bits=7199[0m
20: [0m[ 4][t 0][2026-09-12 14:25:00.510923043][transaction.cpp:685]	end of Account.unpack() for 2:1111111111111111111111111111111111111111111111111111111111111111 (balance = 0ng ; last_trans_lt = 100000001..100000002)[0m
20: [0m[ 4][t 0][2026-09-12 14:25:00.511213034][transaction.cpp:622]	unpacking account 1111111111111111111111111111111111111111111111111111111111111111[0m
20: [0m[ 4][t 0][2026-09-12 14:25:00.511225265][transaction.cpp:455]	last_paid=0; cells=24 bits=7199[0m
20: [0m[ 4][t 0][2026-09-12 14:25:00.511231409][transaction.cpp:685]	end of Account.unpack() for 2:1111111111111111111111111111111111111111111111111111111111111111 (balance = 0ng ; last_trans_lt = 100000001..100000002)[0m
20: [0m[ 4][t 0][2026-09-12 14:25:00.511240752][transaction.cpp:622]	unpacking account 1111111111111111111111111111111111111111111111111111111111111111[0m
20: [0m[ 4][t 0][2026-09-12 14:25:00.511247167][transaction.cpp:455]	last_paid=0; cells=24 bits=7199[0m
20: [0m[ 4][t 0][2026-09-12 14:25:00.511252064][transaction.cpp:685]	end of Account.unpack() for 2:1111111111111111111111111111111111111111111111111111111111111111 (balance = 0ng ; last_trans_lt = 100000001..100000002)[0m
20: [0m[ 4][t 0][2026-09-12 14:25:00.511283066][transaction.cpp:622]	unpacking account 0000000000000000000000000000000000000000000000000000000000000000[0m
20: [0m[ 4][t 0][2026-09-12 14:25:00.511291034][transaction.cpp:455]	last_paid=0; cells=6 bits=966[0m
20: [0m[ 4][t 0][2026-09-12 14:25:00.511297252][transaction.cpp:685]	end of Account.unpack() for 2:0000000000000000000000000000000000000000000000000000000000000000 (balance = 21003000750ng ; last_trans_lt = 100000001..100000002)[0m
20: [0m[ 4][t 0][2026-09-12 14:25:00.511305916][transaction.cpp:622]	unpacking account FFFFFFFFFFFFFFFFFFFFFFFFFFFFFFFFFFFFFFFFFFFFFFFFFFFFFFFFFFFFFFFF[0m
20: [0m[ 4][t 0][2026-09-12 14:25:00.511311957][transaction.cpp:455]	last_paid=0; cells=3 bits=124[0m
20: [0m[ 4][t 0][2026-09-12 14:25:00.511317116][transaction.cpp:685]	end of Account.unpack() for 2:FFFFFFFFFFFFFFFFFFFFFFFFFFFFFFFFFFFFFFFFFFFFFFFFFFFFFFFFFFFFFFFF (balance = 989998655ng ; last_trans_lt = 100000001..100000003)[0m
20: [0m[ 4][t 0][2026-09-12 14:25:00.513768063][transaction.cpp:622]	unpacking account 1111111111111111111111111111111111111111111111111111111111111111[0m
20: [0m[ 4][t 0][2026-09-12 14:25:00.513778274][transaction.cpp:455]	last_paid=0; cells=24 bits=7199[0m
20: [0m[ 4][t 0][2026-09-12 14:25:00.513785125][transaction.cpp:685]	end of Account.unpack() for 2:1111111111111111111111111111111111111111111111111111111111111111 (balance = 0ng ; last_trans_lt = 100000001..100000002)[0m
20: [0m[ 4][t 0][2026-09-12 14:25:02.086354829][transaction.cpp:622]	unpacking account 2222222222222222222222222222222222222222222222222222222222222222[0m
20: [0m[ 4][t 0][2026-09-12 14:25:02.086369741][transaction.cpp:455]	last_paid=0; cells=10 bits=3308[0m
20: [0m[ 4][t 0][2026-09-12 14:25:02.086373895][transaction.cpp:685]	end of Account.unpack() for 2:2222222222222222222222222222222222222222222222222222222222222222 (balance = 0ng ; last_trans_lt = 8000001..8000002)[0m
20: [0m[ 4][t 0][2026-09-12 14:25:03.046953817][transaction.cpp:622]	unpacking account 0000000000000000000000000000000000000000000000000000000000000000[0m
20: [0m[ 4][t 0][2026-09-12 14:25:03.046966041][transaction.cpp:455]	last_paid=0; cells=6 bits=966[0m
20: [0m[ 4][t 0][2026-09-12 14:25:03.046969833][transaction.cpp:685]	end of Account.unpack() for 2:0000000000000000000000000000000000000000000000000000000000000000 (balance = 21003001000ng ; last_trans_lt = 102000001..102000002)[0m
20: [0m[ 4][t 0][2026-09-12 14:25:03.046976465][transaction.cpp:622]	unpacking account FFFFFFFFFFFFFFFFFFFFFFFFFFFFFFFFFFFFFFFFFFFFFFFFFFFFFFFFFFFFFFFF[0m
20: [0m[ 4][t 0][2026-09-12 14:25:03.046979776][transaction.cpp:455]	last_paid=0; cells=3 bits=124[0m
20: [0m[ 4][t 0][2026-09-12 14:25:03.046982364][transaction.cpp:685]	end of Account.unpack() for 2:FFFFFFFFFFFFFFFFFFFFFFFFFFFFFFFFFFFFFFFFFFFFFFFFFFFFFFFFFFFFFFFF (balance = 989998161ng ; last_trans_lt = 102000001..102000003)[0m
20: [0m[ 4][t 0][2026-09-12 14:25:03.049678808][transaction.cpp:622]	unpacking account 1111111111111111111111111111111111111111111111111111111111111111[0m
20: [0m[ 4][t 0][2026-09-12 14:25:03.049688246][transaction.cpp:455]	last_paid=0; cells=24 bits=7201[0m
20: [0m[ 4][t 0][2026-09-12 14:25:03.049691794][transaction.cpp:685]	end of Account.unpack() for 2:1111111111111111111111111111111111111111111111111111111111111111 (balance = 0ng ; last_trans_lt = 102000001..102000002)[0m
20: [0m[ 4][t 0][2026-09-12 14:25:04.520911155][transaction.cpp:622]	unpacking account 2222222222222222222222222222222222222222222222222222222222222222[0m
20: [0m[ 4][t 0][2026-09-12 14:25:04.520923121][transaction.cpp:455]	last_paid=0; cells=10 bits=3308[0m
20: [0m[ 4][t 0][2026-09-12 14:25:04.520926994][transaction.cpp:685]	end of Account.unpack() for 2:2222222222222222222222222222222222222222222222222222222222222222 (balance = 0ng ; last_trans_lt = 8000001..8000002)[0m
20: [0m[ 4][t 0][2026-09-12 14:25:05.534858185][transaction.cpp:622]	unpacking account 1111111111111111111111111111111111111111111111111111111111111111[0m
20: [0m[ 4][t 0][2026-09-12 14:25:05.534868902][transaction.cpp:455]	last_paid=0; cells=24 bits=7201[0m
20: [0m[ 4][t 0][2026-09-12 14:25:05.534872519][transaction.cpp:685]	end of Account.unpack() for 2:1111111111111111111111111111111111111111111111111111111111111111 (balance = 0ng ; last_trans_lt = 102000001..102000002)[0m
20: [0m[ 4][t 0][2026-09-12 14:25:05.534953584][transaction.cpp:622]	unpacking account FFFFFFFFFFFFFFFFFFFFFFFFFFFFFFFFFFFFFFFFFFFFFFFFFFFFFFFFFFFFFFFF[0m
20: [0m[ 4][t 0][2026-09-12 14:25:05.534957093][transaction.cpp:455]	last_paid=0; cells=3 bits=124[0m
20: [0m[ 4][t 0][2026-09-12 14:25:05.534959727][transaction.cpp:685]	end of Account.unpack() for 2:FFFFFFFFFFFFFFFFFFFFFFFFFFFFFFFFFFFFFFFFFFFFFFFFFFFFFFFFFFFFFFFF (balance = 989998161ng ; last_trans_lt = 102000001..102000003)[0m
20: [0m[ 4][t 0][2026-09-12 14:25:05.549017387][mc-config.cpp:572]	workchain description dictionary created[0m
20: [0m[ 4][t 0][2026-09-12 14:25:05.549207438][mc-config.cpp:2347]	unpacked info for workchain 0: basic=true, active=true, accept_msgs=true, min_split=1, max_split=1[0m
20: [0m[ 4][t 0][2026-09-12 14:25:05.549219911][mc-config.cpp:2347]	unpacked info for workchain 2: basic=true, active=true, accept_msgs=true, min_split=0, max_split=0[0m
20: [0m[ 4][t 0][2026-09-12 14:25:05.549255783][transaction.cpp:622]	unpacking account 1111111111111111111111111111111111111111111111111111111111111111[0m
20: [0m[ 4][t 0][2026-09-12 14:25:05.549282621][transaction.cpp:455]	last_paid=0; cells=24 bits=7201[0m
20: [0m[ 4][t 0][2026-09-12 14:25:05.549299565][transaction.cpp:685]	end of Account.unpack() for 2:1111111111111111111111111111111111111111111111111111111111111111 (balance = 0ng ; last_trans_lt = 102000001..102000002)[0m
20: [0m[ 4][t 0][2026-09-12 14:25:05.549830396][transaction.cpp:622]	unpacking account 1111111111111111111111111111111111111111111111111111111111111111[0m
20: [0m[ 4][t 0][2026-09-12 14:25:05.549840356][transaction.cpp:455]	last_paid=0; cells=24 bits=7199[0m
20: [0m[ 4][t 0][2026-09-12 14:25:05.549847310][transaction.cpp:685]	end of Account.unpack() for 2:1111111111111111111111111111111111111111111111111111111111111111 (balance = 0ng ; last_trans_lt = 100000001..100000002)[0m
20: [0m[ 4][t 0][2026-09-12 14:25:05.550037939][transaction.cpp:622]	unpacking account 0000000000000000000000000000000000000000000000000000000000000000[0m
20: [0m[ 4][t 0][2026-09-12 14:25:05.550046262][transaction.cpp:455]	last_paid=0; cells=6 bits=966[0m
20: [0m[ 4][t 0][2026-09-12 14:25:05.550052497][transaction.cpp:685]	end of Account.unpack() for 2:0000000000000000000000000000000000000000000000000000000000000000 (balance = 21003001000ng ; last_trans_lt = 102000001..102000002)[0m
20: [0m[ 4][t 0][2026-09-12 14:25:05.550062649][transaction.cpp:622]	unpacking account FFFFFFFFFFFFFFFFFFFFFFFFFFFFFFFFFFFFFFFFFFFFFFFFFFFFFFFFFFFFFFFF[0m
20: [0m[ 4][t 0][2026-09-12 14:25:05.550068449][transaction.cpp:455]	last_paid=0; cells=3 bits=124[0m
20: [0m[ 4][t 0][2026-09-12 14:25:05.550074093][transaction.cpp:685]	end of Account.unpack() for 2:FFFFFFFFFFFFFFFFFFFFFFFFFFFFFFFFFFFFFFFFFFFFFFFFFFFFFFFFFFFFFFFF (balance = 989998161ng ; last_trans_lt = 102000001..102000003)[0m
20: [0m[ 4][t 0][2026-09-12 14:25:05.552908643][transaction.cpp:622]	unpacking account 1111111111111111111111111111111111111111111111111111111111111111[0m
20: [0m[ 4][t 0][2026-09-12 14:25:05.552919309][transaction.cpp:455]	last_paid=0; cells=24 bits=7201[0m
20: [0m[ 4][t 0][2026-09-12 14:25:05.552926708][transaction.cpp:685]	end of Account.unpack() for 2:1111111111111111111111111111111111111111111111111111111111111111 (balance = 0ng ; last_trans_lt = 102000001..102000002)[0m
20: [0m[ 4][t 0][2026-09-12 14:25:07.143491840][transaction.cpp:622]	unpacking account 2222222222222222222222222222222222222222222222222222222222222222[0m
20: [0m[ 4][t 0][2026-09-12 14:25:07.143506074][transaction.cpp:455]	last_paid=0; cells=10 bits=3308[0m
20: [0m[ 4][t 0][2026-09-12 14:25:07.143510127][transaction.cpp:685]	end of Account.unpack() for 2:2222222222222222222222222222222222222222222222222222222222222222 (balance = 0ng ; last_trans_lt = 8000001..8000002)[0m
20: [0m[ 4][t 0][2026-09-12 14:25:08.105824347][transaction.cpp:622]	unpacking account 0000000000000000000000000000000000000000000000000000000000000000[0m
20: [0m[ 4][t 0][2026-09-12 14:25:08.105835947][transaction.cpp:455]	last_paid=0; cells=6 bits=966[0m
20: [0m[ 4][t 0][2026-09-12 14:25:08.105839918][transaction.cpp:685]	end of Account.unpack() for 2:0000000000000000000000000000000000000000000000000000000000000000 (balance = 21006001000ng ; last_trans_lt = 106000001..106000002)[0m
20: [0m[ 4][t 0][2026-09-12 14:25:08.105846215][transaction.cpp:622]	unpacking account FFFFFFFFFFFFFFFFFFFFFFFFFFFFFFFFFFFFFFFFFFFFFFFFFFFFFFFFFFFFFFFF[0m
20: [0m[ 4][t 0][2026-09-12 14:25:08.105849306][transaction.cpp:455]	last_paid=0; cells=3 bits=124[0m
20: [0m[ 4][t 0][2026-09-12 14:25:08.105851756][transaction.cpp:685]	end of Account.unpack() for 2:FFFFFFFFFFFFFFFFFFFFFFFFFFFFFFFFFFFFFFFFFFFFFFFFFFFFFFFFFFFFFFFF (balance = 996994223ng ; last_trans_lt = 106000001..106000002)[0m
20: [0m[ 4][t 0][2026-09-12 14:25:08.108820823][transaction.cpp:622]	unpacking account 1111111111111111111111111111111111111111111111111111111111111111[0m
20: [0m[ 4][t 0][2026-09-12 14:25:08.108839328][transaction.cpp:455]	last_paid=0; cells=29 bits=9276[0m
20: [0m[ 4][t 0][2026-09-12 14:25:08.108843770][transaction.cpp:685]	end of Account.unpack() for 2:1111111111111111111111111111111111111111111111111111111111111111 (balance = 0ng ; last_trans_lt = 106000001..106000002)[0m
20: [0m[ 4][t 0][2026-09-12 14:25:10.628835417][transaction.cpp:622]	unpacking account 2222222222222222222222222222222222222222222222222222222222222222[0m
20: [0m[ 4][t 0][2026-09-12 14:25:10.628848397][transaction.cpp:455]	last_paid=0; cells=10 bits=3308[0m
20: [0m[ 4][t 0][2026-09-12 14:25:10.628852225][transaction.cpp:685]	end of Account.unpack() for 2:2222222222222222222222222222222222222222222222222222222222222222 (balance = 0ng ; last_trans_lt = 8000001..8000002)[0m
20: [0m[ 4][t 0][2026-09-12 14:25:11.590130420][transaction.cpp:622]	unpacking account FFFFFFFFFFFFFFFFFFFFFFFFFFFFFFFFFFFFFFFFFFFFFFFFFFFFFFFFFFFFFFFF[0m
20: [0m[ 4][t 0][2026-09-12 14:25:11.590141913][transaction.cpp:455]	last_paid=0; cells=3 bits=124[0m
20: [0m[ 4][t 0][2026-09-12 14:25:11.590145826][transaction.cpp:685]	end of Account.unpack() for 2:FFFFFFFFFFFFFFFFFFFFFFFFFFFFFFFFFFFFFFFFFFFFFFFFFFFFFFFFFFFFFFFF (balance = 996994223ng ; last_trans_lt = 106000001..106000002)[0m
20: [0m[ 4][t 0][2026-09-12 14:25:44.847510004][mc-config.cpp:572]	workchain description dictionary created[0m
20: [0m[ 4][t 0][2026-09-12 14:25:44.847725965][mc-config.cpp:2347]	unpacked info for workchain 0: basic=true, active=true, accept_msgs=true, min_split=1, max_split=1[0m
20: [0m[ 4][t 0][2026-09-12 14:25:44.847741187][mc-config.cpp:2347]	unpacked info for workchain 2: basic=true, active=true, accept_msgs=true, min_split=0, max_split=0[0m
20: [0m[ 4][t 0][2026-09-12 14:25:44.847785614][transaction.cpp:622]	unpacking account 1111111111111111111111111111111111111111111111111111111111111111[0m
20: [0m[ 4][t 0][2026-09-12 14:25:44.847815828][transaction.cpp:455]	last_paid=0; cells=24 bits=7201[0m
20: [0m[ 4][t 0][2026-09-12 14:25:44.847833947][transaction.cpp:685]	end of Account.unpack() for 2:1111111111111111111111111111111111111111111111111111111111111111 (balance = 0ng ; last_trans_lt = 102000001..102000002)[0m
20: [0m[ 4][t 0][2026-09-12 14:25:44.848403473][transaction.cpp:622]	unpacking account 1111111111111111111111111111111111111111111111111111111111111111[0m
20: [0m[ 4][t 0][2026-09-12 14:25:44.848413548][transaction.cpp:455]	last_paid=0; cells=24 bits=7199[0m
20: [0m[ 4][t 0][2026-09-12 14:25:44.848419960][transaction.cpp:685]	end of Account.unpack() for 2:1111111111111111111111111111111111111111111111111111111111111111 (balance = 0ng ; last_trans_lt = 100000001..100000002)[0m
20: [0m[ 4][t 0][2026-09-12 14:25:44.848618843][transaction.cpp:622]	unpacking account 0000000000000000000000000000000000000000000000000000000000000000[0m
20: [0m[ 4][t 0][2026-09-12 14:25:44.848627571][transaction.cpp:455]	last_paid=0; cells=6 bits=966[0m
20: [0m[ 4][t 0][2026-09-12 14:25:44.848633426][transaction.cpp:685]	end of Account.unpack() for 2:0000000000000000000000000000000000000000000000000000000000000000 (balance = 21003001000ng ; last_trans_lt = 102000001..102000002)[0m
20: [0m[ 4][t 0][2026-09-12 14:25:44.848643612][transaction.cpp:622]	unpacking account FFFFFFFFFFFFFFFFFFFFFFFFFFFFFFFFFFFFFFFFFFFFFFFFFFFFFFFFFFFFFFFF[0m
20: [0m[ 4][t 0][2026-09-12 14:25:44.848650659][transaction.cpp:455]	last_paid=0; cells=3 bits=124[0m
20: [0m[ 4][t 0][2026-09-12 14:25:44.848655978][transaction.cpp:685]	end of Account.unpack() for 2:FFFFFFFFFFFFFFFFFFFFFFFFFFFFFFFFFFFFFFFFFFFFFFFFFFFFFFFFFFFFFFFF (balance = 989998161ng ; last_trans_lt = 102000001..102000003)[0m
20: [0m[ 4][t 0][2026-09-12 14:25:44.851493840][transaction.cpp:622]	unpacking account 1111111111111111111111111111111111111111111111111111111111111111[0m
20: [0m[ 4][t 0][2026-09-12 14:25:44.851503194][transaction.cpp:455]	last_paid=0; cells=24 bits=7201[0m
20: [0m[ 4][t 0][2026-09-12 14:25:44.851510435][transaction.cpp:685]	end of Account.unpack() for 2:1111111111111111111111111111111111111111111111111111111111111111 (balance = 0ng ; last_trans_lt = 102000001..102000002)[0m
20: [0m[ 4][t 0][2026-09-12 14:25:46.515441571][transaction.cpp:622]	unpacking account 2222222222222222222222222222222222222222222222222222222222222222[0m
20: [0m[ 4][t 0][2026-09-12 14:25:46.515455617][transaction.cpp:455]	last_paid=0; cells=10 bits=3308[0m
20: [0m[ 4][t 0][2026-09-12 14:25:46.515460004][transaction.cpp:685]	end of Account.unpack() for 2:2222222222222222222222222222222222222222222222222222222222222222 (balance = 0ng ; last_trans_lt = 8000001..8000002)[0m
20: [0m[ 4][t 0][2026-09-12 14:25:47.474986332][transaction.cpp:622]	unpacking account 0000000000000000000000000000000000000000000000000000000000000000[0m
20: [0m[ 4][t 0][2026-09-12 14:25:47.474997206][transaction.cpp:455]	last_paid=0; cells=6 bits=966[0m
20: [0m[ 4][t 0][2026-09-12 14:25:47.475001369][transaction.cpp:685]	end of Account.unpack() for 2:0000000000000000000000000000000000000000000000000000000000000000 (balance = 21006001000ng ; last_trans_lt = 106000001..106000002)[0m
20: [0m[ 4][t 0][2026-09-12 14:25:47.475007809][transaction.cpp:622]	unpacking account FFFFFFFFFFFFFFFFFFFFFFFFFFFFFFFFFFFFFFFFFFFFFFFFFFFFFFFFFFFFFFFF[0m
20: [0m[ 4][t 0][2026-09-12 14:25:47.475010857][transaction.cpp:455]	last_paid=0; cells=3 bits=124[0m
20: [0m[ 4][t 0][2026-09-12 14:25:47.475013317][transaction.cpp:685]	end of Account.unpack() for 2:FFFFFFFFFFFFFFFFFFFFFFFFFFFFFFFFFFFFFFFFFFFFFFFFFFFFFFFFFFFFFFFF (balance = 996994223ng ; last_trans_lt = 106000001..106000002)[0m
20: [0m[ 4][t 0][2026-09-12 14:25:47.477896312][transaction.cpp:622]	unpacking account 1111111111111111111111111111111111111111111111111111111111111111[0m
20: [0m[ 4][t 0][2026-09-12 14:25:47.477915741][transaction.cpp:455]	last_paid=0; cells=29 bits=9276[0m
20: [0m[ 4][t 0][2026-09-12 14:25:47.477920025][transaction.cpp:685]	end of Account.unpack() for 2:1111111111111111111111111111111111111111111111111111111111111111 (balance = 0ng ; last_trans_lt = 106000001..106000002)[0m
20: [0m[ 4][t 0][2026-09-12 14:25:49.968490680][transaction.cpp:622]	unpacking account 2222222222222222222222222222222222222222222222222222222222222222[0m
20: [0m[ 4][t 0][2026-09-12 14:25:49.968503546][transaction.cpp:455]	last_paid=0; cells=10 bits=3308[0m
20: [0m[ 4][t 0][2026-09-12 14:25:49.968507369][transaction.cpp:685]	end of Account.unpack() for 2:2222222222222222222222222222222222222222222222222222222222222222 (balance = 0ng ; last_trans_lt = 8000001..8000002)[0m
20: [0m[ 4][t 0][2026-09-12 14:25:50.932675447][transaction.cpp:622]	unpacking account FFFFFFFFFFFFFFFFFFFFFFFFFFFFFFFFFFFFFFFFFFFFFFFFFFFFFFFFFFFFFFFF[0m
20: [0m[ 4][t 0][2026-09-12 14:25:50.932685861][transaction.cpp:455]	last_paid=0; cells=3 bits=124[0m
20: [0m[ 4][t 0][2026-09-12 14:25:50.932689616][transaction.cpp:685]	end of Account.unpack() for 2:FFFFFFFFFFFFFFFFFFFFFFFFFFFFFFFFFFFFFFFFFFFFFFFFFFFFFFFFFFFFFFFF (balance = 996994223ng ; last_trans_lt = 106000001..106000002)[0m
20: COMPLETION_REAL_RED:DELTA_P
20: ORACLE_MISSING:DELTA_P
20: [0m[ 4][t 0][2026-09-12 14:26:23.932911774][mc-config.cpp:572]	workchain description dictionary created[0m
20: [0m[ 4][t 0][2026-09-12 14:26:23.933026036][mc-config.cpp:2347]	unpacked info for workchain 0: basic=true, active=true, accept_msgs=true, min_split=1, max_split=1[0m
20: [0m[ 4][t 0][2026-09-12 14:26:23.933034545][mc-config.cpp:2347]	unpacked info for workchain 2: basic=true, active=true, accept_msgs=true, min_split=0, max_split=0[0m
20: [0m[ 4][t 0][2026-09-12 14:26:23.933063159][transaction.cpp:622]	unpacking account 1111111111111111111111111111111111111111111111111111111111111111[0m
20: [0m[ 4][t 0][2026-09-12 14:26:23.933083770][transaction.cpp:455]	last_paid=0; cells=24 bits=7201[0m
20: [0m[ 4][t 0][2026-09-12 14:26:23.933095885][transaction.cpp:685]	end of Account.unpack() for 2:1111111111111111111111111111111111111111111111111111111111111111 (balance = 0ng ; last_trans_lt = 102000001..102000002)[0m
20: [0m[ 4][t 0][2026-09-12 14:26:23.933400661][transaction.cpp:622]	unpacking account 1111111111111111111111111111111111111111111111111111111111111111[0m
20: [0m[ 4][t 0][2026-09-12 14:26:23.933406753][transaction.cpp:455]	last_paid=0; cells=24 bits=7199[0m
20: [0m[ 4][t 0][2026-09-12 14:26:23.933409836][transaction.cpp:685]	end of Account.unpack() for 2:1111111111111111111111111111111111111111111111111111111111111111 (balance = 0ng ; last_trans_lt = 100000001..100000002)[0m
20: [0m[ 4][t 0][2026-09-12 14:26:23.933514977][transaction.cpp:622]	unpacking account 0000000000000000000000000000000000000000000000000000000000000000[0m
20: [0m[ 4][t 0][2026-09-12 14:26:23.933520380][transaction.cpp:455]	last_paid=0; cells=6 bits=966[0m
20: [0m[ 4][t 0][2026-09-12 14:26:23.933523101][transaction.cpp:685]	end of Account.unpack() for 2:0000000000000000000000000000000000000000000000000000000000000000 (balance = 21003001000ng ; last_trans_lt = 102000001..102000002)[0m
20: [0m[ 4][t 0][2026-09-12 14:26:23.933530096][transaction.cpp:622]	unpacking account FFFFFFFFFFFFFFFFFFFFFFFFFFFFFFFFFFFFFFFFFFFFFFFFFFFFFFFFFFFFFFFF[0m
20: [0m[ 4][t 0][2026-09-12 14:26:23.933532999][transaction.cpp:455]	last_paid=0; cells=3 bits=124[0m
20: [0m[ 4][t 0][2026-09-12 14:26:23.933535782][transaction.cpp:685]	end of Account.unpack() for 2:FFFFFFFFFFFFFFFFFFFFFFFFFFFFFFFFFFFFFFFFFFFFFFFFFFFFFFFFFFFFFFFF (balance = 989998161ng ; last_trans_lt = 102000001..102000003)[0m
20: [0m[ 4][t 0][2026-09-12 14:26:23.935032951][transaction.cpp:622]	unpacking account 1111111111111111111111111111111111111111111111111111111111111111[0m
20: [0m[ 4][t 0][2026-09-12 14:26:23.935039389][transaction.cpp:455]	last_paid=0; cells=24 bits=7201[0m
20: [0m[ 4][t 0][2026-09-12 14:26:23.935042353][transaction.cpp:685]	end of Account.unpack() for 2:1111111111111111111111111111111111111111111111111111111111111111 (balance = 0ng ; last_trans_lt = 102000001..102000002)[0m
20: [0m[ 4][t 0][2026-09-12 14:26:25.373265266][transaction.cpp:622]	unpacking account 2222222222222222222222222222222222222222222222222222222222222222[0m
20: [0m[ 4][t 0][2026-09-12 14:26:25.373281579][transaction.cpp:455]	last_paid=0; cells=10 bits=3308[0m
20: [0m[ 4][t 0][2026-09-12 14:26:25.373285980][transaction.cpp:685]	end of Account.unpack() for 2:2222222222222222222222222222222222222222222222222222222222222222 (balance = 0ng ; last_trans_lt = 8000001..8000002)[0m
20: [0m[ 4][t 0][2026-09-12 14:26:26.340560524][transaction.cpp:622]	unpacking account 0000000000000000000000000000000000000000000000000000000000000000[0m
20: [0m[ 4][t 0][2026-09-12 14:26:26.340575514][transaction.cpp:455]	last_paid=0; cells=6 bits=966[0m
20: [0m[ 4][t 0][2026-09-12 14:26:26.340580057][transaction.cpp:685]	end of Account.unpack() for 2:0000000000000000000000000000000000000000000000000000000000000000 (balance = 21006001000ng ; last_trans_lt = 106000001..106000002)[0m
20: [0m[ 4][t 0][2026-09-12 14:26:26.340587956][transaction.cpp:622]	unpacking account FFFFFFFFFFFFFFFFFFFFFFFFFFFFFFFFFFFFFFFFFFFFFFFFFFFFFFFFFFFFFFFF[0m
20: [0m[ 4][t 0][2026-09-12 14:26:26.340591232][transaction.cpp:455]	last_paid=0; cells=3 bits=124[0m
20: [0m[ 4][t 0][2026-09-12 14:26:26.340593849][transaction.cpp:685]	end of Account.unpack() for 2:FFFFFFFFFFFFFFFFFFFFFFFFFFFFFFFFFFFFFFFFFFFFFFFFFFFFFFFFFFFFFFFF (balance = 996994223ng ; last_trans_lt = 106000001..106000002)[0m
20: [0m[ 4][t 0][2026-09-12 14:26:26.343874934][transaction.cpp:622]	unpacking account 1111111111111111111111111111111111111111111111111111111111111111[0m
20: [0m[ 4][t 0][2026-09-12 14:26:26.343898996][transaction.cpp:455]	last_paid=0; cells=29 bits=9276[0m
20: [0m[ 4][t 0][2026-09-12 14:26:26.343903467][transaction.cpp:685]	end of Account.unpack() for 2:1111111111111111111111111111111111111111111111111111111111111111 (balance = 0ng ; last_trans_lt = 106000001..106000002)[0m
20: [0m[ 4][t 0][2026-09-12 14:26:28.777524618][transaction.cpp:622]	unpacking account 2222222222222222222222222222222222222222222222222222222222222222[0m
20: [0m[ 4][t 0][2026-09-12 14:26:28.777537123][transaction.cpp:455]	last_paid=0; cells=10 bits=3308[0m
20: [0m[ 4][t 0][2026-09-12 14:26:28.777540931][transaction.cpp:685]	end of Account.unpack() for 2:2222222222222222222222222222222222222222222222222222222222222222 (balance = 0ng ; last_trans_lt = 8000001..8000002)[0m
20: [0m[ 4][t 0][2026-09-12 14:26:29.762158380][transaction.cpp:622]	unpacking account FFFFFFFFFFFFFFFFFFFFFFFFFFFFFFFFFFFFFFFFFFFFFFFFFFFFFFFFFFFFFFFF[0m
20: [0m[ 4][t 0][2026-09-12 14:26:29.762170493][transaction.cpp:455]	last_paid=0; cells=3 bits=124[0m
20: [0m[ 4][t 0][2026-09-12 14:26:29.762174473][transaction.cpp:685]	end of Account.unpack() for 2:FFFFFFFFFFFFFFFFFFFFFFFFFFFFFFFFFFFFFFFFFFFFFFFFFFFFFFFFFFFFFFFF (balance = 996994223ng ; last_trans_lt = 106000001..106000002)[0m
20: COMPLETION_REAL_RED:RECORD_CLOSURE
20: ORACLE_MISSING:RECORD_CLOSURE
20: UPSTREAM_REMOVED_SAME_ARTIFACT:DELTA_W
20: [0m[ 4][t 0][2026-09-12 14:26:34.681956605][mc-config.cpp:572]	workchain description dictionary created[0m
20: [0m[ 4][t 0][2026-09-12 14:26:34.682177692][mc-config.cpp:2347]	unpacked info for workchain 0: basic=true, active=true, accept_msgs=true, min_split=1, max_split=1[0m
20: [0m[ 4][t 0][2026-09-12 14:26:34.682191484][mc-config.cpp:2347]	unpacked info for workchain 2: basic=true, active=true, accept_msgs=true, min_split=0, max_split=0[0m
20: [0m[ 4][t 0][2026-09-12 14:26:34.682227506][transaction.cpp:622]	unpacking account 1111111111111111111111111111111111111111111111111111111111111111[0m
20: [0m[ 4][t 0][2026-09-12 14:26:34.682253538][transaction.cpp:455]	last_paid=0; cells=24 bits=7201[0m
20: [0m[ 4][t 0][2026-09-12 14:26:34.682269481][transaction.cpp:685]	end of Account.unpack() for 2:1111111111111111111111111111111111111111111111111111111111111111 (balance = 0ng ; last_trans_lt = 102000001..102000002)[0m
20: [0m[ 4][t 0][2026-09-12 14:26:34.682818784][transaction.cpp:622]	unpacking account 1111111111111111111111111111111111111111111111111111111111111111[0m
20: [0m[ 4][t 0][2026-09-12 14:26:34.682828788][transaction.cpp:455]	last_paid=0; cells=24 bits=7199[0m
20: [0m[ 4][t 0][2026-09-12 14:26:34.682835888][transaction.cpp:685]	end of Account.unpack() for 2:1111111111111111111111111111111111111111111111111111111111111111 (balance = 0ng ; last_trans_lt = 100000001..100000002)[0m
20: [0m[ 4][t 0][2026-09-12 14:26:34.683025646][transaction.cpp:622]	unpacking account 0000000000000000000000000000000000000000000000000000000000000000[0m
20: [0m[ 4][t 0][2026-09-12 14:26:34.683033994][transaction.cpp:455]	last_paid=0; cells=6 bits=966[0m
20: [0m[ 4][t 0][2026-09-12 14:26:34.683039956][transaction.cpp:685]	end of Account.unpack() for 2:0000000000000000000000000000000000000000000000000000000000000000 (balance = 21003001000ng ; last_trans_lt = 102000001..102000002)[0m
20: [0m[ 4][t 0][2026-09-12 14:26:34.683049501][transaction.cpp:622]	unpacking account FFFFFFFFFFFFFFFFFFFFFFFFFFFFFFFFFFFFFFFFFFFFFFFFFFFFFFFFFFFFFFFF[0m
20: [0m[ 4][t 0][2026-09-12 14:26:34.683055411][transaction.cpp:455]	last_paid=0; cells=3 bits=124[0m
20: [0m[ 4][t 0][2026-09-12 14:26:34.683060773][transaction.cpp:685]	end of Account.unpack() for 2:FFFFFFFFFFFFFFFFFFFFFFFFFFFFFFFFFFFFFFFFFFFFFFFFFFFFFFFFFFFFFFFF (balance = 989998161ng ; last_trans_lt = 102000001..102000003)[0m
20: [0m[ 4][t 0][2026-09-12 14:26:34.685886545][transaction.cpp:622]	unpacking account 1111111111111111111111111111111111111111111111111111111111111111[0m
20: [0m[ 4][t 0][2026-09-12 14:26:34.685895821][transaction.cpp:455]	last_paid=0; cells=24 bits=7201[0m
20: [0m[ 4][t 0][2026-09-12 14:26:34.685902114][transaction.cpp:685]	end of Account.unpack() for 2:1111111111111111111111111111111111111111111111111111111111111111 (balance = 0ng ; last_trans_lt = 102000001..102000002)[0m
20: [0m[ 4][t 0][2026-09-12 14:26:36.210498945][transaction.cpp:622]	unpacking account 2222222222222222222222222222222222222222222222222222222222222222[0m
20: [0m[ 4][t 0][2026-09-12 14:26:36.210513614][transaction.cpp:455]	last_paid=0; cells=10 bits=3308[0m
20: [0m[ 4][t 0][2026-09-12 14:26:36.210517950][transaction.cpp:685]	end of Account.unpack() for 2:2222222222222222222222222222222222222222222222222222222222222222 (balance = 0ng ; last_trans_lt = 8000001..8000002)[0m
20: [0m[ 4][t 0][2026-09-12 14:26:37.174249367][transaction.cpp:622]	unpacking account 0000000000000000000000000000000000000000000000000000000000000000[0m
20: [0m[ 4][t 0][2026-09-12 14:26:37.174260410][transaction.cpp:455]	last_paid=0; cells=6 bits=966[0m
20: [0m[ 4][t 0][2026-09-12 14:26:37.174264130][transaction.cpp:685]	end of Account.unpack() for 2:0000000000000000000000000000000000000000000000000000000000000000 (balance = 21006001000ng ; last_trans_lt = 106000001..106000002)[0m
20: [0m[ 4][t 0][2026-09-12 14:26:37.174270410][transaction.cpp:622]	unpacking account FFFFFFFFFFFFFFFFFFFFFFFFFFFFFFFFFFFFFFFFFFFFFFFFFFFFFFFFFFFFFFFF[0m
20: [0m[ 4][t 0][2026-09-12 14:26:37.174273496][transaction.cpp:455]	last_paid=0; cells=3 bits=124[0m
20: [0m[ 4][t 0][2026-09-12 14:26:37.174275860][transaction.cpp:685]	end of Account.unpack() for 2:FFFFFFFFFFFFFFFFFFFFFFFFFFFFFFFFFFFFFFFFFFFFFFFFFFFFFFFFFFFFFFFF (balance = 996994223ng ; last_trans_lt = 106000001..106000002)[0m
20: [0m[ 4][t 0][2026-09-12 14:26:37.177213521][transaction.cpp:622]	unpacking account 1111111111111111111111111111111111111111111111111111111111111111[0m
20: [0m[ 4][t 0][2026-09-12 14:26:37.177231893][transaction.cpp:455]	last_paid=0; cells=29 bits=9276[0m
20: [0m[ 4][t 0][2026-09-12 14:26:37.177236514][transaction.cpp:685]	end of Account.unpack() for 2:1111111111111111111111111111111111111111111111111111111111111111 (balance = 0ng ; last_trans_lt = 106000001..106000002)[0m
20: [0m[ 4][t 0][2026-09-12 14:26:39.686416257][transaction.cpp:622]	unpacking account 2222222222222222222222222222222222222222222222222222222222222222[0m
20: [0m[ 4][t 0][2026-09-12 14:26:39.686429979][transaction.cpp:455]	last_paid=0; cells=10 bits=3308[0m
20: [0m[ 4][t 0][2026-09-12 14:26:39.686433991][transaction.cpp:685]	end of Account.unpack() for 2:2222222222222222222222222222222222222222222222222222222222222222 (balance = 0ng ; last_trans_lt = 8000001..8000002)[0m
20: [0m[ 4][t 0][2026-09-12 14:26:40.648142131][transaction.cpp:622]	unpacking account FFFFFFFFFFFFFFFFFFFFFFFFFFFFFFFFFFFFFFFFFFFFFFFFFFFFFFFFFFFFFFFF[0m
20: [0m[ 4][t 0][2026-09-12 14:26:40.648154635][transaction.cpp:455]	last_paid=0; cells=3 bits=124[0m
20: [0m[ 4][t 0][2026-09-12 14:26:40.648158717][transaction.cpp:685]	end of Account.unpack() for 2:FFFFFFFFFFFFFFFFFFFFFFFFFFFFFFFFFFFFFFFFFFFFFFFFFFFFFFFFFFFFFFFF (balance = 996994223ng ; last_trans_lt = 106000001..106000002)[0m
20: WITHDRAWAL-COMPLETION_D78_OBSERVED:test-workchain-withdrawal-completion-row5
1/1 Test #20: test-workchain-withdrawal-completion-row5 ...   Passed  242.00 sec

The following tests passed:
	test-workchain-withdrawal-completion-row5

100% tests passed, 0 tests failed out of 1

Total Test time (real) = 242.01 sec
Internal ctest changing into directory: /tmp/uno-merge-6ea2fbf80-tL5Uih
UpdateCTestConfiguration  from :/tmp/uno-merge-6ea2fbf80-tL5Uih/DartConfiguration.tcl
UpdateCTestConfiguration  from :/tmp/uno-merge-6ea2fbf80-tL5Uih/DartConfiguration.tcl
Test project /tmp/uno-merge-6ea2fbf80-tL5Uih
Constructing a list of tests
Done constructing a list of tests
Updating test list for fixtures
Added 0 tests to meet fixture requirements
Checking test dependency graph...
Checking test dependency graph end
test 17
    Start 17: test-workchain-withdrawal-completion-bucket-small

17: Test command: /home/tomi/.local/bin/python3 "/home/tomi/tos/test/uno-m3-live.py" "--build" "/tmp/uno-merge-6ea2fbf80-tL5Uih" "--completion-contract" "bucket-small"
17: Test timeout computed to be: 1800
17: COMPLETION_RUN:/tmp/uno-completion-bucket-xkkdrx26
17: COMPLETION_REAL_RED:DISPOSITION_MUST_PUBLISH
17: ORACLE_MISSING:DISPOSITION_MUST_PUBLISH
17: [0m[ 4][t 0][2026-09-12 14:36:49.810349393][mc-config.cpp:572]	workchain description dictionary created[0m
17: [0m[ 4][t 0][2026-09-12 14:36:49.810552869][mc-config.cpp:2347]	unpacked info for workchain 0: basic=true, active=true, accept_msgs=true, min_split=1, max_split=1[0m
17: [0m[ 4][t 0][2026-09-12 14:36:49.810564734][mc-config.cpp:2347]	unpacked info for workchain 2: basic=true, active=true, accept_msgs=true, min_split=0, max_split=0[0m
17: [0m[ 4][t 0][2026-09-12 14:36:49.810629183][transaction.cpp:622]	unpacking account 1111111111111111111111111111111111111111111111111111111111111111[0m
17: [0m[ 4][t 0][2026-09-12 14:36:49.810662672][transaction.cpp:455]	last_paid=0; cells=24 bits=7202[0m
17: [0m[ 4][t 0][2026-09-12 14:36:49.810676571][transaction.cpp:685]	end of Account.unpack() for 2:1111111111111111111111111111111111111111111111111111111111111111 (balance = 0ng ; last_trans_lt = 100000001..100000002)[0m
17: [0m[ 4][t 0][2026-09-12 14:36:49.810920124][transaction.cpp:622]	unpacking account 0000000000000000000000000000000000000000000000000000000000000000[0m
17: [0m[ 4][t 0][2026-09-12 14:36:49.810929833][transaction.cpp:455]	last_paid=0; cells=6 bits=966[0m
17: [0m[ 4][t 0][2026-09-12 14:36:49.810936802][transaction.cpp:685]	end of Account.unpack() for 2:0000000000000000000000000000000000000000000000000000000000000000 (balance = 21003000750ng ; last_trans_lt = 100000001..100000002)[0m
17: [0m[ 4][t 0][2026-09-12 14:36:49.810949255][transaction.cpp:622]	unpacking account FFFFFFFFFFFFFFFFFFFFFFFFFFFFFFFFFFFFFFFFFFFFFFFFFFFFFFFFFFFFFFFF[0m
17: [0m[ 4][t 0][2026-09-12 14:36:49.810955354][transaction.cpp:455]	last_paid=0; cells=3 bits=124[0m
17: [0m[ 4][t 0][2026-09-12 14:36:49.810960522][transaction.cpp:685]	end of Account.unpack() for 2:FFFFFFFFFFFFFFFFFFFFFFFFFFFFFFFFFFFFFFFFFFFFFFFFFFFFFFFFFFFFFFFF (balance = 996994718ng ; last_trans_lt = 100000001..100000003)[0m
17: [0m[ 4][t 0][2026-09-12 14:36:49.813441178][transaction.cpp:622]	unpacking account 1111111111111111111111111111111111111111111111111111111111111111[0m
17: [0m[ 4][t 0][2026-09-12 14:36:49.813452462][transaction.cpp:455]	last_paid=0; cells=24 bits=7202[0m
17: [0m[ 4][t 0][2026-09-12 14:36:49.813459955][transaction.cpp:685]	end of Account.unpack() for 2:1111111111111111111111111111111111111111111111111111111111111111 (balance = 0ng ; last_trans_lt = 100000001..100000002)[0m
17: [0m[ 4][t 0][2026-09-12 14:36:52.143228992][transaction.cpp:622]	unpacking account 2222222222222222222222222222222222222222222222222222222222222222[0m
17: [0m[ 4][t 0][2026-09-12 14:36:52.143254376][transaction.cpp:455]	last_paid=0; cells=10 bits=3308[0m
17: [0m[ 4][t 0][2026-09-12 14:36:52.143259908][transaction.cpp:685]	end of Account.unpack() for 2:2222222222222222222222222222222222222222222222222222222222222222 (balance = 0ng ; last_trans_lt = 8000001..8000002)[0m
17: [0m[ 4][t 0][2026-09-12 14:36:53.137928999][transaction.cpp:622]	unpacking account 0000000000000000000000000000000000000000000000000000000000000000[0m
17: [0m[ 4][t 0][2026-09-12 14:36:53.137946551][transaction.cpp:455]	last_paid=0; cells=8 bits=1528[0m
17: [0m[ 4][t 0][2026-09-12 14:36:53.137951032][transaction.cpp:685]	end of Account.unpack() for 2:0000000000000000000000000000000000000000000000000000000000000000 (balance = 21006000757ng ; last_trans_lt = 104000001..104000002)[0m
17: [0m[ 4][t 0][2026-09-12 14:36:53.137960143][transaction.cpp:622]	unpacking account FFFFFFFFFFFFFFFFFFFFFFFFFFFFFFFFFFFFFFFFFFFFFFFFFFFFFFFFFFFFFFFF[0m
17: [0m[ 4][t 0][2026-09-12 14:36:53.137963203][transaction.cpp:455]	last_paid=0; cells=3 bits=124[0m
17: [0m[ 4][t 0][2026-09-12 14:36:53.137965596][transaction.cpp:685]	end of Account.unpack() for 2:FFFFFFFFFFFFFFFFFFFFFFFFFFFFFFFFFFFFFFFFFFFFFFFFFFFFFFFFFFFFFFFF (balance = 996994718ng ; last_trans_lt = 104000001..104000002)[0m
17: [0m[ 4][t 0][2026-09-12 14:36:53.141255388][transaction.cpp:622]	unpacking account 1111111111111111111111111111111111111111111111111111111111111111[0m
17: [0m[ 4][t 0][2026-09-12 14:36:53.141270403][transaction.cpp:455]	last_paid=0; cells=20 bits=6065[0m
17: [0m[ 4][t 0][2026-09-12 14:36:53.141274511][transaction.cpp:685]	end of Account.unpack() for 2:1111111111111111111111111111111111111111111111111111111111111111 (balance = 0ng ; last_trans_lt = 104000001..104000002)[0m
17: [0m[ 4][t 0][2026-09-12 14:36:54.589136216][transaction.cpp:622]	unpacking account 2222222222222222222222222222222222222222222222222222222222222222[0m
17: [0m[ 4][t 0][2026-09-12 14:36:54.589152579][transaction.cpp:455]	last_paid=0; cells=10 bits=3308[0m
17: [0m[ 4][t 0][2026-09-12 14:36:54.589157080][transaction.cpp:685]	end of Account.unpack() for 2:2222222222222222222222222222222222222222222222222222222222222222 (balance = 0ng ; last_trans_lt = 8000001..8000002)[0m
17: [0m[ 4][t 0][2026-09-12 14:36:55.556599003][transaction.cpp:622]	unpacking account FFFFFFFFFFFFFFFFFFFFFFFFFFFFFFFFFFFFFFFFFFFFFFFFFFFFFFFFFFFFFFFF[0m
17: [0m[ 4][t 0][2026-09-12 14:36:55.556614959][transaction.cpp:455]	last_paid=0; cells=3 bits=124[0m
17: [0m[ 4][t 0][2026-09-12 14:36:55.556619405][transaction.cpp:685]	end of Account.unpack() for 2:FFFFFFFFFFFFFFFFFFFFFFFFFFFFFFFFFFFFFFFFFFFFFFFFFFFFFFFFFFFFFFFF (balance = 996994718ng ; last_trans_lt = 104000001..104000002)[0m
17: COMPLETION_REAL_RED:BUCKET_FIXED_ATTRIBUTION
17: ORACLE_MISSING:BUCKET_FIXED_ATTRIBUTION
17: [0m[ 4][t 0][2026-09-12 14:36:58.398931364][mc-config.cpp:572]	workchain description dictionary created[0m
17: [0m[ 4][t 0][2026-09-12 14:36:58.399157132][mc-config.cpp:2347]	unpacked info for workchain 0: basic=true, active=true, accept_msgs=true, min_split=1, max_split=1[0m
17: [0m[ 4][t 0][2026-09-12 14:36:58.399171047][mc-config.cpp:2347]	unpacked info for workchain 2: basic=true, active=true, accept_msgs=true, min_split=0, max_split=0[0m
17: [0m[ 4][t 0][2026-09-12 14:36:58.399220245][transaction.cpp:622]	unpacking account 1111111111111111111111111111111111111111111111111111111111111111[0m
17: [0m[ 4][t 0][2026-09-12 14:36:58.399247326][transaction.cpp:455]	last_paid=0; cells=24 bits=7202[0m
17: [0m[ 4][t 0][2026-09-12 14:36:58.399263562][transaction.cpp:685]	end of Account.unpack() for 2:1111111111111111111111111111111111111111111111111111111111111111 (balance = 0ng ; last_trans_lt = 100000001..100000002)[0m
17: [0m[ 4][t 0][2026-09-12 14:36:58.399501845][transaction.cpp:622]	unpacking account 0000000000000000000000000000000000000000000000000000000000000000[0m
17: [0m[ 4][t 0][2026-09-12 14:36:58.399512432][transaction.cpp:455]	last_paid=0; cells=6 bits=966[0m
17: [0m[ 4][t 0][2026-09-12 14:36:58.399518553][transaction.cpp:685]	end of Account.unpack() for 2:0000000000000000000000000000000000000000000000000000000000000000 (balance = 21003000750ng ; last_trans_lt = 100000001..100000002)[0m
17: [0m[ 4][t 0][2026-09-12 14:36:58.399528560][transaction.cpp:622]	unpacking account FFFFFFFFFFFFFFFFFFFFFFFFFFFFFFFFFFFFFFFFFFFFFFFFFFFFFFFFFFFFFFFF[0m
17: [0m[ 4][t 0][2026-09-12 14:36:58.399535503][transaction.cpp:455]	last_paid=0; cells=3 bits=124[0m
17: [0m[ 4][t 0][2026-09-12 14:36:58.399541227][transaction.cpp:685]	end of Account.unpack() for 2:FFFFFFFFFFFFFFFFFFFFFFFFFFFFFFFFFFFFFFFFFFFFFFFFFFFFFFFFFFFFFFFF (balance = 996994718ng ; last_trans_lt = 100000001..100000003)[0m
17: [0m[ 4][t 0][2026-09-12 14:36:58.402002529][transaction.cpp:622]	unpacking account 1111111111111111111111111111111111111111111111111111111111111111[0m
17: [0m[ 4][t 0][2026-09-12 14:36:58.402013612][transaction.cpp:455]	last_paid=0; cells=24 bits=7202[0m
17: [0m[ 4][t 0][2026-09-12 14:36:58.402019901][transaction.cpp:685]	end of Account.unpack() for 2:1111111111111111111111111111111111111111111111111111111111111111 (balance = 0ng ; last_trans_lt = 100000001..100000002)[0m
17: [0m[ 4][t 0][2026-09-12 14:37:00.007430281][transaction.cpp:622]	unpacking account 2222222222222222222222222222222222222222222222222222222222222222[0m
17: [0m[ 4][t 0][2026-09-12 14:37:00.007445532][transaction.cpp:455]	last_paid=0; cells=10 bits=3308[0m
17: [0m[ 4][t 0][2026-09-12 14:37:00.007449829][transaction.cpp:685]	end of Account.unpack() for 2:2222222222222222222222222222222222222222222222222222222222222222 (balance = 0ng ; last_trans_lt = 8000001..8000002)[0m
17: [0m[ 4][t 0][2026-09-12 14:37:00.995667860][transaction.cpp:622]	unpacking account 0000000000000000000000000000000000000000000000000000000000000000[0m
17: [0m[ 4][t 0][2026-09-12 14:37:00.995682487][transaction.cpp:455]	last_paid=0; cells=8 bits=1784[0m
17: [0m[ 4][t 0][2026-09-12 14:37:00.995687156][transaction.cpp:685]	end of Account.unpack() for 2:0000000000000000000000000000000000000000000000000000000000000000 (balance = 21006000757ng ; last_trans_lt = 104000001..104000002)[0m
17: [0m[ 4][t 0][2026-09-12 14:37:00.995694780][transaction.cpp:622]	unpacking account FFFFFFFFFFFFFFFFFFFFFFFFFFFFFFFFFFFFFFFFFFFFFFFFFFFFFFFFFFFFFFFF[0m
17: [0m[ 4][t 0][2026-09-12 14:37:00.995698204][transaction.cpp:455]	last_paid=0; cells=3 bits=124[0m
17: [0m[ 4][t 0][2026-09-12 14:37:00.995701032][transaction.cpp:685]	end of Account.unpack() for 2:FFFFFFFFFFFFFFFFFFFFFFFFFFFFFFFFFFFFFFFFFFFFFFFFFFFFFFFFFFFFFFFF (balance = 996994718ng ; last_trans_lt = 104000001..104000002)[0m
17: [0m[ 4][t 0][2026-09-12 14:37:00.998391564][transaction.cpp:622]	unpacking account 1111111111111111111111111111111111111111111111111111111111111111[0m
17: [0m[ 4][t 0][2026-09-12 14:37:00.998401944][transaction.cpp:455]	last_paid=0; cells=20 bits=6065[0m
17: [0m[ 4][t 0][2026-09-12 14:37:00.998405436][transaction.cpp:685]	end of Account.unpack() for 2:1111111111111111111111111111111111111111111111111111111111111111 (balance = 0ng ; last_trans_lt = 104000001..104000002)[0m
17: [0m[ 4][t 0][2026-09-12 14:37:02.438035626][transaction.cpp:622]	unpacking account 2222222222222222222222222222222222222222222222222222222222222222[0m
17: [0m[ 4][t 0][2026-09-12 14:37:02.438047963][transaction.cpp:455]	last_paid=0; cells=10 bits=3308[0m
17: [0m[ 4][t 0][2026-09-12 14:37:02.438051843][transaction.cpp:685]	end of Account.unpack() for 2:2222222222222222222222222222222222222222222222222222222222222222 (balance = 0ng ; last_trans_lt = 8000001..8000002)[0m
17: [0m[ 4][t 0][2026-09-12 14:37:03.402749848][transaction.cpp:622]	unpacking account FFFFFFFFFFFFFFFFFFFFFFFFFFFFFFFFFFFFFFFFFFFFFFFFFFFFFFFFFFFFFFFF[0m
17: [0m[ 4][t 0][2026-09-12 14:37:03.402760520][transaction.cpp:455]	last_paid=0; cells=3 bits=124[0m
17: [0m[ 4][t 0][2026-09-12 14:37:03.402764435][transaction.cpp:685]	end of Account.unpack() for 2:FFFFFFFFFFFFFFFFFFFFFFFFFFFFFFFFFFFFFFFFFFFFFFFFFFFFFFFFFFFFFFFF (balance = 996994718ng ; last_trans_lt = 104000001..104000002)[0m
17: WITHDRAWAL-COMPLETION_D78_OBSERVED:test-workchain-withdrawal-completion-bucket-small
1/1 Test #17: test-workchain-withdrawal-completion-bucket-small ...   Passed  622.74 sec

The following tests passed:
	test-workchain-withdrawal-completion-bucket-small

100% tests passed, 0 tests failed out of 1

Total Test time (real) = 622.75 sec
Internal ctest changing into directory: /tmp/uno-merge-6ea2fbf80-tL5Uih
UpdateCTestConfiguration  from :/tmp/uno-merge-6ea2fbf80-tL5Uih/DartConfiguration.tcl
UpdateCTestConfiguration  from :/tmp/uno-merge-6ea2fbf80-tL5Uih/DartConfiguration.tcl
Test project /tmp/uno-merge-6ea2fbf80-tL5Uih
Constructing a list of tests
Done constructing a list of tests
Updating test list for fixtures
Added 0 tests to meet fixture requirements
Checking test dependency graph...
Checking test dependency graph end
test 21
    Start 21: test-workchain-withdrawal-completion-bucket-full

21: Test command: /home/tomi/.local/bin/python3 "/home/tomi/tos/test/uno-m3-live.py" "--build" "/tmp/uno-merge-6ea2fbf80-tL5Uih" "--completion-contract" "bucket-full"
21: Test timeout computed to be: 1800
21: COMPLETION_RUN:/tmp/uno-completion-bucket-l1br4do0
21: [0m[ 4][t 0][2026-09-12 14:39:56.186499375][mc-config.cpp:572]	workchain description dictionary created[0m
21: [0m[ 4][t 0][2026-09-12 14:39:56.186731008][mc-config.cpp:2347]	unpacked info for workchain 0: basic=true, active=true, accept_msgs=true, min_split=1, max_split=1[0m
21: [0m[ 4][t 0][2026-09-12 14:39:56.186744097][mc-config.cpp:2347]	unpacked info for workchain 2: basic=true, active=true, accept_msgs=true, min_split=0, max_split=0[0m
21: [0m[ 4][t 0][2026-09-12 14:39:56.186803584][transaction.cpp:622]	unpacking account 1111111111111111111111111111111111111111111111111111111111111111[0m
21: [0m[ 4][t 0][2026-09-12 14:39:56.186846255][transaction.cpp:455]	last_paid=0; cells=44 bits=13864[0m
21: [0m[ 4][t 0][2026-09-12 14:39:56.186865001][transaction.cpp:685]	end of Account.unpack() for 2:1111111111111111111111111111111111111111111111111111111111111111 (balance = 0ng ; last_trans_lt = 90000001..90000002)[0m
21: [0m[ 4][t 0][2026-09-12 14:39:56.187537001][transaction.cpp:622]	unpacking account 0000000000000000000000000000000000000000000000000000000000000000[0m
21: [0m[ 4][t 0][2026-09-12 14:39:56.187548883][transaction.cpp:455]	last_paid=0; cells=6 bits=966[0m
21: [0m[ 4][t 0][2026-09-12 14:39:56.187556776][transaction.cpp:685]	end of Account.unpack() for 2:0000000000000000000000000000000000000000000000000000000000000000 (balance = 21015000750ng ; last_trans_lt = 90000001..90000002)[0m
21: [0m[ 4][t 0][2026-09-12 14:39:56.187570374][transaction.cpp:622]	unpacking account FFFFFFFFFFFFFFFFFFFFFFFFFFFFFFFFFFFFFFFFFFFFFFFFFFFFFFFFFFFFFFFF[0m
21: [0m[ 4][t 0][2026-09-12 14:39:56.187577927][transaction.cpp:455]	last_paid=0; cells=3 bits=132[0m
21: [0m[ 4][t 0][2026-09-12 14:39:56.187582607][transaction.cpp:685]	end of Account.unpack() for 2:FFFFFFFFFFFFFFFFFFFFFFFFFFFFFFFFFFFFFFFFFFFFFFFFFFFFFFFFFFFFFFFF (balance = 4989998655ng ; last_trans_lt = 90000001..90000003)[0m
21: [0m[ 4][t 0][2026-09-12 14:39:56.191314494][transaction.cpp:622]	unpacking account 1111111111111111111111111111111111111111111111111111111111111111[0m
21: [0m[ 4][t 0][2026-09-12 14:39:56.191326664][transaction.cpp:455]	last_paid=0; cells=44 bits=13864[0m
21: [0m[ 4][t 0][2026-09-12 14:39:56.191333781][transaction.cpp:685]	end of Account.unpack() for 2:1111111111111111111111111111111111111111111111111111111111111111 (balance = 0ng ; last_trans_lt = 90000001..90000002)[0m
21: [0m[ 4][t 0][2026-09-12 14:40:04.008065295][transaction.cpp:622]	unpacking account 2222222222222222222222222222222222222222222222222222222222222222[0m
21: [0m[ 4][t 0][2026-09-12 14:40:04.008095458][transaction.cpp:455]	last_paid=0; cells=10 bits=3308[0m
21: [0m[ 4][t 0][2026-09-12 14:40:04.008100955][transaction.cpp:685]	end of Account.unpack() for 2:2222222222222222222222222222222222222222222222222222222222222222 (balance = 0ng ; last_trans_lt = 8000001..8000002)[0m
21: [0m[ 4][t 0][2026-09-12 14:40:05.032890228][transaction.cpp:622]	unpacking account 0000000000000000000000000000000000000000000000000000000000000000[0m
21: [0m[ 4][t 0][2026-09-12 14:40:05.032909687][transaction.cpp:455]	last_paid=0; cells=8 bits=1784[0m
21: [0m[ 4][t 0][2026-09-12 14:40:05.032914609][transaction.cpp:685]	end of Account.unpack() for 2:0000000000000000000000000000000000000000000000000000000000000000 (balance = 21024996820ng ; last_trans_lt = 94000001..94000002)[0m
21: [0m[ 4][t 0][2026-09-12 14:40:05.032924187][transaction.cpp:622]	unpacking account FFFFFFFFFFFFFFFFFFFFFFFFFFFFFFFFFFFFFFFFFFFFFFFFFFFFFFFFFFFFFFFF[0m
21: [0m[ 4][t 0][2026-09-12 14:40:05.032927404][transaction.cpp:455]	last_paid=0; cells=3 bits=132[0m
21: [0m[ 4][t 0][2026-09-12 14:40:05.032929876][transaction.cpp:685]	end of Account.unpack() for 2:FFFFFFFFFFFFFFFFFFFFFFFFFFFFFFFFFFFFFFFFFFFFFFFFFFFFFFFFFFFFFFFF (balance = 4989998655ng ; last_trans_lt = 94000001..94000002)[0m
21: [0m[ 4][t 0][2026-09-12 14:40:05.036398083][transaction.cpp:622]	unpacking account 1111111111111111111111111111111111111111111111111111111111111111[0m
21: [0m[ 4][t 0][2026-09-12 14:40:05.036410723][transaction.cpp:455]	last_paid=0; cells=40 bits=12727[0m
21: [0m[ 4][t 0][2026-09-12 14:40:05.036414679][transaction.cpp:685]	end of Account.unpack() for 2:1111111111111111111111111111111111111111111111111111111111111111 (balance = 0ng ; last_trans_lt = 94000001..94000002)[0m
21: [0m[ 4][t 0][2026-09-12 14:40:12.352552238][transaction.cpp:622]	unpacking account 2222222222222222222222222222222222222222222222222222222222222222[0m
21: [0m[ 4][t 0][2026-09-12 14:40:12.352578597][transaction.cpp:455]	last_paid=0; cells=10 bits=3308[0m
21: [0m[ 4][t 0][2026-09-12 14:40:12.352584425][transaction.cpp:685]	end of Account.unpack() for 2:2222222222222222222222222222222222222222222222222222222222222222 (balance = 0ng ; last_trans_lt = 8000001..8000002)[0m
21: [0m[ 4][t 0][2026-09-12 14:40:13.312989800][transaction.cpp:622]	unpacking account FFFFFFFFFFFFFFFFFFFFFFFFFFFFFFFFFFFFFFFFFFFFFFFFFFFFFFFFFFFFFFFF[0m
21: [0m[ 4][t 0][2026-09-12 14:40:13.313007302][transaction.cpp:455]	last_paid=0; cells=3 bits=132[0m
21: [0m[ 4][t 0][2026-09-12 14:40:13.313012166][transaction.cpp:685]	end of Account.unpack() for 2:FFFFFFFFFFFFFFFFFFFFFFFFFFFFFFFFFFFFFFFFFFFFFFFFFFFFFFFFFFFFFFFF (balance = 4989998655ng ; last_trans_lt = 94000001..94000002)[0m
21: [0m[ 4][t 0][2026-09-12 14:43:04.957371494][mc-config.cpp:572]	workchain description dictionary created[0m
21: [0m[ 4][t 0][2026-09-12 14:43:04.957589782][mc-config.cpp:2347]	unpacked info for workchain 0: basic=true, active=true, accept_msgs=true, min_split=1, max_split=1[0m
21: [0m[ 4][t 0][2026-09-12 14:43:04.957603838][mc-config.cpp:2347]	unpacked info for workchain 2: basic=true, active=true, accept_msgs=true, min_split=0, max_split=0[0m
21: [0m[ 4][t 0][2026-09-12 14:43:04.957662422][transaction.cpp:622]	unpacking account 1111111111111111111111111111111111111111111111111111111111111111[0m
21: [0m[ 4][t 0][2026-09-12 14:43:04.957701266][transaction.cpp:455]	last_paid=0; cells=39 bits=12343[0m
21: [0m[ 4][t 0][2026-09-12 14:43:04.957719226][transaction.cpp:685]	end of Account.unpack() for 2:1111111111111111111111111111111111111111111111111111111111111111 (balance = 0ng ; last_trans_lt = 74000001..74000002)[0m
21: [0m[ 4][t 0][2026-09-12 14:43:04.958266301][transaction.cpp:622]	unpacking account 0000000000000000000000000000000000000000000000000000000000000000[0m
21: [0m[ 4][t 0][2026-09-12 14:43:04.958277912][transaction.cpp:455]	last_paid=0; cells=6 bits=966[0m
21: [0m[ 4][t 0][2026-09-12 14:43:04.958284673][transaction.cpp:685]	end of Account.unpack() for 2:0000000000000000000000000000000000000000000000000000000000000000 (balance = 21015000750ng ; last_trans_lt = 74000001..74000002)[0m
21: [0m[ 4][t 0][2026-09-12 14:43:04.958296106][transaction.cpp:622]	unpacking account FFFFFFFFFFFFFFFFFFFFFFFFFFFFFFFFFFFFFFFFFFFFFFFFFFFFFFFFFFFFFFFF[0m
21: [0m[ 4][t 0][2026-09-12 14:43:04.958302127][transaction.cpp:455]	last_paid=0; cells=3 bits=132[0m
21: [0m[ 4][t 0][2026-09-12 14:43:04.958306650][transaction.cpp:685]	end of Account.unpack() for 2:FFFFFFFFFFFFFFFFFFFFFFFFFFFFFFFFFFFFFFFFFFFFFFFFFFFFFFFFFFFFFFFF (balance = 4989998642ng ; last_trans_lt = 74000001..74000003)[0m
21: [0m[ 4][t 0][2026-09-12 14:43:04.962309472][transaction.cpp:622]	unpacking account 1111111111111111111111111111111111111111111111111111111111111111[0m
21: [0m[ 4][t 0][2026-09-12 14:43:04.962321716][transaction.cpp:455]	last_paid=0; cells=39 bits=12343[0m
21: [0m[ 4][t 0][2026-09-12 14:43:04.962328095][transaction.cpp:685]	end of Account.unpack() for 2:1111111111111111111111111111111111111111111111111111111111111111 (balance = 0ng ; last_trans_lt = 74000001..74000002)[0m
21: [0m[ 4][t 0][2026-09-12 14:43:12.771264992][transaction.cpp:622]	unpacking account 2222222222222222222222222222222222222222222222222222222222222222[0m
21: [0m[ 4][t 0][2026-09-12 14:43:12.771283581][transaction.cpp:455]	last_paid=0; cells=10 bits=3308[0m
21: [0m[ 4][t 0][2026-09-12 14:43:12.771288288][transaction.cpp:685]	end of Account.unpack() for 2:2222222222222222222222222222222222222222222222222222222222222222 (balance = 0ng ; last_trans_lt = 8000001..8000002)[0m
21: [0m[ 4][t 0][2026-09-12 14:43:13.732082987][transaction.cpp:622]	unpacking account 0000000000000000000000000000000000000000000000000000000000000000[0m
21: [0m[ 4][t 0][2026-09-12 14:43:13.732094980][transaction.cpp:455]	last_paid=0; cells=6 bits=966[0m
21: [0m[ 4][t 0][2026-09-12 14:43:13.732098973][transaction.cpp:685]	end of Account.unpack() for 2:0000000000000000000000000000000000000000000000000000000000000000 (balance = 21018000750ng ; last_trans_lt = 78000001..78000002)[0m
21: [0m[ 4][t 0][2026-09-12 14:43:13.732106182][transaction.cpp:622]	unpacking account FFFFFFFFFFFFFFFFFFFFFFFFFFFFFFFFFFFFFFFFFFFFFFFFFFFFFFFFFFFFFFFF[0m
21: [0m[ 4][t 0][2026-09-12 14:43:13.732109820][transaction.cpp:455]	last_paid=0; cells=3 bits=132[0m
21: [0m[ 4][t 0][2026-09-12 14:43:13.732112592][transaction.cpp:685]	end of Account.unpack() for 2:FFFFFFFFFFFFFFFFFFFFFFFFFFFFFFFFFFFFFFFFFFFFFFFFFFFFFFFFFFFFFFFF (balance = 4996994704ng ; last_trans_lt = 78000001..78000002)[0m
21: [0m[ 4][t 0][2026-09-12 14:43:13.735667677][transaction.cpp:622]	unpacking account 1111111111111111111111111111111111111111111111111111111111111111[0m
21: [0m[ 4][t 0][2026-09-12 14:43:13.735679291][transaction.cpp:455]	last_paid=0; cells=40 bits=12702[0m
21: [0m[ 4][t 0][2026-09-12 14:43:13.735683291][transaction.cpp:685]	end of Account.unpack() for 2:1111111111111111111111111111111111111111111111111111111111111111 (balance = 0ng ; last_trans_lt = 78000001..78000002)[0m
21: [0m[ 4][t 0][2026-09-12 14:43:21.176157926][transaction.cpp:622]	unpacking account 2222222222222222222222222222222222222222222222222222222222222222[0m
21: [0m[ 4][t 0][2026-09-12 14:43:21.176173230][transaction.cpp:455]	last_paid=0; cells=10 bits=3308[0m
21: [0m[ 4][t 0][2026-09-12 14:43:21.176177306][transaction.cpp:685]	end of Account.unpack() for 2:2222222222222222222222222222222222222222222222222222222222222222 (balance = 0ng ; last_trans_lt = 8000001..8000002)[0m
21: [0m[ 4][t 0][2026-09-12 14:43:22.188358309][transaction.cpp:622]	unpacking account FFFFFFFFFFFFFFFFFFFFFFFFFFFFFFFFFFFFFFFFFFFFFFFFFFFFFFFFFFFFFFFF[0m
21: [0m[ 4][t 0][2026-09-12 14:43:22.188370214][transaction.cpp:455]	last_paid=0; cells=3 bits=132[0m
21: [0m[ 4][t 0][2026-09-12 14:43:22.188374245][transaction.cpp:685]	end of Account.unpack() for 2:FFFFFFFFFFFFFFFFFFFFFFFFFFFFFFFFFFFFFFFFFFFFFFFFFFFFFFFFFFFFFFFF (balance = 4996994704ng ; last_trans_lt = 78000001..78000002)[0m
21: [0m[ 4][t 0][2026-09-12 14:43:22.189945184][transaction.cpp:622]	unpacking account 1111111111111111111111111111111111111111111111111111111111111111[0m
21: [0m[ 4][t 0][2026-09-12 14:43:22.189955532][transaction.cpp:455]	last_paid=0; cells=30 bits=9968[0m
21: [0m[ 4][t 0][2026-09-12 14:43:22.189959215][transaction.cpp:685]	end of Account.unpack() for 2:1111111111111111111111111111111111111111111111111111111111111111 (balance = 0ng ; last_trans_lt = 30000001..30000002)[0m
21: [0m[ 4][t 0][2026-09-12 14:43:22.190136948][transaction.cpp:622]	unpacking account 1111111111111111111111111111111111111111111111111111111111111111[0m
21: [0m[ 4][t 0][2026-09-12 14:43:22.190141575][transaction.cpp:455]	last_paid=0; cells=25 bits=8449[0m
21: [0m[ 4][t 0][2026-09-12 14:43:22.190144126][transaction.cpp:685]	end of Account.unpack() for 2:1111111111111111111111111111111111111111111111111111111111111111 (balance = 0ng ; last_trans_lt = 32000001..32000002)[0m
21: COMPLETION_REAL_RED:DISPOSITION_MUST_PUBLISH
21: ORACLE_MISSING:DISPOSITION_MUST_PUBLISH
21: [0m[ 4][t 0][2026-09-12 14:44:30.711530459][mc-config.cpp:572]	workchain description dictionary created[0m
21: [0m[ 4][t 0][2026-09-12 14:44:30.711661038][mc-config.cpp:2347]	unpacked info for workchain 0: basic=true, active=true, accept_msgs=true, min_split=1, max_split=1[0m
21: [0m[ 4][t 0][2026-09-12 14:44:30.711671108][mc-config.cpp:2347]	unpacked info for workchain 2: basic=true, active=true, accept_msgs=true, min_split=0, max_split=0[0m
21: [0m[ 4][t 0][2026-09-12 14:44:30.711708579][transaction.cpp:622]	unpacking account 1111111111111111111111111111111111111111111111111111111111111111[0m
21: [0m[ 4][t 0][2026-09-12 14:44:30.711738421][transaction.cpp:455]	last_paid=0; cells=44 bits=13864[0m
21: [0m[ 4][t 0][2026-09-12 14:44:30.711751857][transaction.cpp:685]	end of Account.unpack() for 2:1111111111111111111111111111111111111111111111111111111111111111 (balance = 0ng ; last_trans_lt = 90000001..90000002)[0m
21: [0m[ 4][t 0][2026-09-12 14:44:30.712109466][transaction.cpp:622]	unpacking account 0000000000000000000000000000000000000000000000000000000000000000[0m
21: [0m[ 4][t 0][2026-09-12 14:44:30.712115497][transaction.cpp:455]	last_paid=0; cells=6 bits=966[0m
21: [0m[ 4][t 0][2026-09-12 14:44:30.712120009][transaction.cpp:685]	end of Account.unpack() for 2:0000000000000000000000000000000000000000000000000000000000000000 (balance = 21015000750ng ; last_trans_lt = 90000001..90000002)[0m
21: [0m[ 4][t 0][2026-09-12 14:44:30.712126653][transaction.cpp:622]	unpacking account FFFFFFFFFFFFFFFFFFFFFFFFFFFFFFFFFFFFFFFFFFFFFFFFFFFFFFFFFFFFFFFF[0m
21: [0m[ 4][t 0][2026-09-12 14:44:30.712133310][transaction.cpp:455]	last_paid=0; cells=3 bits=132[0m
21: [0m[ 4][t 0][2026-09-12 14:44:30.712135780][transaction.cpp:685]	end of Account.unpack() for 2:FFFFFFFFFFFFFFFFFFFFFFFFFFFFFFFFFFFFFFFFFFFFFFFFFFFFFFFFFFFFFFFF (balance = 4989998655ng ; last_trans_lt = 90000001..90000003)[0m
21: [0m[ 4][t 0][2026-09-12 14:44:30.714119233][transaction.cpp:622]	unpacking account 1111111111111111111111111111111111111111111111111111111111111111[0m
21: [0m[ 4][t 0][2026-09-12 14:44:30.714125878][transaction.cpp:455]	last_paid=0; cells=44 bits=13864[0m
21: [0m[ 4][t 0][2026-09-12 14:44:30.714131301][transaction.cpp:685]	end of Account.unpack() for 2:1111111111111111111111111111111111111111111111111111111111111111 (balance = 0ng ; last_trans_lt = 90000001..90000002)[0m
21: [0m[ 4][t 0][2026-09-12 14:44:38.036547409][transaction.cpp:622]	unpacking account 2222222222222222222222222222222222222222222222222222222222222222[0m
21: [0m[ 4][t 0][2026-09-12 14:44:38.036581404][transaction.cpp:455]	last_paid=0; cells=10 bits=3308[0m
21: [0m[ 4][t 0][2026-09-12 14:44:38.036589745][transaction.cpp:685]	end of Account.unpack() for 2:2222222222222222222222222222222222222222222222222222222222222222 (balance = 0ng ; last_trans_lt = 8000001..8000002)[0m
21: [0m[ 4][t 0][2026-09-12 14:44:38.999843346][transaction.cpp:622]	unpacking account 0000000000000000000000000000000000000000000000000000000000000000[0m
21: [0m[ 4][t 0][2026-09-12 14:44:38.999870332][transaction.cpp:455]	last_paid=0; cells=8 bits=1528[0m
21: [0m[ 4][t 0][2026-09-12 14:44:38.999878056][transaction.cpp:685]	end of Account.unpack() for 2:0000000000000000000000000000000000000000000000000000000000000000 (balance = 21024996820ng ; last_trans_lt = 94000001..94000002)[0m
21: [0m[ 4][t 0][2026-09-12 14:44:38.999888982][transaction.cpp:622]	unpacking account FFFFFFFFFFFFFFFFFFFFFFFFFFFFFFFFFFFFFFFFFFFFFFFFFFFFFFFFFFFFFFFF[0m
21: [0m[ 4][t 0][2026-09-12 14:44:38.999892592][transaction.cpp:455]	last_paid=0; cells=3 bits=132[0m
21: [0m[ 4][t 0][2026-09-12 14:44:38.999895153][transaction.cpp:685]	end of Account.unpack() for 2:FFFFFFFFFFFFFFFFFFFFFFFFFFFFFFFFFFFFFFFFFFFFFFFFFFFFFFFFFFFFFFFF (balance = 4989998655ng ; last_trans_lt = 94000001..94000002)[0m
21: [0m[ 4][t 0][2026-09-12 14:44:39.003364527][transaction.cpp:622]	unpacking account 1111111111111111111111111111111111111111111111111111111111111111[0m
21: [0m[ 4][t 0][2026-09-12 14:44:39.003377426][transaction.cpp:455]	last_paid=0; cells=40 bits=12727[0m
21: [0m[ 4][t 0][2026-09-12 14:44:39.003381907][transaction.cpp:685]	end of Account.unpack() for 2:1111111111111111111111111111111111111111111111111111111111111111 (balance = 0ng ; last_trans_lt = 94000001..94000002)[0m
21: [0m[ 4][t 0][2026-09-12 14:44:46.302976914][transaction.cpp:622]	unpacking account 2222222222222222222222222222222222222222222222222222222222222222[0m
21: [0m[ 4][t 0][2026-09-12 14:44:46.303012515][transaction.cpp:455]	last_paid=0; cells=10 bits=3308[0m
21: [0m[ 4][t 0][2026-09-12 14:44:46.303020113][transaction.cpp:685]	end of Account.unpack() for 2:2222222222222222222222222222222222222222222222222222222222222222 (balance = 0ng ; last_trans_lt = 8000001..8000002)[0m
21: [0m[ 4][t 0][2026-09-12 14:44:47.263397664][transaction.cpp:622]	unpacking account FFFFFFFFFFFFFFFFFFFFFFFFFFFFFFFFFFFFFFFFFFFFFFFFFFFFFFFFFFFFFFFF[0m
21: [0m[ 4][t 0][2026-09-12 14:44:47.263418297][transaction.cpp:455]	last_paid=0; cells=3 bits=132[0m
21: [0m[ 4][t 0][2026-09-12 14:44:47.263423524][transaction.cpp:685]	end of Account.unpack() for 2:FFFFFFFFFFFFFFFFFFFFFFFFFFFFFFFFFFFFFFFFFFFFFFFFFFFFFFFFFFFFFFFF (balance = 4989998655ng ; last_trans_lt = 94000001..94000002)[0m
21: COMPLETION_REAL_RED:BUCKET_FIXED_ATTRIBUTION
21: ORACLE_MISSING:BUCKET_FIXED_ATTRIBUTION
21: [0m[ 4][t 0][2026-09-12 14:44:55.900909179][mc-config.cpp:572]	workchain description dictionary created[0m
21: [0m[ 4][t 0][2026-09-12 14:44:55.901028861][mc-config.cpp:2347]	unpacked info for workchain 0: basic=true, active=true, accept_msgs=true, min_split=1, max_split=1[0m
21: [0m[ 4][t 0][2026-09-12 14:44:55.901037187][mc-config.cpp:2347]	unpacked info for workchain 2: basic=true, active=true, accept_msgs=true, min_split=0, max_split=0[0m
21: [0m[ 4][t 0][2026-09-12 14:44:55.901060364][transaction.cpp:622]	unpacking account 1111111111111111111111111111111111111111111111111111111111111111[0m
21: [0m[ 4][t 0][2026-09-12 14:44:55.901082043][transaction.cpp:455]	last_paid=0; cells=44 bits=13864[0m
21: [0m[ 4][t 0][2026-09-12 14:44:55.901092643][transaction.cpp:685]	end of Account.unpack() for 2:1111111111111111111111111111111111111111111111111111111111111111 (balance = 0ng ; last_trans_lt = 90000001..90000002)[0m
21: [0m[ 4][t 0][2026-09-12 14:44:55.901444247][transaction.cpp:622]	unpacking account 0000000000000000000000000000000000000000000000000000000000000000[0m
21: [0m[ 4][t 0][2026-09-12 14:44:55.901450882][transaction.cpp:455]	last_paid=0; cells=6 bits=966[0m
21: [0m[ 4][t 0][2026-09-12 14:44:55.901453835][transaction.cpp:685]	end of Account.unpack() for 2:0000000000000000000000000000000000000000000000000000000000000000 (balance = 21015000750ng ; last_trans_lt = 90000001..90000002)[0m
21: [0m[ 4][t 0][2026-09-12 14:44:55.901460263][transaction.cpp:622]	unpacking account FFFFFFFFFFFFFFFFFFFFFFFFFFFFFFFFFFFFFFFFFFFFFFFFFFFFFFFFFFFFFFFF[0m
21: [0m[ 4][t 0][2026-09-12 14:44:55.901463848][transaction.cpp:455]	last_paid=0; cells=3 bits=132[0m
21: [0m[ 4][t 0][2026-09-12 14:44:55.901466232][transaction.cpp:685]	end of Account.unpack() for 2:FFFFFFFFFFFFFFFFFFFFFFFFFFFFFFFFFFFFFFFFFFFFFFFFFFFFFFFFFFFFFFFF (balance = 4989998655ng ; last_trans_lt = 90000001..90000003)[0m
21: [0m[ 4][t 0][2026-09-12 14:44:55.903450814][transaction.cpp:622]	unpacking account 1111111111111111111111111111111111111111111111111111111111111111[0m
21: [0m[ 4][t 0][2026-09-12 14:44:55.903457806][transaction.cpp:455]	last_paid=0; cells=44 bits=13864[0m
21: [0m[ 4][t 0][2026-09-12 14:44:55.903460855][transaction.cpp:685]	end of Account.unpack() for 2:1111111111111111111111111111111111111111111111111111111111111111 (balance = 0ng ; last_trans_lt = 90000001..90000002)[0m
21: [0m[ 4][t 0][2026-09-12 14:45:03.325838915][transaction.cpp:622]	unpacking account 2222222222222222222222222222222222222222222222222222222222222222[0m
21: [0m[ 4][t 0][2026-09-12 14:45:03.325875730][transaction.cpp:455]	last_paid=0; cells=10 bits=3308[0m
21: [0m[ 4][t 0][2026-09-12 14:45:03.325883383][transaction.cpp:685]	end of Account.unpack() for 2:2222222222222222222222222222222222222222222222222222222222222222 (balance = 0ng ; last_trans_lt = 8000001..8000002)[0m
21: [0m[ 4][t 0][2026-09-12 14:45:04.287368265][transaction.cpp:622]	unpacking account 0000000000000000000000000000000000000000000000000000000000000000[0m
21: [0m[ 4][t 0][2026-09-12 14:45:04.287384288][transaction.cpp:455]	last_paid=0; cells=8 bits=1784[0m
21: [0m[ 4][t 0][2026-09-12 14:45:04.287388514][transaction.cpp:685]	end of Account.unpack() for 2:0000000000000000000000000000000000000000000000000000000000000000 (balance = 21024996820ng ; last_trans_lt = 94000001..94000002)[0m
21: [0m[ 4][t 0][2026-09-12 14:45:04.287397514][transaction.cpp:622]	unpacking account FFFFFFFFFFFFFFFFFFFFFFFFFFFFFFFFFFFFFFFFFFFFFFFFFFFFFFFFFFFFFFFF[0m
21: [0m[ 4][t 0][2026-09-12 14:45:04.287400836][transaction.cpp:455]	last_paid=0; cells=3 bits=132[0m
21: [0m[ 4][t 0][2026-09-12 14:45:04.287403300][transaction.cpp:685]	end of Account.unpack() for 2:FFFFFFFFFFFFFFFFFFFFFFFFFFFFFFFFFFFFFFFFFFFFFFFFFFFFFFFFFFFFFFFF (balance = 4989998655ng ; last_trans_lt = 94000001..94000002)[0m
21: [0m[ 4][t 0][2026-09-12 14:45:04.290840115][transaction.cpp:622]	unpacking account 1111111111111111111111111111111111111111111111111111111111111111[0m
21: [0m[ 4][t 0][2026-09-12 14:45:04.290853135][transaction.cpp:455]	last_paid=0; cells=40 bits=12727[0m
21: [0m[ 4][t 0][2026-09-12 14:45:04.290857761][transaction.cpp:685]	end of Account.unpack() for 2:1111111111111111111111111111111111111111111111111111111111111111 (balance = 0ng ; last_trans_lt = 94000001..94000002)[0m
21: [0m[ 4][t 0][2026-09-12 14:45:11.692531931][transaction.cpp:622]	unpacking account 2222222222222222222222222222222222222222222222222222222222222222[0m
21: [0m[ 4][t 0][2026-09-12 14:45:11.692566644][transaction.cpp:455]	last_paid=0; cells=10 bits=3308[0m
21: [0m[ 4][t 0][2026-09-12 14:45:11.692573821][transaction.cpp:685]	end of Account.unpack() for 2:2222222222222222222222222222222222222222222222222222222222222222 (balance = 0ng ; last_trans_lt = 8000001..8000002)[0m
21: [0m[ 4][t 0][2026-09-12 14:45:12.657402907][transaction.cpp:622]	unpacking account FFFFFFFFFFFFFFFFFFFFFFFFFFFFFFFFFFFFFFFFFFFFFFFFFFFFFFFFFFFFFFFF[0m
21: [0m[ 4][t 0][2026-09-12 14:45:12.657426623][transaction.cpp:455]	last_paid=0; cells=3 bits=132[0m
21: [0m[ 4][t 0][2026-09-12 14:45:12.657434047][transaction.cpp:685]	end of Account.unpack() for 2:FFFFFFFFFFFFFFFFFFFFFFFFFFFFFFFFFFFFFFFFFFFFFFFFFFFFFFFFFFFFFFFF (balance = 4989998655ng ; last_trans_lt = 94000001..94000002)[0m
21: WITHDRAWAL-COMPLETION_D78_OBSERVED:test-workchain-withdrawal-completion-bucket-full
1/1 Test #21: test-workchain-withdrawal-completion-bucket-full ...   Passed  489.23 sec

The following tests passed:
	test-workchain-withdrawal-completion-bucket-full

100% tests passed, 0 tests failed out of 1

Total Test time (real) = 489.24 sec
Internal ctest changing into directory: /tmp/uno-merge-6ea2fbf80-tL5Uih
UpdateCTestConfiguration  from :/tmp/uno-merge-6ea2fbf80-tL5Uih/DartConfiguration.tcl
UpdateCTestConfiguration  from :/tmp/uno-merge-6ea2fbf80-tL5Uih/DartConfiguration.tcl
Test project /tmp/uno-merge-6ea2fbf80-tL5Uih
Constructing a list of tests
Done constructing a list of tests
Updating test list for fixtures
Added 0 tests to meet fixture requirements
Checking test dependency graph...
Checking test dependency graph end
test 22
    Start 22: test-workchain-withdrawal-completion-bucket-closed

22: Test command: /home/tomi/.local/bin/python3 "/home/tomi/tos/test/uno-m3-live.py" "--build" "/tmp/uno-merge-6ea2fbf80-tL5Uih" "--completion-contract" "bucket-closed"
22: Test timeout computed to be: 1800
22: COMPLETION_RUN:/tmp/uno-completion-bucket-bq_k5ct8
22: [0m[ 4][t 0][2026-09-12 14:47:34.636139243][mc-config.cpp:572]	workchain description dictionary created[0m
22: [0m[ 4][t 0][2026-09-12 14:47:34.636363226][mc-config.cpp:2347]	unpacked info for workchain 0: basic=true, active=true, accept_msgs=true, min_split=1, max_split=1[0m
22: [0m[ 4][t 0][2026-09-12 14:47:34.636375323][mc-config.cpp:2347]	unpacked info for workchain 2: basic=true, active=true, accept_msgs=true, min_split=0, max_split=0[0m
22: [0m[ 4][t 0][2026-09-12 14:47:34.636423730][transaction.cpp:622]	unpacking account 1111111111111111111111111111111111111111111111111111111111111111[0m
22: [0m[ 4][t 0][2026-09-12 14:47:34.636449964][transaction.cpp:455]	last_paid=0; cells=24 bits=7202[0m
22: [0m[ 4][t 0][2026-09-12 14:47:34.636466386][transaction.cpp:685]	end of Account.unpack() for 2:1111111111111111111111111111111111111111111111111111111111111111 (balance = 0ng ; last_trans_lt = 100000001..100000002)[0m
22: [0m[ 4][t 0][2026-09-12 14:47:34.636741967][transaction.cpp:622]	unpacking account 1111111111111111111111111111111111111111111111111111111111111111[0m
22: [0m[ 4][t 0][2026-09-12 14:47:34.636751536][transaction.cpp:455]	last_paid=0; cells=24 bits=7202[0m
22: [0m[ 4][t 0][2026-09-12 14:47:34.636757879][transaction.cpp:685]	end of Account.unpack() for 2:1111111111111111111111111111111111111111111111111111111111111111 (balance = 0ng ; last_trans_lt = 100000001..100000002)[0m
22: [0m[ 4][t 0][2026-09-12 14:47:34.636768576][transaction.cpp:622]	unpacking account 1111111111111111111111111111111111111111111111111111111111111111[0m
22: [0m[ 4][t 0][2026-09-12 14:47:34.636774963][transaction.cpp:455]	last_paid=0; cells=24 bits=7202[0m
22: [0m[ 4][t 0][2026-09-12 14:47:34.636780035][transaction.cpp:685]	end of Account.unpack() for 2:1111111111111111111111111111111111111111111111111111111111111111 (balance = 0ng ; last_trans_lt = 100000001..100000002)[0m
22: [0m[ 4][t 0][2026-09-12 14:47:34.636812037][transaction.cpp:622]	unpacking account 0000000000000000000000000000000000000000000000000000000000000000[0m
22: [0m[ 4][t 0][2026-09-12 14:47:34.636819726][transaction.cpp:455]	last_paid=0; cells=6 bits=966[0m
22: [0m[ 4][t 0][2026-09-12 14:47:34.636825886][transaction.cpp:685]	end of Account.unpack() for 2:0000000000000000000000000000000000000000000000000000000000000000 (balance = 21003000750ng ; last_trans_lt = 100000001..100000002)[0m
22: [0m[ 4][t 0][2026-09-12 14:47:34.636834784][transaction.cpp:622]	unpacking account FFFFFFFFFFFFFFFFFFFFFFFFFFFFFFFFFFFFFFFFFFFFFFFFFFFFFFFFFFFFFFFF[0m
22: [0m[ 4][t 0][2026-09-12 14:47:34.636840849][transaction.cpp:455]	last_paid=0; cells=3 bits=124[0m
22: [0m[ 4][t 0][2026-09-12 14:47:34.636845860][transaction.cpp:685]	end of Account.unpack() for 2:FFFFFFFFFFFFFFFFFFFFFFFFFFFFFFFFFFFFFFFFFFFFFFFFFFFFFFFFFFFFFFFF (balance = 989998655ng ; last_trans_lt = 100000001..100000003)[0m
22: [0m[ 4][t 0][2026-09-12 14:47:34.639319129][transaction.cpp:622]	unpacking account 1111111111111111111111111111111111111111111111111111111111111111[0m
22: [0m[ 4][t 0][2026-09-12 14:47:34.639329501][transaction.cpp:455]	last_paid=0; cells=24 bits=7202[0m
22: [0m[ 4][t 0][2026-09-12 14:47:34.639336230][transaction.cpp:685]	end of Account.unpack() for 2:1111111111111111111111111111111111111111111111111111111111111111 (balance = 0ng ; last_trans_lt = 100000001..100000002)[0m
22: [0m[ 4][t 0][2026-09-12 14:47:36.161260315][transaction.cpp:622]	unpacking account 2222222222222222222222222222222222222222222222222222222222222222[0m
22: [0m[ 4][t 0][2026-09-12 14:47:36.161273545][transaction.cpp:455]	last_paid=0; cells=10 bits=3308[0m
22: [0m[ 4][t 0][2026-09-12 14:47:36.161277550][transaction.cpp:685]	end of Account.unpack() for 2:2222222222222222222222222222222222222222222222222222222222222222 (balance = 0ng ; last_trans_lt = 8000001..8000002)[0m
22: [0m[ 4][t 0][2026-09-12 14:47:37.124044578][transaction.cpp:622]	unpacking account 0000000000000000000000000000000000000000000000000000000000000000[0m
22: [0m[ 4][t 0][2026-09-12 14:47:37.124055180][transaction.cpp:455]	last_paid=0; cells=6 bits=966[0m
22: [0m[ 4][t 0][2026-09-12 14:47:37.124059283][transaction.cpp:685]	end of Account.unpack() for 2:0000000000000000000000000000000000000000000000000000000000000000 (balance = 21003001000ng ; last_trans_lt = 102000001..102000002)[0m
22: [0m[ 4][t 0][2026-09-12 14:47:37.124065961][transaction.cpp:622]	unpacking account FFFFFFFFFFFFFFFFFFFFFFFFFFFFFFFFFFFFFFFFFFFFFFFFFFFFFFFFFFFFFFFF[0m
22: [0m[ 4][t 0][2026-09-12 14:47:37.124069244][transaction.cpp:455]	last_paid=0; cells=3 bits=124[0m
22: [0m[ 4][t 0][2026-09-12 14:47:37.124071878][transaction.cpp:685]	end of Account.unpack() for 2:FFFFFFFFFFFFFFFFFFFFFFFFFFFFFFFFFFFFFFFFFFFFFFFFFFFFFFFFFFFFFFFF (balance = 989998161ng ; last_trans_lt = 102000001..102000003)[0m
22: [0m[ 4][t 0][2026-09-12 14:47:37.126723939][transaction.cpp:622]	unpacking account 1111111111111111111111111111111111111111111111111111111111111111[0m
22: [0m[ 4][t 0][2026-09-12 14:47:37.126733744][transaction.cpp:455]	last_paid=0; cells=24 bits=7202[0m
22: [0m[ 4][t 0][2026-09-12 14:47:37.126737360][transaction.cpp:685]	end of Account.unpack() for 2:1111111111111111111111111111111111111111111111111111111111111111 (balance = 0ng ; last_trans_lt = 102000001..102000002)[0m
22: [0m[ 4][t 0][2026-09-12 14:47:38.614783372][transaction.cpp:622]	unpacking account 2222222222222222222222222222222222222222222222222222222222222222[0m
22: [0m[ 4][t 0][2026-09-12 14:47:38.614795715][transaction.cpp:455]	last_paid=0; cells=10 bits=3308[0m
22: [0m[ 4][t 0][2026-09-12 14:47:38.614799891][transaction.cpp:685]	end of Account.unpack() for 2:2222222222222222222222222222222222222222222222222222222222222222 (balance = 0ng ; last_trans_lt = 8000001..8000002)[0m
22: [0m[ 4][t 0][2026-09-12 14:47:39.574902005][transaction.cpp:622]	unpacking account 1111111111111111111111111111111111111111111111111111111111111111[0m
22: [0m[ 4][t 0][2026-09-12 14:47:39.574911194][transaction.cpp:455]	last_paid=0; cells=24 bits=7202[0m
22: [0m[ 4][t 0][2026-09-12 14:47:39.574914883][transaction.cpp:685]	end of Account.unpack() for 2:1111111111111111111111111111111111111111111111111111111111111111 (balance = 0ng ; last_trans_lt = 102000001..102000002)[0m
22: [0m[ 4][t 0][2026-09-12 14:47:39.574998389][transaction.cpp:622]	unpacking account FFFFFFFFFFFFFFFFFFFFFFFFFFFFFFFFFFFFFFFFFFFFFFFFFFFFFFFFFFFFFFFF[0m
22: [0m[ 4][t 0][2026-09-12 14:47:39.575001838][transaction.cpp:455]	last_paid=0; cells=3 bits=124[0m
22: [0m[ 4][t 0][2026-09-12 14:47:39.575004424][transaction.cpp:685]	end of Account.unpack() for 2:FFFFFFFFFFFFFFFFFFFFFFFFFFFFFFFFFFFFFFFFFFFFFFFFFFFFFFFFFFFFFFFF (balance = 989998161ng ; last_trans_lt = 102000001..102000003)[0m
22: [0m[ 4][t 0][2026-09-12 14:47:39.583565884][mc-config.cpp:572]	workchain description dictionary created[0m
22: [0m[ 4][t 0][2026-09-12 14:47:39.583670440][mc-config.cpp:2347]	unpacked info for workchain 0: basic=true, active=true, accept_msgs=true, min_split=1, max_split=1[0m
22: [0m[ 4][t 0][2026-09-12 14:47:39.583675552][mc-config.cpp:2347]	unpacked info for workchain 2: basic=true, active=true, accept_msgs=true, min_split=0, max_split=0[0m
22: [0m[ 4][t 0][2026-09-12 14:47:39.583706334][transaction.cpp:622]	unpacking account 1111111111111111111111111111111111111111111111111111111111111111[0m
22: [0m[ 4][t 0][2026-09-12 14:47:39.583720886][transaction.cpp:455]	last_paid=0; cells=24 bits=7202[0m
22: [0m[ 4][t 0][2026-09-12 14:47:39.583727775][transaction.cpp:685]	end of Account.unpack() for 2:1111111111111111111111111111111111111111111111111111111111111111 (balance = 0ng ; last_trans_lt = 102000001..102000002)[0m
22: [0m[ 4][t 0][2026-09-12 14:47:39.584008191][transaction.cpp:622]	unpacking account 1111111111111111111111111111111111111111111111111111111111111111[0m
22: [0m[ 4][t 0][2026-09-12 14:47:39.584013843][transaction.cpp:455]	last_paid=0; cells=24 bits=7202[0m
22: [0m[ 4][t 0][2026-09-12 14:47:39.584016980][transaction.cpp:685]	end of Account.unpack() for 2:1111111111111111111111111111111111111111111111111111111111111111 (balance = 0ng ; last_trans_lt = 100000001..100000002)[0m
22: [0m[ 4][t 0][2026-09-12 14:47:39.584117383][transaction.cpp:622]	unpacking account 0000000000000000000000000000000000000000000000000000000000000000[0m
22: [0m[ 4][t 0][2026-09-12 14:47:39.584122620][transaction.cpp:455]	last_paid=0; cells=6 bits=966[0m
22: [0m[ 4][t 0][2026-09-12 14:47:39.584125322][transaction.cpp:685]	end of Account.unpack() for 2:0000000000000000000000000000000000000000000000000000000000000000 (balance = 21003001000ng ; last_trans_lt = 102000001..102000002)[0m
22: [0m[ 4][t 0][2026-09-12 14:47:39.584135287][transaction.cpp:622]	unpacking account FFFFFFFFFFFFFFFFFFFFFFFFFFFFFFFFFFFFFFFFFFFFFFFFFFFFFFFFFFFFFFFF[0m
22: [0m[ 4][t 0][2026-09-12 14:47:39.584138680][transaction.cpp:455]	last_paid=0; cells=3 bits=124[0m
22: [0m[ 4][t 0][2026-09-12 14:47:39.584141394][transaction.cpp:685]	end of Account.unpack() for 2:FFFFFFFFFFFFFFFFFFFFFFFFFFFFFFFFFFFFFFFFFFFFFFFFFFFFFFFFFFFFFFFF (balance = 989998161ng ; last_trans_lt = 102000001..102000003)[0m
22: [0m[ 4][t 0][2026-09-12 14:47:39.585641936][transaction.cpp:622]	unpacking account 1111111111111111111111111111111111111111111111111111111111111111[0m
22: [0m[ 4][t 0][2026-09-12 14:47:39.585647021][transaction.cpp:455]	last_paid=0; cells=24 bits=7202[0m
22: [0m[ 4][t 0][2026-09-12 14:47:39.585649718][transaction.cpp:685]	end of Account.unpack() for 2:1111111111111111111111111111111111111111111111111111111111111111 (balance = 0ng ; last_trans_lt = 102000001..102000002)[0m
22: [0m[ 4][t 0][2026-09-12 14:47:41.071334920][transaction.cpp:622]	unpacking account 2222222222222222222222222222222222222222222222222222222222222222[0m
22: [0m[ 4][t 0][2026-09-12 14:47:41.071347878][transaction.cpp:455]	last_paid=0; cells=10 bits=3308[0m
22: [0m[ 4][t 0][2026-09-12 14:47:41.071352112][transaction.cpp:685]	end of Account.unpack() for 2:2222222222222222222222222222222222222222222222222222222222222222 (balance = 0ng ; last_trans_lt = 8000001..8000002)[0m
22: [0m[ 4][t 0][2026-09-12 14:47:42.031760193][transaction.cpp:622]	unpacking account 0000000000000000000000000000000000000000000000000000000000000000[0m
22: [0m[ 4][t 0][2026-09-12 14:47:42.031770187][transaction.cpp:455]	last_paid=0; cells=6 bits=966[0m
22: [0m[ 4][t 0][2026-09-12 14:47:42.031773875][transaction.cpp:685]	end of Account.unpack() for 2:0000000000000000000000000000000000000000000000000000000000000000 (balance = 21006001000ng ; last_trans_lt = 106000001..106000002)[0m
22: [0m[ 4][t 0][2026-09-12 14:47:42.031779892][transaction.cpp:622]	unpacking account FFFFFFFFFFFFFFFFFFFFFFFFFFFFFFFFFFFFFFFFFFFFFFFFFFFFFFFFFFFFFFFF[0m
22: [0m[ 4][t 0][2026-09-12 14:47:42.031782800][transaction.cpp:455]	last_paid=0; cells=3 bits=124[0m
22: [0m[ 4][t 0][2026-09-12 14:47:42.031785293][transaction.cpp:685]	end of Account.unpack() for 2:FFFFFFFFFFFFFFFFFFFFFFFFFFFFFFFFFFFFFFFFFFFFFFFFFFFFFFFFFFFFFFFF (balance = 996994223ng ; last_trans_lt = 106000001..106000002)[0m
22: [0m[ 4][t 0][2026-09-12 14:47:42.034648770][transaction.cpp:622]	unpacking account 1111111111111111111111111111111111111111111111111111111111111111[0m
22: [0m[ 4][t 0][2026-09-12 14:47:42.034666250][transaction.cpp:455]	last_paid=0; cells=29 bits=9277[0m
22: [0m[ 4][t 0][2026-09-12 14:47:42.034670699][transaction.cpp:685]	end of Account.unpack() for 2:1111111111111111111111111111111111111111111111111111111111111111 (balance = 0ng ; last_trans_lt = 106000001..106000002)[0m
22: [0m[ 4][t 0][2026-09-12 14:47:44.517244090][transaction.cpp:622]	unpacking account 2222222222222222222222222222222222222222222222222222222222222222[0m
22: [0m[ 4][t 0][2026-09-12 14:47:44.517257448][transaction.cpp:455]	last_paid=0; cells=10 bits=3308[0m
22: [0m[ 4][t 0][2026-09-12 14:47:44.517261623][transaction.cpp:685]	end of Account.unpack() for 2:2222222222222222222222222222222222222222222222222222222222222222 (balance = 0ng ; last_trans_lt = 8000001..8000002)[0m
22: [0m[ 4][t 0][2026-09-12 14:47:45.527461950][transaction.cpp:622]	unpacking account FFFFFFFFFFFFFFFFFFFFFFFFFFFFFFFFFFFFFFFFFFFFFFFFFFFFFFFFFFFFFFFF[0m
22: [0m[ 4][t 0][2026-09-12 14:47:45.527472030][transaction.cpp:455]	last_paid=0; cells=3 bits=124[0m
22: [0m[ 4][t 0][2026-09-12 14:47:45.527475660][transaction.cpp:685]	end of Account.unpack() for 2:FFFFFFFFFFFFFFFFFFFFFFFFFFFFFFFFFFFFFFFFFFFFFFFFFFFFFFFFFFFFFFFF (balance = 996994223ng ; last_trans_lt = 106000001..106000002)[0m
22: [0m[ 4][t 0][2026-09-12 14:50:11.817715898][mc-config.cpp:572]	workchain description dictionary created[0m
22: [0m[ 4][t 0][2026-09-12 14:50:11.817922169][mc-config.cpp:2347]	unpacked info for workchain 0: basic=true, active=true, accept_msgs=true, min_split=1, max_split=1[0m
22: [0m[ 4][t 0][2026-09-12 14:50:11.817933313][mc-config.cpp:2347]	unpacked info for workchain 2: basic=true, active=true, accept_msgs=true, min_split=0, max_split=0[0m
22: [0m[ 4][t 0][2026-09-12 14:50:11.817979411][transaction.cpp:622]	unpacking account 1111111111111111111111111111111111111111111111111111111111111111[0m
22: [0m[ 4][t 0][2026-09-12 14:50:11.817998978][transaction.cpp:455]	last_paid=0; cells=11 bits=3373[0m
22: [0m[ 4][t 0][2026-09-12 14:50:11.818013802][transaction.cpp:685]	end of Account.unpack() for 2:1111111111111111111111111111111111111111111111111111111111111111 (balance = 0ng ; last_trans_lt = 102000001..102000002)[0m
22: [0m[ 4][t 0][2026-09-12 14:50:11.818470236][transaction.cpp:622]	unpacking account 1111111111111111111111111111111111111111111111111111111111111111[0m
22: [0m[ 4][t 0][2026-09-12 14:50:11.818479817][transaction.cpp:455]	last_paid=0; cells=16 bits=4928[0m
22: [0m[ 4][t 0][2026-09-12 14:50:11.818485881][transaction.cpp:685]	end of Account.unpack() for 2:1111111111111111111111111111111111111111111111111111111111111111 (balance = 0ng ; last_trans_lt = 100000001..100000002)[0m
22: [0m[ 4][t 0][2026-09-12 14:50:11.818656908][transaction.cpp:622]	unpacking account 0000000000000000000000000000000000000000000000000000000000000000[0m
22: [0m[ 4][t 0][2026-09-12 14:50:11.818664971][transaction.cpp:455]	last_paid=0; cells=6 bits=966[0m
22: [0m[ 4][t 0][2026-09-12 14:50:11.818671758][transaction.cpp:685]	end of Account.unpack() for 2:0000000000000000000000000000000000000000000000000000000000000000 (balance = 11009000150ng ; last_trans_lt = 102000001..102000003)[0m
22: [0m[ 4][t 0][2026-09-12 14:50:11.818682818][transaction.cpp:622]	unpacking account FFFFFFFFFFFFFFFFFFFFFFFFFFFFFFFFFFFFFFFFFFFFFFFFFFFFFFFFFFFFFFFF[0m
22: [0m[ 4][t 0][2026-09-12 14:50:11.818688936][transaction.cpp:455]	last_paid=0; cells=3 bits=124[0m
22: [0m[ 4][t 0][2026-09-12 14:50:11.818694924][transaction.cpp:685]	end of Account.unpack() for 2:FFFFFFFFFFFFFFFFFFFFFFFFFFFFFFFFFFFFFFFFFFFFFFFFFFFFFFFFFFFFFFFF (balance = 983999629ng ; last_trans_lt = 100000001..100000002)[0m
22: [0m[ 4][t 0][2026-09-12 14:50:11.821496597][transaction.cpp:622]	unpacking account 1111111111111111111111111111111111111111111111111111111111111111[0m
22: [0m[ 4][t 0][2026-09-12 14:50:11.821506566][transaction.cpp:455]	last_paid=0; cells=11 bits=3373[0m
22: [0m[ 4][t 0][2026-09-12 14:50:11.821513666][transaction.cpp:685]	end of Account.unpack() for 2:1111111111111111111111111111111111111111111111111111111111111111 (balance = 0ng ; last_trans_lt = 102000001..102000002)[0m
22: [0m[ 4][t 0][2026-09-12 14:50:12.994510617][transaction.cpp:622]	unpacking account 2222222222222222222222222222222222222222222222222222222222222222[0m
22: [0m[ 4][t 0][2026-09-12 14:50:12.994524496][transaction.cpp:455]	last_paid=0; cells=21 bits=7440[0m
22: [0m[ 4][t 0][2026-09-12 14:50:12.994528853][transaction.cpp:685]	end of Account.unpack() for 2:2222222222222222222222222222222222222222222222222222222222222222 (balance = 0ng ; last_trans_lt = 100000001..100000002)[0m
22: [0m[ 4][t 0][2026-09-12 14:50:16.450069649][transaction.cpp:622]	unpacking account 0000000000000000000000000000000000000000000000000000000000000000[0m
22: [0m[ 4][t 0][2026-09-12 14:50:16.450085476][transaction.cpp:455]	last_paid=0; cells=8 bits=1784[0m
22: [0m[ 4][t 0][2026-09-12 14:50:16.450090053][transaction.cpp:685]	end of Account.unpack() for 2:0000000000000000000000000000000000000000000000000000000000000000 (balance = 11018996220ng ; last_trans_lt = 106000001..106000002)[0m
22: [0m[ 4][t 0][2026-09-12 14:50:16.450097285][transaction.cpp:622]	unpacking account FFFFFFFFFFFFFFFFFFFFFFFFFFFFFFFFFFFFFFFFFFFFFFFFFFFFFFFFFFFFFFFF[0m
22: [0m[ 4][t 0][2026-09-12 14:50:16.450100934][transaction.cpp:455]	last_paid=0; cells=3 bits=124[0m
22: [0m[ 4][t 0][2026-09-12 14:50:16.450103626][transaction.cpp:685]	end of Account.unpack() for 2:FFFFFFFFFFFFFFFFFFFFFFFFFFFFFFFFFFFFFFFFFFFFFFFFFFFFFFFFFFFFFFFF (balance = 983999629ng ; last_trans_lt = 106000001..106000002)[0m
22: [0m[ 4][t 0][2026-09-12 14:50:16.452966744][transaction.cpp:622]	unpacking account 1111111111111111111111111111111111111111111111111111111111111111[0m
22: [0m[ 4][t 0][2026-09-12 14:50:16.452976546][transaction.cpp:455]	last_paid=0; cells=11 bits=3373[0m
22: [0m[ 4][t 0][2026-09-12 14:50:16.452980486][transaction.cpp:685]	end of Account.unpack() for 2:1111111111111111111111111111111111111111111111111111111111111111 (balance = 0ng ; last_trans_lt = 106000001..106000002)[0m
22: [0m[ 4][t 0][2026-09-12 14:50:17.467322224][transaction.cpp:622]	unpacking account 2222222222222222222222222222222222222222222222222222222222222222[0m
22: [0m[ 4][t 0][2026-09-12 14:50:17.467332557][transaction.cpp:455]	last_paid=0; cells=21 bits=7440[0m
22: [0m[ 4][t 0][2026-09-12 14:50:17.467336686][transaction.cpp:685]	end of Account.unpack() for 2:2222222222222222222222222222222222222222222222222222222222222222 (balance = 0ng ; last_trans_lt = 100000001..100000002)[0m
22: [0m[ 4][t 0][2026-09-12 14:50:20.970136199][transaction.cpp:622]	unpacking account FFFFFFFFFFFFFFFFFFFFFFFFFFFFFFFFFFFFFFFFFFFFFFFFFFFFFFFFFFFFFFFF[0m
22: [0m[ 4][t 0][2026-09-12 14:50:20.970155098][transaction.cpp:455]	last_paid=0; cells=3 bits=124[0m
22: [0m[ 4][t 0][2026-09-12 14:50:20.970159275][transaction.cpp:685]	end of Account.unpack() for 2:FFFFFFFFFFFFFFFFFFFFFFFFFFFFFFFFFFFFFFFFFFFFFFFFFFFFFFFFFFFFFFFF (balance = 983999629ng ; last_trans_lt = 106000001..106000002)[0m
22: [0m[ 4][t 0][2026-09-12 14:50:20.971689441][transaction.cpp:622]	unpacking account 1111111111111111111111111111111111111111111111111111111111111111[0m
22: [0m[ 4][t 0][2026-09-12 14:50:20.971699952][transaction.cpp:455]	last_paid=0; cells=16 bits=4928[0m
22: [0m[ 4][t 0][2026-09-12 14:50:20.971703745][transaction.cpp:685]	end of Account.unpack() for 2:1111111111111111111111111111111111111111111111111111111111111111 (balance = 0ng ; last_trans_lt = 100000001..100000002)[0m
22: [0m[ 4][t 0][2026-09-12 14:50:20.971781454][transaction.cpp:622]	unpacking account 1111111111111111111111111111111111111111111111111111111111111111[0m
22: [0m[ 4][t 0][2026-09-12 14:50:20.971786097][transaction.cpp:455]	last_paid=0; cells=11 bits=3373[0m
22: [0m[ 4][t 0][2026-09-12 14:50:20.971788692][transaction.cpp:685]	end of Account.unpack() for 2:1111111111111111111111111111111111111111111111111111111111111111 (balance = 0ng ; last_trans_lt = 102000001..102000002)[0m
22: [0m[ 4][t 0][2026-09-12 14:50:20.971844905][transaction.cpp:622]	unpacking account 1111111111111111111111111111111111111111111111111111111111111111[0m
22: [0m[ 4][t 0][2026-09-12 14:50:20.971849262][transaction.cpp:455]	last_paid=0; cells=11 bits=3373[0m
22: [0m[ 4][t 0][2026-09-12 14:50:20.971851787][transaction.cpp:685]	end of Account.unpack() for 2:1111111111111111111111111111111111111111111111111111111111111111 (balance = 0ng ; last_trans_lt = 102000001..102000002)[0m
22: [0m[ 4][t 0][2026-09-12 14:50:20.971856174][transaction.cpp:622]	unpacking account 1111111111111111111111111111111111111111111111111111111111111111[0m
22: [0m[ 4][t 0][2026-09-12 14:50:20.971859463][transaction.cpp:455]	last_paid=0; cells=11 bits=3373[0m
22: [0m[ 4][t 0][2026-09-12 14:50:20.971861915][transaction.cpp:685]	end of Account.unpack() for 2:1111111111111111111111111111111111111111111111111111111111111111 (balance = 0ng ; last_trans_lt = 106000001..106000002)[0m
22: COMPLETION_REAL_RED:DISPOSITION_MUST_PUBLISH
22: ORACLE_MISSING:DISPOSITION_MUST_PUBLISH
22: [0m[ 4][t 0][2026-09-12 14:51:24.452990447][mc-config.cpp:572]	workchain description dictionary created[0m
22: [0m[ 4][t 0][2026-09-12 14:51:24.453120289][mc-config.cpp:2347]	unpacked info for workchain 0: basic=true, active=true, accept_msgs=true, min_split=1, max_split=1[0m
22: [0m[ 4][t 0][2026-09-12 14:51:24.453133530][mc-config.cpp:2347]	unpacked info for workchain 2: basic=true, active=true, accept_msgs=true, min_split=0, max_split=0[0m
22: [0m[ 4][t 0][2026-09-12 14:51:24.453173912][transaction.cpp:622]	unpacking account 1111111111111111111111111111111111111111111111111111111111111111[0m
22: [0m[ 4][t 0][2026-09-12 14:51:24.453192864][transaction.cpp:455]	last_paid=0; cells=11 bits=3373[0m
22: [0m[ 4][t 0][2026-09-12 14:51:24.453205596][transaction.cpp:685]	end of Account.unpack() for 2:1111111111111111111111111111111111111111111111111111111111111111 (balance = 0ng ; last_trans_lt = 102000001..102000002)[0m
22: [0m[ 4][t 0][2026-09-12 14:51:24.453479072][transaction.cpp:622]	unpacking account 1111111111111111111111111111111111111111111111111111111111111111[0m
22: [0m[ 4][t 0][2026-09-12 14:51:24.453484430][transaction.cpp:455]	last_paid=0; cells=16 bits=4928[0m
22: [0m[ 4][t 0][2026-09-12 14:51:24.453487376][transaction.cpp:685]	end of Account.unpack() for 2:1111111111111111111111111111111111111111111111111111111111111111 (balance = 0ng ; last_trans_lt = 100000001..100000002)[0m
22: [0m[ 4][t 0][2026-09-12 14:51:24.453590066][transaction.cpp:622]	unpacking account 0000000000000000000000000000000000000000000000000000000000000000[0m
22: [0m[ 4][t 0][2026-09-12 14:51:24.453594949][transaction.cpp:455]	last_paid=0; cells=6 bits=966[0m
22: [0m[ 4][t 0][2026-09-12 14:51:24.453597640][transaction.cpp:685]	end of Account.unpack() for 2:0000000000000000000000000000000000000000000000000000000000000000 (balance = 11009000150ng ; last_trans_lt = 102000001..102000003)[0m
22: [0m[ 4][t 0][2026-09-12 14:51:24.453604148][transaction.cpp:622]	unpacking account FFFFFFFFFFFFFFFFFFFFFFFFFFFFFFFFFFFFFFFFFFFFFFFFFFFFFFFFFFFFFFFF[0m
22: [0m[ 4][t 0][2026-09-12 14:51:24.453607082][transaction.cpp:455]	last_paid=0; cells=3 bits=124[0m
22: [0m[ 4][t 0][2026-09-12 14:51:24.453609718][transaction.cpp:685]	end of Account.unpack() for 2:FFFFFFFFFFFFFFFFFFFFFFFFFFFFFFFFFFFFFFFFFFFFFFFFFFFFFFFFFFFFFFFF (balance = 983999629ng ; last_trans_lt = 100000001..100000002)[0m
22: [0m[ 4][t 0][2026-09-12 14:51:24.455092021][transaction.cpp:622]	unpacking account 1111111111111111111111111111111111111111111111111111111111111111[0m
22: [0m[ 4][t 0][2026-09-12 14:51:24.455098337][transaction.cpp:455]	last_paid=0; cells=11 bits=3373[0m
22: [0m[ 4][t 0][2026-09-12 14:51:24.455101325][transaction.cpp:685]	end of Account.unpack() for 2:1111111111111111111111111111111111111111111111111111111111111111 (balance = 0ng ; last_trans_lt = 102000001..102000002)[0m
22: [0m[ 4][t 0][2026-09-12 14:51:25.473669396][transaction.cpp:622]	unpacking account 2222222222222222222222222222222222222222222222222222222222222222[0m
22: [0m[ 4][t 0][2026-09-12 14:51:25.473682641][transaction.cpp:455]	last_paid=0; cells=21 bits=7440[0m
22: [0m[ 4][t 0][2026-09-12 14:51:25.473686840][transaction.cpp:685]	end of Account.unpack() for 2:2222222222222222222222222222222222222222222222222222222222222222 (balance = 0ng ; last_trans_lt = 100000001..100000002)[0m
22: [0m[ 4][t 0][2026-09-12 14:51:29.000878979][transaction.cpp:622]	unpacking account 0000000000000000000000000000000000000000000000000000000000000000[0m
22: [0m[ 4][t 0][2026-09-12 14:51:29.000891589][transaction.cpp:455]	last_paid=0; cells=8 bits=1528[0m
22: [0m[ 4][t 0][2026-09-12 14:51:29.000895748][transaction.cpp:685]	end of Account.unpack() for 2:0000000000000000000000000000000000000000000000000000000000000000 (balance = 11018996220ng ; last_trans_lt = 106000001..106000002)[0m
22: [0m[ 4][t 0][2026-09-12 14:51:29.000902614][transaction.cpp:622]	unpacking account FFFFFFFFFFFFFFFFFFFFFFFFFFFFFFFFFFFFFFFFFFFFFFFFFFFFFFFFFFFFFFFF[0m
22: [0m[ 4][t 0][2026-09-12 14:51:29.000905986][transaction.cpp:455]	last_paid=0; cells=3 bits=124[0m
22: [0m[ 4][t 0][2026-09-12 14:51:29.000908576][transaction.cpp:685]	end of Account.unpack() for 2:FFFFFFFFFFFFFFFFFFFFFFFFFFFFFFFFFFFFFFFFFFFFFFFFFFFFFFFFFFFFFFFF (balance = 983999629ng ; last_trans_lt = 106000001..106000002)[0m
22: [0m[ 4][t 0][2026-09-12 14:51:29.003768129][transaction.cpp:622]	unpacking account 1111111111111111111111111111111111111111111111111111111111111111[0m
22: [0m[ 4][t 0][2026-09-12 14:51:29.003778060][transaction.cpp:455]	last_paid=0; cells=11 bits=3373[0m
22: [0m[ 4][t 0][2026-09-12 14:51:29.003781781][transaction.cpp:685]	end of Account.unpack() for 2:1111111111111111111111111111111111111111111111111111111111111111 (balance = 0ng ; last_trans_lt = 106000001..106000002)[0m
22: [0m[ 4][t 0][2026-09-12 14:51:30.015686301][transaction.cpp:622]	unpacking account 2222222222222222222222222222222222222222222222222222222222222222[0m
22: [0m[ 4][t 0][2026-09-12 14:51:30.015697693][transaction.cpp:455]	last_paid=0; cells=21 bits=7440[0m
22: [0m[ 4][t 0][2026-09-12 14:51:30.015701386][transaction.cpp:685]	end of Account.unpack() for 2:2222222222222222222222222222222222222222222222222222222222222222 (balance = 0ng ; last_trans_lt = 100000001..100000002)[0m
22: [0m[ 4][t 0][2026-09-12 14:51:33.451069780][transaction.cpp:622]	unpacking account FFFFFFFFFFFFFFFFFFFFFFFFFFFFFFFFFFFFFFFFFFFFFFFFFFFFFFFFFFFFFFFF[0m
22: [0m[ 4][t 0][2026-09-12 14:51:33.451081778][transaction.cpp:455]	last_paid=0; cells=3 bits=124[0m
22: [0m[ 4][t 0][2026-09-12 14:51:33.451085782][transaction.cpp:685]	end of Account.unpack() for 2:FFFFFFFFFFFFFFFFFFFFFFFFFFFFFFFFFFFFFFFFFFFFFFFFFFFFFFFFFFFFFFFF (balance = 983999629ng ; last_trans_lt = 106000001..106000002)[0m
22: [0m[ 4][t 0][2026-09-12 14:51:33.452579656][transaction.cpp:622]	unpacking account 1111111111111111111111111111111111111111111111111111111111111111[0m
22: [0m[ 4][t 0][2026-09-12 14:51:33.452588612][transaction.cpp:455]	last_paid=0; cells=16 bits=4928[0m
22: [0m[ 4][t 0][2026-09-12 14:51:33.452592410][transaction.cpp:685]	end of Account.unpack() for 2:1111111111111111111111111111111111111111111111111111111111111111 (balance = 0ng ; last_trans_lt = 100000001..100000002)[0m
22: [0m[ 4][t 0][2026-09-12 14:51:33.452670110][transaction.cpp:622]	unpacking account 1111111111111111111111111111111111111111111111111111111111111111[0m
22: [0m[ 4][t 0][2026-09-12 14:51:33.452674973][transaction.cpp:455]	last_paid=0; cells=11 bits=3373[0m
22: [0m[ 4][t 0][2026-09-12 14:51:33.452677476][transaction.cpp:685]	end of Account.unpack() for 2:1111111111111111111111111111111111111111111111111111111111111111 (balance = 0ng ; last_trans_lt = 102000001..102000002)[0m
22: [0m[ 4][t 0][2026-09-12 14:51:33.452731993][transaction.cpp:622]	unpacking account 1111111111111111111111111111111111111111111111111111111111111111[0m
22: [0m[ 4][t 0][2026-09-12 14:51:33.452736115][transaction.cpp:455]	last_paid=0; cells=11 bits=3373[0m
22: [0m[ 4][t 0][2026-09-12 14:51:33.452738536][transaction.cpp:685]	end of Account.unpack() for 2:1111111111111111111111111111111111111111111111111111111111111111 (balance = 0ng ; last_trans_lt = 102000001..102000002)[0m
22: [0m[ 4][t 0][2026-09-12 14:51:33.452742849][transaction.cpp:622]	unpacking account 1111111111111111111111111111111111111111111111111111111111111111[0m
22: [0m[ 4][t 0][2026-09-12 14:51:33.452746285][transaction.cpp:455]	last_paid=0; cells=11 bits=3373[0m
22: [0m[ 4][t 0][2026-09-12 14:51:33.452748656][transaction.cpp:685]	end of Account.unpack() for 2:1111111111111111111111111111111111111111111111111111111111111111 (balance = 0ng ; last_trans_lt = 106000001..106000002)[0m
22: COMPLETION_REAL_RED:BUCKET_FIXED_ATTRIBUTION
22: ORACLE_MISSING:BUCKET_FIXED_ATTRIBUTION
22: [0m[ 4][t 0][2026-09-12 14:51:38.193629149][mc-config.cpp:572]	workchain description dictionary created[0m
22: [0m[ 4][t 0][2026-09-12 14:51:38.193736645][mc-config.cpp:2347]	unpacked info for workchain 0: basic=true, active=true, accept_msgs=true, min_split=1, max_split=1[0m
22: [0m[ 4][t 0][2026-09-12 14:51:38.193744546][mc-config.cpp:2347]	unpacked info for workchain 2: basic=true, active=true, accept_msgs=true, min_split=0, max_split=0[0m
22: [0m[ 4][t 0][2026-09-12 14:51:38.193771016][transaction.cpp:622]	unpacking account 1111111111111111111111111111111111111111111111111111111111111111[0m
22: [0m[ 4][t 0][2026-09-12 14:51:38.193783874][transaction.cpp:455]	last_paid=0; cells=11 bits=3373[0m
22: [0m[ 4][t 0][2026-09-12 14:51:38.193792322][transaction.cpp:685]	end of Account.unpack() for 2:1111111111111111111111111111111111111111111111111111111111111111 (balance = 0ng ; last_trans_lt = 102000001..102000002)[0m
22: [0m[ 4][t 0][2026-09-12 14:51:38.194035728][transaction.cpp:622]	unpacking account 1111111111111111111111111111111111111111111111111111111111111111[0m
22: [0m[ 4][t 0][2026-09-12 14:51:38.194041220][transaction.cpp:455]	last_paid=0; cells=16 bits=4928[0m
22: [0m[ 4][t 0][2026-09-12 14:51:38.194044203][transaction.cpp:685]	end of Account.unpack() for 2:1111111111111111111111111111111111111111111111111111111111111111 (balance = 0ng ; last_trans_lt = 100000001..100000002)[0m
22: [0m[ 4][t 0][2026-09-12 14:51:38.194142050][transaction.cpp:622]	unpacking account 0000000000000000000000000000000000000000000000000000000000000000[0m
22: [0m[ 4][t 0][2026-09-12 14:51:38.194146945][transaction.cpp:455]	last_paid=0; cells=6 bits=966[0m
22: [0m[ 4][t 0][2026-09-12 14:51:38.194149640][transaction.cpp:685]	end of Account.unpack() for 2:0000000000000000000000000000000000000000000000000000000000000000 (balance = 11009000150ng ; last_trans_lt = 102000001..102000003)[0m
22: [0m[ 4][t 0][2026-09-12 14:51:38.194155714][transaction.cpp:622]	unpacking account FFFFFFFFFFFFFFFFFFFFFFFFFFFFFFFFFFFFFFFFFFFFFFFFFFFFFFFFFFFFFFFF[0m
22: [0m[ 4][t 0][2026-09-12 14:51:38.194158713][transaction.cpp:455]	last_paid=0; cells=3 bits=124[0m
22: [0m[ 4][t 0][2026-09-12 14:51:38.194161298][transaction.cpp:685]	end of Account.unpack() for 2:FFFFFFFFFFFFFFFFFFFFFFFFFFFFFFFFFFFFFFFFFFFFFFFFFFFFFFFFFFFFFFFF (balance = 983999629ng ; last_trans_lt = 100000001..100000002)[0m
22: [0m[ 4][t 0][2026-09-12 14:51:38.195632358][transaction.cpp:622]	unpacking account 1111111111111111111111111111111111111111111111111111111111111111[0m
22: [0m[ 4][t 0][2026-09-12 14:51:38.195637458][transaction.cpp:455]	last_paid=0; cells=11 bits=3373[0m
22: [0m[ 4][t 0][2026-09-12 14:51:38.195640135][transaction.cpp:685]	end of Account.unpack() for 2:1111111111111111111111111111111111111111111111111111111111111111 (balance = 0ng ; last_trans_lt = 102000001..102000002)[0m
22: [0m[ 4][t 0][2026-09-12 14:51:39.183744831][transaction.cpp:622]	unpacking account 2222222222222222222222222222222222222222222222222222222222222222[0m
22: [0m[ 4][t 0][2026-09-12 14:51:39.183756959][transaction.cpp:455]	last_paid=0; cells=21 bits=7440[0m
22: [0m[ 4][t 0][2026-09-12 14:51:39.183760705][transaction.cpp:685]	end of Account.unpack() for 2:2222222222222222222222222222222222222222222222222222222222222222 (balance = 0ng ; last_trans_lt = 100000001..100000002)[0m
22: [0m[ 4][t 0][2026-09-12 14:51:42.667859616][transaction.cpp:622]	unpacking account 0000000000000000000000000000000000000000000000000000000000000000[0m
22: [0m[ 4][t 0][2026-09-12 14:51:42.667872680][transaction.cpp:455]	last_paid=0; cells=8 bits=1784[0m
22: [0m[ 4][t 0][2026-09-12 14:51:42.667876591][transaction.cpp:685]	end of Account.unpack() for 2:0000000000000000000000000000000000000000000000000000000000000000 (balance = 11018996220ng ; last_trans_lt = 106000001..106000002)[0m
22: [0m[ 4][t 0][2026-09-12 14:51:42.667883541][transaction.cpp:622]	unpacking account FFFFFFFFFFFFFFFFFFFFFFFFFFFFFFFFFFFFFFFFFFFFFFFFFFFFFFFFFFFFFFFF[0m
22: [0m[ 4][t 0][2026-09-12 14:51:42.667886666][transaction.cpp:455]	last_paid=0; cells=3 bits=124[0m
22: [0m[ 4][t 0][2026-09-12 14:51:42.667889081][transaction.cpp:685]	end of Account.unpack() for 2:FFFFFFFFFFFFFFFFFFFFFFFFFFFFFFFFFFFFFFFFFFFFFFFFFFFFFFFFFFFFFFFF (balance = 983999629ng ; last_trans_lt = 106000001..106000002)[0m
22: [0m[ 4][t 0][2026-09-12 14:51:42.670723722][transaction.cpp:622]	unpacking account 1111111111111111111111111111111111111111111111111111111111111111[0m
22: [0m[ 4][t 0][2026-09-12 14:51:42.670733640][transaction.cpp:455]	last_paid=0; cells=11 bits=3373[0m
22: [0m[ 4][t 0][2026-09-12 14:51:42.670737368][transaction.cpp:685]	end of Account.unpack() for 2:1111111111111111111111111111111111111111111111111111111111111111 (balance = 0ng ; last_trans_lt = 106000001..106000002)[0m
22: [0m[ 4][t 0][2026-09-12 14:51:43.682763978][transaction.cpp:622]	unpacking account 2222222222222222222222222222222222222222222222222222222222222222[0m
22: [0m[ 4][t 0][2026-09-12 14:51:43.682775746][transaction.cpp:455]	last_paid=0; cells=21 bits=7440[0m
22: [0m[ 4][t 0][2026-09-12 14:51:43.682779436][transaction.cpp:685]	end of Account.unpack() for 2:2222222222222222222222222222222222222222222222222222222222222222 (balance = 0ng ; last_trans_lt = 100000001..100000002)[0m
22: [0m[ 4][t 0][2026-09-12 14:51:47.132120298][transaction.cpp:622]	unpacking account FFFFFFFFFFFFFFFFFFFFFFFFFFFFFFFFFFFFFFFFFFFFFFFFFFFFFFFFFFFFFFFF[0m
22: [0m[ 4][t 0][2026-09-12 14:51:47.132134704][transaction.cpp:455]	last_paid=0; cells=3 bits=124[0m
22: [0m[ 4][t 0][2026-09-12 14:51:47.132138607][transaction.cpp:685]	end of Account.unpack() for 2:FFFFFFFFFFFFFFFFFFFFFFFFFFFFFFFFFFFFFFFFFFFFFFFFFFFFFFFFFFFFFFFF (balance = 983999629ng ; last_trans_lt = 106000001..106000002)[0m
22: [0m[ 4][t 0][2026-09-12 14:51:47.133635595][transaction.cpp:622]	unpacking account 1111111111111111111111111111111111111111111111111111111111111111[0m
22: [0m[ 4][t 0][2026-09-12 14:51:47.133644209][transaction.cpp:455]	last_paid=0; cells=16 bits=4928[0m
22: [0m[ 4][t 0][2026-09-12 14:51:47.133647570][transaction.cpp:685]	end of Account.unpack() for 2:1111111111111111111111111111111111111111111111111111111111111111 (balance = 0ng ; last_trans_lt = 100000001..100000002)[0m
22: [0m[ 4][t 0][2026-09-12 14:51:47.133719877][transaction.cpp:622]	unpacking account 1111111111111111111111111111111111111111111111111111111111111111[0m
22: [0m[ 4][t 0][2026-09-12 14:51:47.133724389][transaction.cpp:455]	last_paid=0; cells=11 bits=3373[0m
22: [0m[ 4][t 0][2026-09-12 14:51:47.133726905][transaction.cpp:685]	end of Account.unpack() for 2:1111111111111111111111111111111111111111111111111111111111111111 (balance = 0ng ; last_trans_lt = 102000001..102000002)[0m
22: [0m[ 4][t 0][2026-09-12 14:51:47.133782465][transaction.cpp:622]	unpacking account 1111111111111111111111111111111111111111111111111111111111111111[0m
22: [0m[ 4][t 0][2026-09-12 14:51:47.133786662][transaction.cpp:455]	last_paid=0; cells=11 bits=3373[0m
22: [0m[ 4][t 0][2026-09-12 14:51:47.133789036][transaction.cpp:685]	end of Account.unpack() for 2:1111111111111111111111111111111111111111111111111111111111111111 (balance = 0ng ; last_trans_lt = 102000001..102000002)[0m
22: [0m[ 4][t 0][2026-09-12 14:51:47.133794218][transaction.cpp:622]	unpacking account 1111111111111111111111111111111111111111111111111111111111111111[0m
22: [0m[ 4][t 0][2026-09-12 14:51:47.133797626][transaction.cpp:455]	last_paid=0; cells=11 bits=3373[0m
22: [0m[ 4][t 0][2026-09-12 14:51:47.133799949][transaction.cpp:685]	end of Account.unpack() for 2:1111111111111111111111111111111111111111111111111111111111111111 (balance = 0ng ; last_trans_lt = 106000001..106000002)[0m
22: WITHDRAWAL-COMPLETION_D78_OBSERVED:test-workchain-withdrawal-completion-bucket-closed
1/1 Test #22: test-workchain-withdrawal-completion-bucket-closed ...   Passed  394.45 sec

The following tests passed:
	test-workchain-withdrawal-completion-bucket-closed

100% tests passed, 0 tests failed out of 1

Total Test time (real) = 394.46 sec
Internal ctest changing into directory: /tmp/uno-merge-6ea2fbf80-tL5Uih
UpdateCTestConfiguration  from :/tmp/uno-merge-6ea2fbf80-tL5Uih/DartConfiguration.tcl
UpdateCTestConfiguration  from :/tmp/uno-merge-6ea2fbf80-tL5Uih/DartConfiguration.tcl
Test project /tmp/uno-merge-6ea2fbf80-tL5Uih
Constructing a list of tests
Done constructing a list of tests
Updating test list for fixtures
Added 0 tests to meet fixture requirements
Checking test dependency graph...
Checking test dependency graph end
test 23
    Start 23: test-workchain-withdrawal-completion-sweep-atomic

23: Test command: /home/tomi/.local/bin/python3 "/home/tomi/tos/test/uno-m3-live.py" "--build" "/tmp/uno-merge-6ea2fbf80-tL5Uih" "--completion-contract" "sweep-atomic"
23: Test timeout computed to be: 1800
23: COMPLETION_RUN:/tmp/uno-completion-bucket-6ughrock
23: [0m[ 4][t 0][2026-09-12 14:54:03.786346770][mc-config.cpp:572]	workchain description dictionary created[0m
23: [0m[ 4][t 0][2026-09-12 14:54:03.786541062][mc-config.cpp:2347]	unpacked info for workchain 0: basic=true, active=true, accept_msgs=true, min_split=0, max_split=0[0m
23: [0m[ 4][t 0][2026-09-12 14:54:03.786554477][mc-config.cpp:2347]	unpacked info for workchain 2: basic=true, active=true, accept_msgs=true, min_split=0, max_split=0[0m
23: [0m[ 4][t 0][2026-09-12 14:54:03.786681324][mc-config.cpp:572]	workchain description dictionary created[0m
23: [0m[ 4][t 0][2026-09-12 14:54:03.786687333][mc-config.cpp:2347]	unpacked info for workchain 0: basic=true, active=true, accept_msgs=true, min_split=0, max_split=0[0m
23: [0m[ 4][t 0][2026-09-12 14:54:03.786691333][mc-config.cpp:2347]	unpacked info for workchain 2: basic=true, active=true, accept_msgs=true, min_split=0, max_split=0[0m
23: [0m[ 4][t 0][2026-09-12 14:54:03.786741712][transaction.cpp:622]	unpacking account 0000000000000000000000000000000000000000000000000000000000000000[0m
23: [0m[ 4][t 0][2026-09-12 14:54:03.786764168][transaction.cpp:455]	last_paid=0; cells=8 bits=1848[0m
23: [0m[ 4][t 0][2026-09-12 14:54:03.786783263][transaction.cpp:685]	end of Account.unpack() for 2:0000000000000000000000000000000000000000000000000000000000000000 (balance = 21024996320ng ; last_trans_lt = 38000001..38000002)[0m
23: [0m[ 4][t 0][2026-09-12 14:54:03.786806399][transaction.cpp:622]	unpacking account FFFFFFFFFFFFFFFFFFFFFFFFFFFFFFFFFFFFFFFFFFFFFFFFFFFFFFFFFFFFFFFF[0m
23: [0m[ 4][t 0][2026-09-12 14:54:03.786812875][transaction.cpp:455]	last_paid=0; cells=3 bits=132[0m
23: [0m[ 4][t 0][2026-09-12 14:54:03.786818241][transaction.cpp:685]	end of Account.unpack() for 2:FFFFFFFFFFFFFFFFFFFFFFFFFFFFFFFFFFFFFFFFFFFFFFFFFFFFFFFFFFFFFFFF (balance = 4989999630ng ; last_trans_lt = 38000001..38000002)[0m
23: [0m[ 4][t 0][2026-09-12 14:54:03.790346456][transaction.cpp:622]	unpacking account 1111111111111111111111111111111111111111111111111111111111111111[0m
23: [0m[ 4][t 0][2026-09-12 14:54:03.790371000][transaction.cpp:455]	last_paid=0; cells=26 bits=8514[0m
23: [0m[ 4][t 0][2026-09-12 14:54:03.790378993][transaction.cpp:685]	end of Account.unpack() for 2:1111111111111111111111111111111111111111111111111111111111111111 (balance = 0ng ; last_trans_lt = 38000001..38000002)[0m
23: [0m[ 4][t 0][2026-09-12 14:54:10.516576290][transaction.cpp:622]	unpacking account 2222222222222222222222222222222222222222222222222222222222222222[0m
23: [0m[ 4][t 0][2026-09-12 14:54:10.516591711][transaction.cpp:455]	last_paid=0; cells=10 bits=3308[0m
23: [0m[ 4][t 0][2026-09-12 14:54:10.516595609][transaction.cpp:685]	end of Account.unpack() for 2:2222222222222222222222222222222222222222222222222222222222222222 (balance = 0ng ; last_trans_lt = 8000001..8000002)[0m
23: [0m[ 4][t 0][2026-09-12 14:54:11.517631835][transaction.cpp:622]	unpacking account 0000000000000000000000000000000000000000000000000000000000000000[0m
23: [0m[ 4][t 0][2026-09-12 14:54:11.517642608][transaction.cpp:455]	last_paid=0; cells=6 bits=1030[0m
23: [0m[ 4][t 0][2026-09-12 14:54:11.517646057][transaction.cpp:685]	end of Account.unpack() for 2:0000000000000000000000000000000000000000000000000000000000000000 (balance = 21018000250ng ; last_trans_lt = 40000001..40000002)[0m
23: [0m[ 4][t 0][2026-09-12 14:54:11.517652239][transaction.cpp:622]	unpacking account FFFFFFFFFFFFFFFFFFFFFFFFFFFFFFFFFFFFFFFFFFFFFFFFFFFFFFFFFFFFFFFF[0m
23: [0m[ 4][t 0][2026-09-12 14:54:11.517655312][transaction.cpp:455]	last_paid=0; cells=3 bits=132[0m
23: [0m[ 4][t 0][2026-09-12 14:54:11.517657701][transaction.cpp:685]	end of Account.unpack() for 2:FFFFFFFFFFFFFFFFFFFFFFFFFFFFFFFFFFFFFFFFFFFFFFFFFFFFFFFFFFFFFFFF (balance = 4996995692ng ; last_trans_lt = 40000001..40000002)[0m
23: [0m[ 4][t 0][2026-09-12 14:54:11.519967260][mc-config.cpp:572]	workchain description dictionary created[0m
23: [0m[ 4][t 0][2026-09-12 14:54:11.519975600][mc-config.cpp:2347]	unpacked info for workchain 0: basic=true, active=true, accept_msgs=true, min_split=0, max_split=0[0m
23: [0m[ 4][t 0][2026-09-12 14:54:11.519978558][mc-config.cpp:2347]	unpacked info for workchain 2: basic=true, active=true, accept_msgs=true, min_split=0, max_split=0[0m
23: [0m[ 4][t 0][2026-09-12 14:54:11.519997140][transaction.cpp:622]	unpacking account 0000000000000000000000000000000000000000000000000000000000000000[0m
23: [0m[ 4][t 0][2026-09-12 14:54:11.520003919][transaction.cpp:455]	last_paid=0; cells=8 bits=1848[0m
23: [0m[ 4][t 0][2026-09-12 14:54:11.520007263][transaction.cpp:685]	end of Account.unpack() for 2:0000000000000000000000000000000000000000000000000000000000000000 (balance = 21024996320ng ; last_trans_lt = 38000001..38000002)[0m
23: [0m[ 4][t 0][2026-09-12 14:54:11.520996638][transaction.cpp:622]	unpacking account 1111111111111111111111111111111111111111111111111111111111111111[0m
23: [0m[ 4][t 0][2026-09-12 14:54:11.521002666][transaction.cpp:455]	last_paid=0; cells=32 bits=10595[0m
23: [0m[ 4][t 0][2026-09-12 14:54:11.521005578][transaction.cpp:685]	end of Account.unpack() for 2:1111111111111111111111111111111111111111111111111111111111111111 (balance = 0ng ; last_trans_lt = 40000001..40000002)[0m
23: [0m[ 4][t 0][2026-09-12 14:54:19.035298458][transaction.cpp:622]	unpacking account 2222222222222222222222222222222222222222222222222222222222222222[0m
23: [0m[ 4][t 0][2026-09-12 14:54:19.035313301][transaction.cpp:455]	last_paid=0; cells=10 bits=3308[0m
23: [0m[ 4][t 0][2026-09-12 14:54:19.035317549][transaction.cpp:685]	end of Account.unpack() for 2:2222222222222222222222222222222222222222222222222222222222222222 (balance = 0ng ; last_trans_lt = 8000001..8000002)[0m
23: [0m[ 4][t 0][2026-09-12 14:55:44.769557016][mc-config.cpp:572]	workchain description dictionary created[0m
23: [0m[ 4][t 0][2026-09-12 14:55:44.769921937][mc-config.cpp:2347]	unpacked info for workchain 0: basic=true, active=true, accept_msgs=true, min_split=0, max_split=0[0m
23: [0m[ 4][t 0][2026-09-12 14:55:44.769935356][mc-config.cpp:2347]	unpacked info for workchain 2: basic=true, active=true, accept_msgs=true, min_split=0, max_split=0[0m
23: [0m[ 4][t 0][2026-09-12 14:55:44.770347795][mc-config.cpp:572]	workchain description dictionary created[0m
23: [0m[ 4][t 0][2026-09-12 14:55:44.770354024][mc-config.cpp:2347]	unpacked info for workchain 0: basic=true, active=true, accept_msgs=true, min_split=0, max_split=0[0m
23: [0m[ 4][t 0][2026-09-12 14:55:44.770358215][mc-config.cpp:2347]	unpacked info for workchain 2: basic=true, active=true, accept_msgs=true, min_split=0, max_split=0[0m
23: [0m[ 4][t 0][2026-09-12 14:55:44.770459129][transaction.cpp:622]	unpacking account 0000000000000000000000000000000000000000000000000000000000000000[0m
23: [0m[ 4][t 0][2026-09-12 14:55:44.770608502][transaction.cpp:455]	last_paid=0; cells=8 bits=1848[0m
23: [0m[ 4][t 0][2026-09-12 14:55:44.770869659][transaction.cpp:685]	end of Account.unpack() for 2:0000000000000000000000000000000000000000000000000000000000000000 (balance = 21024996320ng ; last_trans_lt = 38000001..38000002)[0m
23: [0m[ 4][t 0][2026-09-12 14:55:44.770898306][transaction.cpp:622]	unpacking account FFFFFFFFFFFFFFFFFFFFFFFFFFFFFFFFFFFFFFFFFFFFFFFFFFFFFFFFFFFFFFFF[0m
23: [0m[ 4][t 0][2026-09-12 14:55:44.770905264][transaction.cpp:455]	last_paid=0; cells=3 bits=132[0m
23: [0m[ 4][t 0][2026-09-12 14:55:44.770911321][transaction.cpp:685]	end of Account.unpack() for 2:FFFFFFFFFFFFFFFFFFFFFFFFFFFFFFFFFFFFFFFFFFFFFFFFFFFFFFFFFFFFFFFF (balance = 4989999630ng ; last_trans_lt = 38000001..38000002)[0m
23: [0m[ 4][t 0][2026-09-12 14:55:44.774500643][transaction.cpp:622]	unpacking account 1111111111111111111111111111111111111111111111111111111111111111[0m
23: [0m[ 4][t 0][2026-09-12 14:55:44.774815166][transaction.cpp:455]	last_paid=0; cells=26 bits=8514[0m
23: [0m[ 4][t 0][2026-09-12 14:55:44.774823411][transaction.cpp:685]	end of Account.unpack() for 2:1111111111111111111111111111111111111111111111111111111111111111 (balance = 0ng ; last_trans_lt = 38000001..38000002)[0m
23: [0m[ 4][t 0][2026-09-12 14:55:51.158805038][transaction.cpp:622]	unpacking account 2222222222222222222222222222222222222222222222222222222222222222[0m
23: [0m[ 4][t 0][2026-09-12 14:55:51.158821369][transaction.cpp:455]	last_paid=0; cells=10 bits=3308[0m
23: [0m[ 4][t 0][2026-09-12 14:55:51.158825907][transaction.cpp:685]	end of Account.unpack() for 2:2222222222222222222222222222222222222222222222222222222222222222 (balance = 0ng ; last_trans_lt = 8000001..8000002)[0m
23: [0m[ 4][t 0][2026-09-12 14:55:52.148385813][transaction.cpp:622]	unpacking account 0000000000000000000000000000000000000000000000000000000000000000[0m
23: [0m[ 4][t 0][2026-09-12 14:55:52.148396084][transaction.cpp:455]	last_paid=0; cells=6 bits=1030[0m
23: [0m[ 4][t 0][2026-09-12 14:55:52.148399813][transaction.cpp:685]	end of Account.unpack() for 2:0000000000000000000000000000000000000000000000000000000000000000 (balance = 21018000250ng ; last_trans_lt = 40000001..40000002)[0m
23: [0m[ 4][t 0][2026-09-12 14:55:52.148406155][transaction.cpp:622]	unpacking account FFFFFFFFFFFFFFFFFFFFFFFFFFFFFFFFFFFFFFFFFFFFFFFFFFFFFFFFFFFFFFFF[0m
23: [0m[ 4][t 0][2026-09-12 14:55:52.148409125][transaction.cpp:455]	last_paid=0; cells=3 bits=132[0m
23: [0m[ 4][t 0][2026-09-12 14:55:52.148411509][transaction.cpp:685]	end of Account.unpack() for 2:FFFFFFFFFFFFFFFFFFFFFFFFFFFFFFFFFFFFFFFFFFFFFFFFFFFFFFFFFFFFFFFF (balance = 4989999630ng ; last_trans_lt = 40000001..40000002)[0m
23: [0m[ 4][t 0][2026-09-12 14:55:52.150732388][mc-config.cpp:572]	workchain description dictionary created[0m
23: [0m[ 4][t 0][2026-09-12 14:55:52.150740309][mc-config.cpp:2347]	unpacked info for workchain 0: basic=true, active=true, accept_msgs=true, min_split=0, max_split=0[0m
23: [0m[ 4][t 0][2026-09-12 14:55:52.150743546][mc-config.cpp:2347]	unpacked info for workchain 2: basic=true, active=true, accept_msgs=true, min_split=0, max_split=0[0m
23: [0m[ 4][t 0][2026-09-12 14:55:52.150763028][transaction.cpp:622]	unpacking account 0000000000000000000000000000000000000000000000000000000000000000[0m
23: [0m[ 4][t 0][2026-09-12 14:55:52.150769929][transaction.cpp:455]	last_paid=0; cells=8 bits=1848[0m
23: [0m[ 4][t 0][2026-09-12 14:55:52.150773365][transaction.cpp:685]	end of Account.unpack() for 2:0000000000000000000000000000000000000000000000000000000000000000 (balance = 21024996320ng ; last_trans_lt = 38000001..38000002)[0m
23: [0m[ 4][t 0][2026-09-12 14:55:52.151802832][transaction.cpp:622]	unpacking account 1111111111111111111111111111111111111111111111111111111111111111[0m
23: [0m[ 4][t 0][2026-09-12 14:55:52.151808842][transaction.cpp:455]	last_paid=0; cells=32 bits=10619[0m
23: [0m[ 4][t 0][2026-09-12 14:55:52.151811812][transaction.cpp:685]	end of Account.unpack() for 2:1111111111111111111111111111111111111111111111111111111111111111 (balance = 6996062ng ; last_trans_lt = 40000001..40000002)[0m
23: [0m[ 4][t 0][2026-09-12 14:55:59.735455346][transaction.cpp:622]	unpacking account 2222222222222222222222222222222222222222222222222222222222222222[0m
23: [0m[ 4][t 0][2026-09-12 14:55:59.735470221][transaction.cpp:455]	last_paid=0; cells=10 bits=3308[0m
23: [0m[ 4][t 0][2026-09-12 14:55:59.735474639][transaction.cpp:685]	end of Account.unpack() for 2:2222222222222222222222222222222222222222222222222222222222222222 (balance = 0ng ; last_trans_lt = 8000001..8000002)[0m
23: COMPLETION_REAL_RED:D63_1_PHYSICAL_TRANSFER
23: ORACLE_MISSING:D63_1_PHYSICAL_TRANSFER
23: [0m[ 4][t 0][2026-09-12 14:56:38.575631793][mc-config.cpp:572]	workchain description dictionary created[0m
23: [0m[ 4][t 0][2026-09-12 14:56:38.575821151][mc-config.cpp:2347]	unpacked info for workchain 0: basic=true, active=true, accept_msgs=true, min_split=0, max_split=0[0m
23: [0m[ 4][t 0][2026-09-12 14:56:38.575830551][mc-config.cpp:2347]	unpacked info for workchain 2: basic=true, active=true, accept_msgs=true, min_split=0, max_split=0[0m
23: [0m[ 4][t 0][2026-09-12 14:56:38.575909391][mc-config.cpp:572]	workchain description dictionary created[0m
23: [0m[ 4][t 0][2026-09-12 14:56:38.575912946][mc-config.cpp:2347]	unpacked info for workchain 0: basic=true, active=true, accept_msgs=true, min_split=0, max_split=0[0m
23: [0m[ 4][t 0][2026-09-12 14:56:38.575915202][mc-config.cpp:2347]	unpacked info for workchain 2: basic=true, active=true, accept_msgs=true, min_split=0, max_split=0[0m
23: [0m[ 4][t 0][2026-09-12 14:56:38.575944265][transaction.cpp:622]	unpacking account 0000000000000000000000000000000000000000000000000000000000000000[0m
23: [0m[ 4][t 0][2026-09-12 14:56:38.575963995][transaction.cpp:455]	last_paid=0; cells=8 bits=1848[0m
23: [0m[ 4][t 0][2026-09-12 14:56:38.575973937][transaction.cpp:685]	end of Account.unpack() for 2:0000000000000000000000000000000000000000000000000000000000000000 (balance = 21024996320ng ; last_trans_lt = 38000001..38000002)[0m
23: [0m[ 4][t 0][2026-09-12 14:56:38.575989587][transaction.cpp:622]	unpacking account FFFFFFFFFFFFFFFFFFFFFFFFFFFFFFFFFFFFFFFFFFFFFFFFFFFFFFFFFFFFFFFF[0m
23: [0m[ 4][t 0][2026-09-12 14:56:38.575993254][transaction.cpp:455]	last_paid=0; cells=3 bits=132[0m
23: [0m[ 4][t 0][2026-09-12 14:56:38.575996375][transaction.cpp:685]	end of Account.unpack() for 2:FFFFFFFFFFFFFFFFFFFFFFFFFFFFFFFFFFFFFFFFFFFFFFFFFFFFFFFFFFFFFFFF (balance = 4989999630ng ; last_trans_lt = 38000001..38000002)[0m
23: [0m[ 4][t 0][2026-09-12 14:56:38.577859257][transaction.cpp:622]	unpacking account 1111111111111111111111111111111111111111111111111111111111111111[0m
23: [0m[ 4][t 0][2026-09-12 14:56:38.577874994][transaction.cpp:455]	last_paid=0; cells=26 bits=8514[0m
23: [0m[ 4][t 0][2026-09-12 14:56:38.577878690][transaction.cpp:685]	end of Account.unpack() for 2:1111111111111111111111111111111111111111111111111111111111111111 (balance = 0ng ; last_trans_lt = 38000001..38000002)[0m
23: [0m[ 4][t 0][2026-09-12 14:56:44.962296825][transaction.cpp:622]	unpacking account 2222222222222222222222222222222222222222222222222222222222222222[0m
23: [0m[ 4][t 0][2026-09-12 14:56:44.962311729][transaction.cpp:455]	last_paid=0; cells=10 bits=3308[0m
23: [0m[ 4][t 0][2026-09-12 14:56:44.962315813][transaction.cpp:685]	end of Account.unpack() for 2:2222222222222222222222222222222222222222222222222222222222222222 (balance = 0ng ; last_trans_lt = 8000001..8000002)[0m
23: [0m[ 4][t 0][2026-09-12 14:56:45.924410070][transaction.cpp:622]	unpacking account 0000000000000000000000000000000000000000000000000000000000000000[0m
23: [0m[ 4][t 0][2026-09-12 14:56:45.924420871][transaction.cpp:455]	last_paid=0; cells=6 bits=1030[0m
23: [0m[ 4][t 0][2026-09-12 14:56:45.924424733][transaction.cpp:685]	end of Account.unpack() for 2:0000000000000000000000000000000000000000000000000000000000000000 (balance = 21018000258ng ; last_trans_lt = 40000001..40000002)[0m
23: [0m[ 4][t 0][2026-09-12 14:56:45.924431760][transaction.cpp:622]	unpacking account FFFFFFFFFFFFFFFFFFFFFFFFFFFFFFFFFFFFFFFFFFFFFFFFFFFFFFFFFFFFFFFF[0m
23: [0m[ 4][t 0][2026-09-12 14:56:45.924434728][transaction.cpp:455]	last_paid=0; cells=3 bits=132[0m
23: [0m[ 4][t 0][2026-09-12 14:56:45.924437183][transaction.cpp:685]	end of Account.unpack() for 2:FFFFFFFFFFFFFFFFFFFFFFFFFFFFFFFFFFFFFFFFFFFFFFFFFFFFFFFFFFFFFFFF (balance = 4996995692ng ; last_trans_lt = 40000001..40000002)[0m
23: [0m[ 4][t 0][2026-09-12 14:56:45.926713430][mc-config.cpp:572]	workchain description dictionary created[0m
23: [0m[ 4][t 0][2026-09-12 14:56:45.926721035][mc-config.cpp:2347]	unpacked info for workchain 0: basic=true, active=true, accept_msgs=true, min_split=0, max_split=0[0m
23: [0m[ 4][t 0][2026-09-12 14:56:45.926723859][mc-config.cpp:2347]	unpacked info for workchain 2: basic=true, active=true, accept_msgs=true, min_split=0, max_split=0[0m
23: [0m[ 4][t 0][2026-09-12 14:56:45.926742051][transaction.cpp:622]	unpacking account 0000000000000000000000000000000000000000000000000000000000000000[0m
23: [0m[ 4][t 0][2026-09-12 14:56:45.926752289][transaction.cpp:455]	last_paid=0; cells=8 bits=1848[0m
23: [0m[ 4][t 0][2026-09-12 14:56:45.926756730][transaction.cpp:685]	end of Account.unpack() for 2:0000000000000000000000000000000000000000000000000000000000000000 (balance = 21024996320ng ; last_trans_lt = 38000001..38000002)[0m
23: [0m[ 4][t 0][2026-09-12 14:56:45.927743972][transaction.cpp:622]	unpacking account 1111111111111111111111111111111111111111111111111111111111111111[0m
23: [0m[ 4][t 0][2026-09-12 14:56:45.927750485][transaction.cpp:455]	last_paid=0; cells=32 bits=10595[0m
23: [0m[ 4][t 0][2026-09-12 14:56:45.927753525][transaction.cpp:685]	end of Account.unpack() for 2:1111111111111111111111111111111111111111111111111111111111111111 (balance = 0ng ; last_trans_lt = 40000001..40000002)[0m
23: [0m[ 4][t 0][2026-09-12 14:56:53.464663620][transaction.cpp:622]	unpacking account 2222222222222222222222222222222222222222222222222222222222222222[0m
23: [0m[ 4][t 0][2026-09-12 14:56:53.464676847][transaction.cpp:455]	last_paid=0; cells=10 bits=3308[0m
23: [0m[ 4][t 0][2026-09-12 14:56:53.464680990][transaction.cpp:685]	end of Account.unpack() for 2:2222222222222222222222222222222222222222222222222222222222222222 (balance = 0ng ; last_trans_lt = 8000001..8000002)[0m
23: COMPLETION_REAL_RED:D63_3_FEE_DESTINATIONS
23: ORACLE_MISSING:D63_3_FEE_DESTINATIONS
23: [0m[ 4][t 0][2026-09-12 14:57:31.606713997][mc-config.cpp:572]	workchain description dictionary created[0m
23: [0m[ 4][t 0][2026-09-12 14:57:31.606927899][mc-config.cpp:2347]	unpacked info for workchain 0: basic=true, active=true, accept_msgs=true, min_split=0, max_split=0[0m
23: [0m[ 4][t 0][2026-09-12 14:57:31.606941029][mc-config.cpp:2347]	unpacked info for workchain 2: basic=true, active=true, accept_msgs=true, min_split=0, max_split=0[0m
23: [0m[ 4][t 0][2026-09-12 14:57:31.607066804][mc-config.cpp:572]	workchain description dictionary created[0m
23: [0m[ 4][t 0][2026-09-12 14:57:31.607072872][mc-config.cpp:2347]	unpacked info for workchain 0: basic=true, active=true, accept_msgs=true, min_split=0, max_split=0[0m
23: [0m[ 4][t 0][2026-09-12 14:57:31.607077861][mc-config.cpp:2347]	unpacked info for workchain 2: basic=true, active=true, accept_msgs=true, min_split=0, max_split=0[0m
23: [0m[ 4][t 0][2026-09-12 14:57:31.607124250][transaction.cpp:622]	unpacking account 0000000000000000000000000000000000000000000000000000000000000000[0m
23: [0m[ 4][t 0][2026-09-12 14:57:31.607151706][transaction.cpp:455]	last_paid=0; cells=8 bits=1848[0m
23: [0m[ 4][t 0][2026-09-12 14:57:31.607171513][transaction.cpp:685]	end of Account.unpack() for 2:0000000000000000000000000000000000000000000000000000000000000000 (balance = 21024996320ng ; last_trans_lt = 38000001..38000002)[0m
23: [0m[ 4][t 0][2026-09-12 14:57:31.607196704][transaction.cpp:622]	unpacking account FFFFFFFFFFFFFFFFFFFFFFFFFFFFFFFFFFFFFFFFFFFFFFFFFFFFFFFFFFFFFFFF[0m
23: [0m[ 4][t 0][2026-09-12 14:57:31.607203581][transaction.cpp:455]	last_paid=0; cells=3 bits=132[0m
23: [0m[ 4][t 0][2026-09-12 14:57:31.607209170][transaction.cpp:685]	end of Account.unpack() for 2:FFFFFFFFFFFFFFFFFFFFFFFFFFFFFFFFFFFFFFFFFFFFFFFFFFFFFFFFFFFFFFFF (balance = 4989999630ng ; last_trans_lt = 38000001..38000002)[0m
23: [0m[ 4][t 0][2026-09-12 14:57:31.610720714][transaction.cpp:622]	unpacking account 1111111111111111111111111111111111111111111111111111111111111111[0m
23: [0m[ 4][t 0][2026-09-12 14:57:31.610744086][transaction.cpp:455]	last_paid=0; cells=26 bits=8514[0m
23: [0m[ 4][t 0][2026-09-12 14:57:31.610752083][transaction.cpp:685]	end of Account.unpack() for 2:1111111111111111111111111111111111111111111111111111111111111111 (balance = 0ng ; last_trans_lt = 38000001..38000002)[0m
23: [0m[ 4][t 0][2026-09-12 14:57:38.056441639][transaction.cpp:622]	unpacking account 2222222222222222222222222222222222222222222222222222222222222222[0m
23: [0m[ 4][t 0][2026-09-12 14:57:38.056457568][transaction.cpp:455]	last_paid=0; cells=10 bits=3308[0m
23: [0m[ 4][t 0][2026-09-12 14:57:38.056461892][transaction.cpp:685]	end of Account.unpack() for 2:2222222222222222222222222222222222222222222222222222222222222222 (balance = 0ng ; last_trans_lt = 8000001..8000002)[0m
23: [0m[ 4][t 0][2026-09-12 14:57:39.019677414][transaction.cpp:622]	unpacking account 0000000000000000000000000000000000000000000000000000000000000000[0m
23: [0m[ 4][t 0][2026-09-12 14:57:39.019688560][transaction.cpp:455]	last_paid=0; cells=6 bits=1030[0m
23: [0m[ 4][t 0][2026-09-12 14:57:39.019692742][transaction.cpp:685]	end of Account.unpack() for 2:0000000000000000000000000000000000000000000000000000000000000000 (balance = 21018000250ng ; last_trans_lt = 40000001..40000002)[0m
23: [0m[ 4][t 0][2026-09-12 14:57:39.019699607][transaction.cpp:622]	unpacking account FFFFFFFFFFFFFFFFFFFFFFFFFFFFFFFFFFFFFFFFFFFFFFFFFFFFFFFFFFFFFFFF[0m
23: [0m[ 4][t 0][2026-09-12 14:57:39.019702714][transaction.cpp:455]	last_paid=0; cells=3 bits=132[0m
23: [0m[ 4][t 0][2026-09-12 14:57:39.019705203][transaction.cpp:685]	end of Account.unpack() for 2:FFFFFFFFFFFFFFFFFFFFFFFFFFFFFFFFFFFFFFFFFFFFFFFFFFFFFFFFFFFFFFFF (balance = 4996995692ng ; last_trans_lt = 40000001..40000002)[0m
23: [0m[ 4][t 0][2026-09-12 14:57:39.021997026][mc-config.cpp:572]	workchain description dictionary created[0m
23: [0m[ 4][t 0][2026-09-12 14:57:39.022004972][mc-config.cpp:2347]	unpacked info for workchain 0: basic=true, active=true, accept_msgs=true, min_split=0, max_split=0[0m
23: [0m[ 4][t 0][2026-09-12 14:57:39.022007714][mc-config.cpp:2347]	unpacked info for workchain 2: basic=true, active=true, accept_msgs=true, min_split=0, max_split=0[0m
23: [0m[ 4][t 0][2026-09-12 14:57:39.022025816][transaction.cpp:622]	unpacking account 0000000000000000000000000000000000000000000000000000000000000000[0m
23: [0m[ 4][t 0][2026-09-12 14:57:39.022032480][transaction.cpp:455]	last_paid=0; cells=8 bits=1848[0m
23: [0m[ 4][t 0][2026-09-12 14:57:39.022036293][transaction.cpp:685]	end of Account.unpack() for 2:0000000000000000000000000000000000000000000000000000000000000000 (balance = 21024996320ng ; last_trans_lt = 38000001..38000002)[0m
23: [0m[ 4][t 0][2026-09-12 14:57:39.023031705][transaction.cpp:622]	unpacking account 1111111111111111111111111111111111111111111111111111111111111111[0m
23: [0m[ 4][t 0][2026-09-12 14:57:39.023037915][transaction.cpp:455]	last_paid=0; cells=26 bits=8514[0m
23: [0m[ 4][t 0][2026-09-12 14:57:39.023040866][transaction.cpp:685]	end of Account.unpack() for 2:1111111111111111111111111111111111111111111111111111111111111111 (balance = 0ng ; last_trans_lt = 40000001..40000002)[0m
23: [0m[ 4][t 0][2026-09-12 14:57:45.551212978][transaction.cpp:622]	unpacking account 2222222222222222222222222222222222222222222222222222222222222222[0m
23: [0m[ 4][t 0][2026-09-12 14:57:45.551229324][transaction.cpp:455]	last_paid=0; cells=10 bits=3308[0m
23: [0m[ 4][t 0][2026-09-12 14:57:45.551233786][transaction.cpp:685]	end of Account.unpack() for 2:2222222222222222222222222222222222222222222222222222222222222222 (balance = 0ng ; last_trans_lt = 8000001..8000002)[0m
23: COMPLETION_REAL_RED:D63_4_INSTALLED_CREDIT
23: ORACLE_MISSING:D63_4_INSTALLED_CREDIT
23: [0m[ 4][t 0][2026-09-12 14:59:48.986896713][mc-config.cpp:572]	workchain description dictionary created[0m
23: [0m[ 4][t 0][2026-09-12 14:59:48.987034821][mc-config.cpp:2347]	unpacked info for workchain 0: basic=true, active=true, accept_msgs=true, min_split=0, max_split=0[0m
23: [0m[ 4][t 0][2026-09-12 14:59:48.987043451][mc-config.cpp:2347]	unpacked info for workchain 2: basic=true, active=true, accept_msgs=true, min_split=0, max_split=0[0m
23: [0m[ 4][t 0][2026-09-12 14:59:48.987121682][mc-config.cpp:572]	workchain description dictionary created[0m
23: [0m[ 4][t 0][2026-09-12 14:59:48.987124517][mc-config.cpp:2347]	unpacked info for workchain 0: basic=true, active=true, accept_msgs=true, min_split=0, max_split=0[0m
23: [0m[ 4][t 0][2026-09-12 14:59:48.987130545][mc-config.cpp:2347]	unpacked info for workchain 2: basic=true, active=true, accept_msgs=true, min_split=0, max_split=0[0m
23: [0m[ 4][t 0][2026-09-12 14:59:48.987159497][transaction.cpp:622]	unpacking account 0000000000000000000000000000000000000000000000000000000000000000[0m
23: [0m[ 4][t 0][2026-09-12 14:59:48.987179363][transaction.cpp:455]	last_paid=0; cells=8 bits=1848[0m
23: [0m[ 4][t 0][2026-09-12 14:59:48.987188544][transaction.cpp:685]	end of Account.unpack() for 2:0000000000000000000000000000000000000000000000000000000000000000 (balance = 21024996320ng ; last_trans_lt = 38000001..38000002)[0m
23: [0m[ 4][t 0][2026-09-12 14:59:48.987205059][transaction.cpp:622]	unpacking account FFFFFFFFFFFFFFFFFFFFFFFFFFFFFFFFFFFFFFFFFFFFFFFFFFFFFFFFFFFFFFFF[0m
23: [0m[ 4][t 0][2026-09-12 14:59:48.987209030][transaction.cpp:455]	last_paid=0; cells=3 bits=132[0m
23: [0m[ 4][t 0][2026-09-12 14:59:48.987212560][transaction.cpp:685]	end of Account.unpack() for 2:FFFFFFFFFFFFFFFFFFFFFFFFFFFFFFFFFFFFFFFFFFFFFFFFFFFFFFFFFFFFFFFF (balance = 4989999630ng ; last_trans_lt = 38000001..38000002)[0m
23: [0m[ 4][t 0][2026-09-12 14:59:48.989093738][transaction.cpp:622]	unpacking account 1111111111111111111111111111111111111111111111111111111111111111[0m
23: [0m[ 4][t 0][2026-09-12 14:59:48.989109319][transaction.cpp:455]	last_paid=0; cells=26 bits=8514[0m
23: [0m[ 4][t 0][2026-09-12 14:59:48.989113263][transaction.cpp:685]	end of Account.unpack() for 2:1111111111111111111111111111111111111111111111111111111111111111 (balance = 0ng ; last_trans_lt = 38000001..38000002)[0m
23: [0m[ 4][t 0][2026-09-12 14:59:55.262497463][transaction.cpp:622]	unpacking account 2222222222222222222222222222222222222222222222222222222222222222[0m
23: [0m[ 4][t 0][2026-09-12 14:59:55.262519255][transaction.cpp:455]	last_paid=0; cells=10 bits=3308[0m
23: [0m[ 4][t 0][2026-09-12 14:59:55.262523491][transaction.cpp:685]	end of Account.unpack() for 2:2222222222222222222222222222222222222222222222222222222222222222 (balance = 0ng ; last_trans_lt = 8000001..8000002)[0m
23: [0m[ 4][t 0][2026-09-12 14:59:56.227482087][transaction.cpp:622]	unpacking account 0000000000000000000000000000000000000000000000000000000000000000[0m
23: [0m[ 4][t 0][2026-09-12 14:59:56.227494815][transaction.cpp:455]	last_paid=0; cells=8 bits=1848[0m
23: [0m[ 4][t 0][2026-09-12 14:59:56.227498608][transaction.cpp:685]	end of Account.unpack() for 2:0000000000000000000000000000000000000000000000000000000000000000 (balance = 21018000250ng ; last_trans_lt = 40000001..40000002)[0m
23: [0m[ 4][t 0][2026-09-12 14:59:56.227506230][transaction.cpp:622]	unpacking account FFFFFFFFFFFFFFFFFFFFFFFFFFFFFFFFFFFFFFFFFFFFFFFFFFFFFFFFFFFFFFFF[0m
23: [0m[ 4][t 0][2026-09-12 14:59:56.227509641][transaction.cpp:455]	last_paid=0; cells=3 bits=132[0m
23: [0m[ 4][t 0][2026-09-12 14:59:56.227512129][transaction.cpp:685]	end of Account.unpack() for 2:FFFFFFFFFFFFFFFFFFFFFFFFFFFFFFFFFFFFFFFFFFFFFFFFFFFFFFFFFFFFFFFF (balance = 4996995692ng ; last_trans_lt = 40000001..40000002)[0m
23: [0m[ 4][t 0][2026-09-12 14:59:56.229834723][mc-config.cpp:572]	workchain description dictionary created[0m
23: [0m[ 4][t 0][2026-09-12 14:59:56.229843136][mc-config.cpp:2347]	unpacked info for workchain 0: basic=true, active=true, accept_msgs=true, min_split=0, max_split=0[0m
23: [0m[ 4][t 0][2026-09-12 14:59:56.229846137][mc-config.cpp:2347]	unpacked info for workchain 2: basic=true, active=true, accept_msgs=true, min_split=0, max_split=0[0m
23: [0m[ 4][t 0][2026-09-12 14:59:56.229864666][transaction.cpp:622]	unpacking account 0000000000000000000000000000000000000000000000000000000000000000[0m
23: [0m[ 4][t 0][2026-09-12 14:59:56.229871121][transaction.cpp:455]	last_paid=0; cells=8 bits=1848[0m
23: [0m[ 4][t 0][2026-09-12 14:59:56.229874606][transaction.cpp:685]	end of Account.unpack() for 2:0000000000000000000000000000000000000000000000000000000000000000 (balance = 21024996320ng ; last_trans_lt = 38000001..38000002)[0m
23: [0m[ 4][t 0][2026-09-12 14:59:56.230913889][transaction.cpp:622]	unpacking account 1111111111111111111111111111111111111111111111111111111111111111[0m
23: [0m[ 4][t 0][2026-09-12 14:59:56.230920104][transaction.cpp:455]	last_paid=0; cells=32 bits=10595[0m
23: [0m[ 4][t 0][2026-09-12 14:59:56.230923280][transaction.cpp:685]	end of Account.unpack() for 2:1111111111111111111111111111111111111111111111111111111111111111 (balance = 0ng ; last_trans_lt = 40000001..40000002)[0m
23: [0m[ 4][t 0][2026-09-12 15:00:03.606587379][transaction.cpp:622]	unpacking account 2222222222222222222222222222222222222222222222222222222222222222[0m
23: [0m[ 4][t 0][2026-09-12 15:00:03.606627304][transaction.cpp:455]	last_paid=0; cells=10 bits=3308[0m
23: [0m[ 4][t 0][2026-09-12 15:00:03.606633416][transaction.cpp:685]	end of Account.unpack() for 2:2222222222222222222222222222222222222222222222222222222222222222 (balance = 0ng ; last_trans_lt = 8000001..8000002)[0m
23: COMPLETION_REAL_RED:D63_2_HOLDINGS
23: ORACLE_MISSING:D63_2_HOLDINGS
23: D63_2_PRIMARY_CARRIER:D60_PAIRING
23: [0m[ 4][t 0][2026-09-12 15:00:13.242904920][mc-config.cpp:572]	workchain description dictionary created[0m
23: [0m[ 4][t 0][2026-09-12 15:00:13.243110024][mc-config.cpp:2347]	unpacked info for workchain 0: basic=true, active=true, accept_msgs=true, min_split=0, max_split=0[0m
23: [0m[ 4][t 0][2026-09-12 15:00:13.243117949][mc-config.cpp:2347]	unpacked info for workchain 2: basic=true, active=true, accept_msgs=true, min_split=0, max_split=0[0m
23: [0m[ 4][t 0][2026-09-12 15:00:13.243249303][mc-config.cpp:572]	workchain description dictionary created[0m
23: [0m[ 4][t 0][2026-09-12 15:00:13.243255510][mc-config.cpp:2347]	unpacked info for workchain 0: basic=true, active=true, accept_msgs=true, min_split=0, max_split=0[0m
23: [0m[ 4][t 0][2026-09-12 15:00:13.243259608][mc-config.cpp:2347]	unpacked info for workchain 2: basic=true, active=true, accept_msgs=true, min_split=0, max_split=0[0m
23: [0m[ 4][t 0][2026-09-12 15:00:13.243298133][transaction.cpp:622]	unpacking account 0000000000000000000000000000000000000000000000000000000000000000[0m
23: [0m[ 4][t 0][2026-09-12 15:00:13.243317701][transaction.cpp:455]	last_paid=0; cells=8 bits=1848[0m
23: [0m[ 4][t 0][2026-09-12 15:00:13.243330400][transaction.cpp:685]	end of Account.unpack() for 2:0000000000000000000000000000000000000000000000000000000000000000 (balance = 21024996320ng ; last_trans_lt = 38000001..38000002)[0m
23: [0m[ 4][t 0][2026-09-12 15:00:13.243354435][transaction.cpp:622]	unpacking account FFFFFFFFFFFFFFFFFFFFFFFFFFFFFFFFFFFFFFFFFFFFFFFFFFFFFFFFFFFFFFFF[0m
23: [0m[ 4][t 0][2026-09-12 15:00:13.243361045][transaction.cpp:455]	last_paid=0; cells=3 bits=132[0m
23: [0m[ 4][t 0][2026-09-12 15:00:13.243366330][transaction.cpp:685]	end of Account.unpack() for 2:FFFFFFFFFFFFFFFFFFFFFFFFFFFFFFFFFFFFFFFFFFFFFFFFFFFFFFFFFFFFFFFF (balance = 4989999630ng ; last_trans_lt = 38000001..38000002)[0m
23: [0m[ 4][t 0][2026-09-12 15:00:13.246883619][transaction.cpp:622]	unpacking account 1111111111111111111111111111111111111111111111111111111111111111[0m
23: [0m[ 4][t 0][2026-09-12 15:00:13.246905031][transaction.cpp:455]	last_paid=0; cells=26 bits=8514[0m
23: [0m[ 4][t 0][2026-09-12 15:00:13.246912116][transaction.cpp:685]	end of Account.unpack() for 2:1111111111111111111111111111111111111111111111111111111111111111 (balance = 0ng ; last_trans_lt = 38000001..38000002)[0m
23: [0m[ 4][t 0][2026-09-12 15:00:19.803999465][transaction.cpp:622]	unpacking account 2222222222222222222222222222222222222222222222222222222222222222[0m
23: [0m[ 4][t 0][2026-09-12 15:00:19.804015282][transaction.cpp:455]	last_paid=0; cells=10 bits=3308[0m
23: [0m[ 4][t 0][2026-09-12 15:00:19.804019233][transaction.cpp:685]	end of Account.unpack() for 2:2222222222222222222222222222222222222222222222222222222222222222 (balance = 0ng ; last_trans_lt = 8000001..8000002)[0m
23: [0m[ 4][t 0][2026-09-12 15:00:20.768984190][transaction.cpp:622]	unpacking account 0000000000000000000000000000000000000000000000000000000000000000[0m
23: [0m[ 4][t 0][2026-09-12 15:00:20.768996169][transaction.cpp:455]	last_paid=0; cells=6 bits=1030[0m
23: [0m[ 4][t 0][2026-09-12 15:00:20.769000051][transaction.cpp:685]	end of Account.unpack() for 2:0000000000000000000000000000000000000000000000000000000000000000 (balance = 21018000250ng ; last_trans_lt = 40000001..40000002)[0m
23: [0m[ 4][t 0][2026-09-12 15:00:20.769006382][transaction.cpp:622]	unpacking account FFFFFFFFFFFFFFFFFFFFFFFFFFFFFFFFFFFFFFFFFFFFFFFFFFFFFFFFFFFFFFFF[0m
23: [0m[ 4][t 0][2026-09-12 15:00:20.769009787][transaction.cpp:455]	last_paid=0; cells=3 bits=132[0m
23: [0m[ 4][t 0][2026-09-12 15:00:20.769012273][transaction.cpp:685]	end of Account.unpack() for 2:FFFFFFFFFFFFFFFFFFFFFFFFFFFFFFFFFFFFFFFFFFFFFFFFFFFFFFFFFFFFFFFF (balance = 4996995692ng ; last_trans_lt = 40000001..40000002)[0m
23: [0m[ 4][t 0][2026-09-12 15:00:20.771330001][mc-config.cpp:572]	workchain description dictionary created[0m
23: [0m[ 4][t 0][2026-09-12 15:00:20.771338628][mc-config.cpp:2347]	unpacked info for workchain 0: basic=true, active=true, accept_msgs=true, min_split=0, max_split=0[0m
23: [0m[ 4][t 0][2026-09-12 15:00:20.771341914][mc-config.cpp:2347]	unpacked info for workchain 2: basic=true, active=true, accept_msgs=true, min_split=0, max_split=0[0m
23: [0m[ 4][t 0][2026-09-12 15:00:20.771361185][transaction.cpp:622]	unpacking account 0000000000000000000000000000000000000000000000000000000000000000[0m
23: [0m[ 4][t 0][2026-09-12 15:00:20.771367899][transaction.cpp:455]	last_paid=0; cells=8 bits=1848[0m
23: [0m[ 4][t 0][2026-09-12 15:00:20.771371504][transaction.cpp:685]	end of Account.unpack() for 2:0000000000000000000000000000000000000000000000000000000000000000 (balance = 21024996320ng ; last_trans_lt = 38000001..38000002)[0m
23: [0m[ 4][t 0][2026-09-12 15:00:20.772376910][transaction.cpp:622]	unpacking account 1111111111111111111111111111111111111111111111111111111111111111[0m
23: [0m[ 4][t 0][2026-09-12 15:00:20.772383087][transaction.cpp:455]	last_paid=0; cells=32 bits=10595[0m
23: [0m[ 4][t 0][2026-09-12 15:00:20.772386137][transaction.cpp:685]	end of Account.unpack() for 2:1111111111111111111111111111111111111111111111111111111111111111 (balance = 0ng ; last_trans_lt = 40000001..40000002)[0m
23: [0m[ 4][t 0][2026-09-12 15:00:28.245523288][transaction.cpp:622]	unpacking account 2222222222222222222222222222222222222222222222222222222222222222[0m
23: [0m[ 4][t 0][2026-09-12 15:00:28.245538202][transaction.cpp:455]	last_paid=0; cells=10 bits=3308[0m
23: [0m[ 4][t 0][2026-09-12 15:00:28.245542431][transaction.cpp:685]	end of Account.unpack() for 2:2222222222222222222222222222222222222222222222222222222222222222 (balance = 0ng ; last_trans_lt = 8000001..8000002)[0m
23: REAL_RETRY_AFTER_UNPUBLISHED_SAME_AUTH
23: [0m[ 4][t 0][2026-09-12 15:00:59.326730458][mc-config.cpp:572]	workchain description dictionary created[0m
23: [0m[ 4][t 0][2026-09-12 15:00:59.326875854][mc-config.cpp:2347]	unpacked info for workchain 0: basic=true, active=true, accept_msgs=true, min_split=0, max_split=0[0m
23: [0m[ 4][t 0][2026-09-12 15:00:59.326880032][mc-config.cpp:2347]	unpacked info for workchain 2: basic=true, active=true, accept_msgs=true, min_split=0, max_split=0[0m
23: [0m[ 4][t 0][2026-09-12 15:00:59.326954562][mc-config.cpp:572]	workchain description dictionary created[0m
23: [0m[ 4][t 0][2026-09-12 15:00:59.326957522][mc-config.cpp:2347]	unpacked info for workchain 0: basic=true, active=true, accept_msgs=true, min_split=0, max_split=0[0m
23: [0m[ 4][t 0][2026-09-12 15:00:59.326959801][mc-config.cpp:2347]	unpacked info for workchain 2: basic=true, active=true, accept_msgs=true, min_split=0, max_split=0[0m
23: [0m[ 4][t 0][2026-09-12 15:00:59.326983024][transaction.cpp:622]	unpacking account 0000000000000000000000000000000000000000000000000000000000000000[0m
23: [0m[ 4][t 0][2026-09-12 15:00:59.326996052][transaction.cpp:455]	last_paid=0; cells=8 bits=1848[0m
23: [0m[ 4][t 0][2026-09-12 15:00:59.327003419][transaction.cpp:685]	end of Account.unpack() for 2:0000000000000000000000000000000000000000000000000000000000000000 (balance = 21024996320ng ; last_trans_lt = 38000001..38000002)[0m
23: [0m[ 4][t 0][2026-09-12 15:00:59.327020858][transaction.cpp:622]	unpacking account FFFFFFFFFFFFFFFFFFFFFFFFFFFFFFFFFFFFFFFFFFFFFFFFFFFFFFFFFFFFFFFF[0m
23: [0m[ 4][t 0][2026-09-12 15:00:59.327024107][transaction.cpp:455]	last_paid=0; cells=3 bits=132[0m
23: [0m[ 4][t 0][2026-09-12 15:00:59.327027161][transaction.cpp:685]	end of Account.unpack() for 2:FFFFFFFFFFFFFFFFFFFFFFFFFFFFFFFFFFFFFFFFFFFFFFFFFFFFFFFFFFFFFFFF (balance = 4989999630ng ; last_trans_lt = 38000001..38000002)[0m
23: [0m[ 4][t 0][2026-09-12 15:00:59.328897731][transaction.cpp:622]	unpacking account 1111111111111111111111111111111111111111111111111111111111111111[0m
23: [0m[ 4][t 0][2026-09-12 15:00:59.328910716][transaction.cpp:455]	last_paid=0; cells=26 bits=8514[0m
23: [0m[ 4][t 0][2026-09-12 15:00:59.328914664][transaction.cpp:685]	end of Account.unpack() for 2:1111111111111111111111111111111111111111111111111111111111111111 (balance = 0ng ; last_trans_lt = 38000001..38000002)[0m
23: [0m[ 4][t 0][2026-09-12 15:01:05.801372001][transaction.cpp:622]	unpacking account 2222222222222222222222222222222222222222222222222222222222222222[0m
23: [0m[ 4][t 0][2026-09-12 15:01:05.801398805][transaction.cpp:455]	last_paid=0; cells=10 bits=3308[0m
23: [0m[ 4][t 0][2026-09-12 15:01:05.801404001][transaction.cpp:685]	end of Account.unpack() for 2:2222222222222222222222222222222222222222222222222222222222222222 (balance = 0ng ; last_trans_lt = 8000001..8000002)[0m
23: [0m[ 4][t 0][2026-09-12 15:01:06.766185689][transaction.cpp:622]	unpacking account 0000000000000000000000000000000000000000000000000000000000000000[0m
23: [0m[ 4][t 0][2026-09-12 15:01:06.766196509][transaction.cpp:455]	last_paid=0; cells=6 bits=1030[0m
23: [0m[ 4][t 0][2026-09-12 15:01:06.766200178][transaction.cpp:685]	end of Account.unpack() for 2:0000000000000000000000000000000000000000000000000000000000000000 (balance = 21018000250ng ; last_trans_lt = 40000001..40000002)[0m
23: [0m[ 4][t 0][2026-09-12 15:01:06.766207194][transaction.cpp:622]	unpacking account FFFFFFFFFFFFFFFFFFFFFFFFFFFFFFFFFFFFFFFFFFFFFFFFFFFFFFFFFFFFFFFF[0m
23: [0m[ 4][t 0][2026-09-12 15:01:06.766210264][transaction.cpp:455]	last_paid=0; cells=3 bits=132[0m
23: [0m[ 4][t 0][2026-09-12 15:01:06.766212678][transaction.cpp:685]	end of Account.unpack() for 2:FFFFFFFFFFFFFFFFFFFFFFFFFFFFFFFFFFFFFFFFFFFFFFFFFFFFFFFFFFFFFFFF (balance = 4996995692ng ; last_trans_lt = 40000001..40000002)[0m
23: [0m[ 4][t 0][2026-09-12 15:01:06.768557180][mc-config.cpp:572]	workchain description dictionary created[0m
23: [0m[ 4][t 0][2026-09-12 15:01:06.768565657][mc-config.cpp:2347]	unpacked info for workchain 0: basic=true, active=true, accept_msgs=true, min_split=0, max_split=0[0m
23: [0m[ 4][t 0][2026-09-12 15:01:06.768568761][mc-config.cpp:2347]	unpacked info for workchain 2: basic=true, active=true, accept_msgs=true, min_split=0, max_split=0[0m
23: [0m[ 4][t 0][2026-09-12 15:01:06.768591236][transaction.cpp:622]	unpacking account 0000000000000000000000000000000000000000000000000000000000000000[0m
23: [0m[ 4][t 0][2026-09-12 15:01:06.768597623][transaction.cpp:455]	last_paid=0; cells=8 bits=1848[0m
23: [0m[ 4][t 0][2026-09-12 15:01:06.768601062][transaction.cpp:685]	end of Account.unpack() for 2:0000000000000000000000000000000000000000000000000000000000000000 (balance = 21024996320ng ; last_trans_lt = 38000001..38000002)[0m
23: [0m[ 4][t 0][2026-09-12 15:01:06.769588599][transaction.cpp:622]	unpacking account 1111111111111111111111111111111111111111111111111111111111111111[0m
23: [0m[ 4][t 0][2026-09-12 15:01:06.769594561][transaction.cpp:455]	last_paid=0; cells=32 bits=10595[0m
23: [0m[ 4][t 0][2026-09-12 15:01:06.769597417][transaction.cpp:685]	end of Account.unpack() for 2:1111111111111111111111111111111111111111111111111111111111111111 (balance = 0ng ; last_trans_lt = 40000001..40000002)[0m
23: [0m[ 4][t 0][2026-09-12 15:01:14.239254235][transaction.cpp:622]	unpacking account 2222222222222222222222222222222222222222222222222222222222222222[0m
23: [0m[ 4][t 0][2026-09-12 15:01:14.239269565][transaction.cpp:455]	last_paid=0; cells=10 bits=3308[0m
23: [0m[ 4][t 0][2026-09-12 15:01:14.239274112][transaction.cpp:685]	end of Account.unpack() for 2:2222222222222222222222222222222222222222222222222222222222222222 (balance = 0ng ; last_trans_lt = 8000001..8000002)[0m
23: REAL_VERIFIER_RED:SWEEP_CONSUMED_SAME_HEIGHT
23: ORACLE_MISSING:SWEEP_CONSUMED_SAME_HEIGHT
23: [0m[ 4][t 0][2026-09-12 15:01:44.740599936][mc-config.cpp:572]	workchain description dictionary created[0m
23: [0m[ 4][t 0][2026-09-12 15:01:44.740746933][mc-config.cpp:2347]	unpacked info for workchain 0: basic=true, active=true, accept_msgs=true, min_split=0, max_split=0[0m
23: [0m[ 4][t 0][2026-09-12 15:01:44.740753743][mc-config.cpp:2347]	unpacked info for workchain 2: basic=true, active=true, accept_msgs=true, min_split=0, max_split=0[0m
23: [0m[ 4][t 0][2026-09-12 15:01:44.740822259][mc-config.cpp:572]	workchain description dictionary created[0m
23: [0m[ 4][t 0][2026-09-12 15:01:44.740825253][mc-config.cpp:2347]	unpacked info for workchain 0: basic=true, active=true, accept_msgs=true, min_split=0, max_split=0[0m
23: [0m[ 4][t 0][2026-09-12 15:01:44.740827487][mc-config.cpp:2347]	unpacked info for workchain 2: basic=true, active=true, accept_msgs=true, min_split=0, max_split=0[0m
23: [0m[ 4][t 0][2026-09-12 15:01:44.740850812][transaction.cpp:622]	unpacking account 0000000000000000000000000000000000000000000000000000000000000000[0m
23: [0m[ 4][t 0][2026-09-12 15:01:44.740866678][transaction.cpp:455]	last_paid=0; cells=8 bits=1848[0m
23: [0m[ 4][t 0][2026-09-12 15:01:44.740876930][transaction.cpp:685]	end of Account.unpack() for 2:0000000000000000000000000000000000000000000000000000000000000000 (balance = 21024996320ng ; last_trans_lt = 38000001..38000002)[0m
23: [0m[ 4][t 0][2026-09-12 15:01:44.740898117][transaction.cpp:622]	unpacking account FFFFFFFFFFFFFFFFFFFFFFFFFFFFFFFFFFFFFFFFFFFFFFFFFFFFFFFFFFFFFFFF[0m
23: [0m[ 4][t 0][2026-09-12 15:01:44.740902062][transaction.cpp:455]	last_paid=0; cells=3 bits=132[0m
23: [0m[ 4][t 0][2026-09-12 15:01:44.740905163][transaction.cpp:685]	end of Account.unpack() for 2:FFFFFFFFFFFFFFFFFFFFFFFFFFFFFFFFFFFFFFFFFFFFFFFFFFFFFFFFFFFFFFFF (balance = 4989999630ng ; last_trans_lt = 38000001..38000002)[0m
23: [0m[ 4][t 0][2026-09-12 15:01:44.742785504][transaction.cpp:622]	unpacking account 1111111111111111111111111111111111111111111111111111111111111111[0m
23: [0m[ 4][t 0][2026-09-12 15:01:44.742798055][transaction.cpp:455]	last_paid=0; cells=26 bits=8514[0m
23: [0m[ 4][t 0][2026-09-12 15:01:44.742802640][transaction.cpp:685]	end of Account.unpack() for 2:1111111111111111111111111111111111111111111111111111111111111111 (balance = 0ng ; last_trans_lt = 38000001..38000002)[0m
23: [0m[ 4][t 0][2026-09-12 15:01:51.331480707][transaction.cpp:622]	unpacking account 2222222222222222222222222222222222222222222222222222222222222222[0m
23: [0m[ 4][t 0][2026-09-12 15:01:51.331523370][transaction.cpp:455]	last_paid=0; cells=10 bits=3308[0m
23: [0m[ 4][t 0][2026-09-12 15:01:51.331528741][transaction.cpp:685]	end of Account.unpack() for 2:2222222222222222222222222222222222222222222222222222222222222222 (balance = 0ng ; last_trans_lt = 8000001..8000002)[0m
23: [0m[ 4][t 0][2026-09-12 15:01:52.288007115][transaction.cpp:622]	unpacking account 0000000000000000000000000000000000000000000000000000000000000000[0m
23: [0m[ 4][t 0][2026-09-12 15:01:52.288022997][transaction.cpp:455]	last_paid=0; cells=6 bits=1030[0m
23: [0m[ 4][t 0][2026-09-12 15:01:52.288027071][transaction.cpp:685]	end of Account.unpack() for 2:0000000000000000000000000000000000000000000000000000000000000000 (balance = 21018000250ng ; last_trans_lt = 40000001..40000002)[0m
23: [0m[ 4][t 0][2026-09-12 15:01:52.288035461][transaction.cpp:622]	unpacking account FFFFFFFFFFFFFFFFFFFFFFFFFFFFFFFFFFFFFFFFFFFFFFFFFFFFFFFFFFFFFFFF[0m
23: [0m[ 4][t 0][2026-09-12 15:01:52.288038546][transaction.cpp:455]	last_paid=0; cells=3 bits=132[0m
23: [0m[ 4][t 0][2026-09-12 15:01:52.288040947][transaction.cpp:685]	end of Account.unpack() for 2:FFFFFFFFFFFFFFFFFFFFFFFFFFFFFFFFFFFFFFFFFFFFFFFFFFFFFFFFFFFFFFFF (balance = 4996995692ng ; last_trans_lt = 40000001..40000002)[0m
23: [0m[ 4][t 0][2026-09-12 15:01:52.290431155][mc-config.cpp:572]	workchain description dictionary created[0m
23: [0m[ 4][t 0][2026-09-12 15:01:52.290440743][mc-config.cpp:2347]	unpacked info for workchain 0: basic=true, active=true, accept_msgs=true, min_split=0, max_split=0[0m
23: [0m[ 4][t 0][2026-09-12 15:01:52.290443683][mc-config.cpp:2347]	unpacked info for workchain 2: basic=true, active=true, accept_msgs=true, min_split=0, max_split=0[0m
23: [0m[ 4][t 0][2026-09-12 15:01:52.290465961][transaction.cpp:622]	unpacking account 0000000000000000000000000000000000000000000000000000000000000000[0m
23: [0m[ 4][t 0][2026-09-12 15:01:52.290472942][transaction.cpp:455]	last_paid=0; cells=8 bits=1848[0m
23: [0m[ 4][t 0][2026-09-12 15:01:52.290476559][transaction.cpp:685]	end of Account.unpack() for 2:0000000000000000000000000000000000000000000000000000000000000000 (balance = 21024996320ng ; last_trans_lt = 38000001..38000002)[0m
23: [0m[ 4][t 0][2026-09-12 15:01:52.291460868][transaction.cpp:622]	unpacking account 1111111111111111111111111111111111111111111111111111111111111111[0m
23: [0m[ 4][t 0][2026-09-12 15:01:52.291467386][transaction.cpp:455]	last_paid=0; cells=32 bits=10595[0m
23: [0m[ 4][t 0][2026-09-12 15:01:52.291470498][transaction.cpp:685]	end of Account.unpack() for 2:1111111111111111111111111111111111111111111111111111111111111111 (balance = 0ng ; last_trans_lt = 40000001..40000002)[0m
23: [0m[ 4][t 0][2026-09-12 15:01:59.611634848][transaction.cpp:622]	unpacking account 2222222222222222222222222222222222222222222222222222222222222222[0m
23: [0m[ 4][t 0][2026-09-12 15:01:59.611655415][transaction.cpp:455]	last_paid=0; cells=10 bits=3308[0m
23: [0m[ 4][t 0][2026-09-12 15:01:59.611659594][transaction.cpp:685]	end of Account.unpack() for 2:2222222222222222222222222222222222222222222222222222222222222222 (balance = 0ng ; last_trans_lt = 8000001..8000002)[0m
23: COMPLETION_REAL_RED:D63_SAME_BATCH
23: ORACLE_MISSING:D63_SAME_BATCH
23: ATOMICITY_SCOPE:section9.3 architecture; no premature-publication control; regression gap open
23: WITHDRAWAL-COMPLETION_D78_OBSERVED:test-workchain-withdrawal-completion-sweep-atomic
1/1 Test #23: test-workchain-withdrawal-completion-sweep-atomic ...   Passed  613.46 sec

The following tests passed:
	test-workchain-withdrawal-completion-sweep-atomic

100% tests passed, 0 tests failed out of 1

Total Test time (real) = 613.47 sec
Internal ctest changing into directory: /tmp/uno-merge-6ea2fbf80-tL5Uih
UpdateCTestConfiguration  from :/tmp/uno-merge-6ea2fbf80-tL5Uih/DartConfiguration.tcl
UpdateCTestConfiguration  from :/tmp/uno-merge-6ea2fbf80-tL5Uih/DartConfiguration.tcl
Test project /tmp/uno-merge-6ea2fbf80-tL5Uih
Constructing a list of tests
Done constructing a list of tests
Updating test list for fixtures
Added 0 tests to meet fixture requirements
Checking test dependency graph...
Checking test dependency graph end
test 24
    Start 24: test-workchain-withdrawal-completion-oracle-control

24: Test command: /home/tomi/.local/bin/python3 "/home/tomi/tos/test/uno-m3-live.py" "--build" "/tmp/uno-merge-6ea2fbf80-tL5Uih" "--completion-contract" "oracle-control"
24: Test timeout computed to be: 60
24: COMPLETION_RUN:/tmp/uno-completion-bucket-4s0akbf0
24: COMPLETION_META_REAL_OBSERVATION:row4:ROW4_TRIGGERED
24: ORACLE_MISSING:ROW4_TRIGGERED
24: COMPLETION_META_REAL_OBSERVATION:row6:LATE_NOT_ROW3
24: ORACLE_MISSING:LATE_NOT_ROW3
24: COMPLETION_META_REAL_OBSERVATION:row5:DELTA_P
24: ORACLE_MISSING:DELTA_P
24: COMPLETION_META_REAL_OBSERVATION:bucket-small:BUCKET_FIXED_ATTRIBUTION
24: ORACLE_MISSING:BUCKET_FIXED_ATTRIBUTION
24: COMPLETION_META_REAL_OBSERVATION:bucket-full:BUCKET_FIXED_ATTRIBUTION
24: ORACLE_MISSING:BUCKET_FIXED_ATTRIBUTION
24: COMPLETION_META_REAL_OBSERVATION:bucket-closed:BUCKET_FIXED_ATTRIBUTION
24: ORACLE_MISSING:BUCKET_FIXED_ATTRIBUTION
24: COMPLETION_META_REAL_OBSERVATION:sweep-atomic:D63_3_FEE_DESTINATIONS
24: ORACLE_MISSING:D63_3_FEE_DESTINATIONS
24: ORACLE_CONTROL_DRIVER_MISSING
24: WITHDRAWAL-COMPLETION_D78_OBSERVED:test-workchain-withdrawal-completion-oracle-control
1/1 Test #24: test-workchain-withdrawal-completion-oracle-control ...   Passed    0.08 sec

The following tests passed:
	test-workchain-withdrawal-completion-oracle-control

100% tests passed, 0 tests failed out of 1

Total Test time (real) =   0.11 sec
WITHDRAWAL-COMPLETION_D78_TESTS_EXECUTED: independent observation/source review still required

READINESS_EXIT 0
CAPACITY_END
Filesystem                            1B-blocks         Used    Available Use% Mounted on
/dev/mapper/ubuntu--vg-ubuntu--lv 1004298338304 547100102656 415249895424  57% /

CAPACITY_SAMPLES_IN_OBSERVATION_ORDER
Filesystem                            1B-blocks         Used    Available Use% Mounted on
/dev/mapper/ubuntu--vg-ubuntu--lv 1004298338304 594572505088 367777492992  62% /
Filesystem                            1B-blocks         Used    Available Use% Mounted on
/dev/mapper/ubuntu--vg-ubuntu--lv 1004298338304 598639595520 363710402560  63% /
Filesystem                            1B-blocks         Used    Available Use% Mounted on
/dev/mapper/ubuntu--vg-ubuntu--lv 1004298338304 602418577408 359931420672  63% /
Filesystem                            1B-blocks         Used    Available Use% Mounted on
/dev/mapper/ubuntu--vg-ubuntu--lv 1004298338304 604202225664 358147772416  63% /
Filesystem                            1B-blocks         Used    Available Use% Mounted on
/dev/mapper/ubuntu--vg-ubuntu--lv 1004298338304 604675768320 357674229760  63% /
Filesystem                            1B-blocks         Used    Available Use% Mounted on
/dev/mapper/ubuntu--vg-ubuntu--lv 1004298338304 573867384832 388482613248  60% /
Filesystem                            1B-blocks         Used    Available Use% Mounted on
/dev/mapper/ubuntu--vg-ubuntu--lv 1004298338304 506216992768 456133005312  53% /
Filesystem                            1B-blocks         Used    Available Use% Mounted on
/dev/mapper/ubuntu--vg-ubuntu--lv 1004298338304 507435814912 454914183168  53% /
Filesystem                            1B-blocks         Used    Available Use% Mounted on
/dev/mapper/ubuntu--vg-ubuntu--lv 1004298338304 508141658112 454208339968  53% /
Filesystem                            1B-blocks         Used    Available Use% Mounted on
/dev/mapper/ubuntu--vg-ubuntu--lv 1004298338304 510410797056 451939201024  54% /
Filesystem                            1B-blocks         Used    Available Use% Mounted on
/dev/mapper/ubuntu--vg-ubuntu--lv 1004298338304 510415024128 451934973952  54% /
Filesystem                            1B-blocks         Used    Available Use% Mounted on
/dev/mapper/ubuntu--vg-ubuntu--lv 1004298338304 513057886208 449292111872  54% /
Filesystem                            1B-blocks         Used    Available Use% Mounted on
/dev/mapper/ubuntu--vg-ubuntu--lv 1004298338304 513548132352 448801865728  54% /
Filesystem                            1B-blocks         Used    Available Use% Mounted on
/dev/mapper/ubuntu--vg-ubuntu--lv 1004298338304 514858151936 447491846144  54% /
Filesystem                            1B-blocks         Used    Available Use% Mounted on
/dev/mapper/ubuntu--vg-ubuntu--lv 1004298338304 516681359360 445668638720  54% /
Filesystem                            1B-blocks         Used    Available Use% Mounted on
/dev/mapper/ubuntu--vg-ubuntu--lv 1004298338304 517366849536 444983148544  54% /
Filesystem                            1B-blocks         Used    Available Use% Mounted on
/dev/mapper/ubuntu--vg-ubuntu--lv 1004298338304 519815757824 442534240256  55% /
Filesystem                            1B-blocks         Used    Available Use% Mounted on
/dev/mapper/ubuntu--vg-ubuntu--lv 1004298338304 520353189888 441996808192  55% /
Filesystem                            1B-blocks         Used    Available Use% Mounted on
/dev/mapper/ubuntu--vg-ubuntu--lv 1004298338304 521223413760 441126584320  55% /
Filesystem                            1B-blocks         Used    Available Use% Mounted on
/dev/mapper/ubuntu--vg-ubuntu--lv 1004298338304 524701356032 437648642048  55% /
Filesystem                            1B-blocks         Used    Available Use% Mounted on
/dev/mapper/ubuntu--vg-ubuntu--lv 1004298338304 525045964800 437304033280  55% /
Filesystem                            1B-blocks         Used    Available Use% Mounted on
/dev/mapper/ubuntu--vg-ubuntu--lv 1004298338304 526160433152 436189564928  55% /
Filesystem                            1B-blocks         Used    Available Use% Mounted on
/dev/mapper/ubuntu--vg-ubuntu--lv 1004298338304 529530363904 432819634176  56% /
Filesystem                            1B-blocks         Used    Available Use% Mounted on
/dev/mapper/ubuntu--vg-ubuntu--lv 1004298338304 529873375232 432476622848  56% /
Filesystem                            1B-blocks         Used    Available Use% Mounted on
/dev/mapper/ubuntu--vg-ubuntu--lv 1004298338304 530986348544 431363649536  56% /
Filesystem                            1B-blocks         Used    Available Use% Mounted on
/dev/mapper/ubuntu--vg-ubuntu--lv 1004298338304 531077881856 431272116224  56% /
Filesystem                            1B-blocks         Used    Available Use% Mounted on
/dev/mapper/ubuntu--vg-ubuntu--lv 1004298338304 533197402112 429152595968  56% /
Filesystem                            1B-blocks         Used    Available Use% Mounted on
/dev/mapper/ubuntu--vg-ubuntu--lv 1004298338304 533350309888 428999688192  56% /
Filesystem                            1B-blocks         Used    Available Use% Mounted on
/dev/mapper/ubuntu--vg-ubuntu--lv 1004298338304 533545005056 428804993024  56% /
Filesystem                            1B-blocks         Used    Available Use% Mounted on
/dev/mapper/ubuntu--vg-ubuntu--lv 1004298338304 536777265152 425572732928  56% /
Filesystem                            1B-blocks         Used    Available Use% Mounted on
/dev/mapper/ubuntu--vg-ubuntu--lv 1004298338304 536857767936 425492230144  56% /
Filesystem                            1B-blocks         Used    Available Use% Mounted on
/dev/mapper/ubuntu--vg-ubuntu--lv 1004298338304 538075451392 424274546688  56% /
Filesystem                            1B-blocks         Used    Available Use% Mounted on
/dev/mapper/ubuntu--vg-ubuntu--lv 1004298338304 538605363200 423744634880  56% /
Filesystem                            1B-blocks         Used    Available Use% Mounted on
/dev/mapper/ubuntu--vg-ubuntu--lv 1004298338304 539095044096 423254953984  57% /
Filesystem                            1B-blocks         Used    Available Use% Mounted on
/dev/mapper/ubuntu--vg-ubuntu--lv 1004298338304 543233613824 419116384256  57% /
Filesystem                            1B-blocks         Used    Available Use% Mounted on
/dev/mapper/ubuntu--vg-ubuntu--lv 1004298338304 543577341952 418772656128  57% /
Filesystem                            1B-blocks         Used    Available Use% Mounted on
/dev/mapper/ubuntu--vg-ubuntu--lv 1004298338304 543819948032 418530050048  57% /
Filesystem                            1B-blocks         Used    Available Use% Mounted on
/dev/mapper/ubuntu--vg-ubuntu--lv 1004298338304 544058433536 418291564544  57% /
Filesystem                            1B-blocks         Used    Available Use% Mounted on
/dev/mapper/ubuntu--vg-ubuntu--lv 1004298338304 544387510272 417962487808  57% /
Filesystem                            1B-blocks         Used    Available Use% Mounted on
/dev/mapper/ubuntu--vg-ubuntu--lv 1004298338304 544394895360 417955102720  57% /
Filesystem                            1B-blocks         Used    Available Use% Mounted on
/dev/mapper/ubuntu--vg-ubuntu--lv 1004298338304 544870387712 417479610368  57% /
Filesystem                            1B-blocks         Used    Available Use% Mounted on
/dev/mapper/ubuntu--vg-ubuntu--lv 1004298338304 547100069888 415249928192  57% /
Filesystem                            1B-blocks         Used    Available Use% Mounted on
/dev/mapper/ubuntu--vg-ubuntu--lv 1004298338304 544952619008 417397379072  57% /
